nomor_pendaftaran,kode_mata_pelajaran,nilai_tka
426348441,300110000,49.28
426243866,401250100,25.68
426326729,300210000,5.00
426418237,300110000,45.95
426740515,401000000,30.66
426378805,300210000,25.88
426271892,300110000,52.63
426217150,401121000,54.64
426397176,401000000,26.21
426679042,300110000,52.94
426202748,300110000,63.87
426361398,401110200,46.99
426470475,401250100,5.00
426745224,401121000,47.83
426680978,401241000,57.07
426540960,300210000,46.36
426717603,401000000,27.34
426410701,401110200,68.97
426128331,401000000,25.38
426130368,401130000,25.81
426072541,300110000,57.86
426171194,600070100,41.39
426257890,401000000,34.04
426704850,401000000,29.65
426242547,300110000,49.75
426337104,401000000,58.30
426232808,300110000,71.71
426632395,300210000,20.87
426141367,300210000,5.00
426132659,300110000,44.85
426166678,300110000,41.53
426819454,600070100,58.22
426247446,401130100,37.82
426030667,401110200,61.96
426626835,401002000,30.13
426545705,300130000,56.96
426754878,401241000,60.11
426182243,300110000,54.34
426537562,401241000,44.46
426747254,401241000,59.60
426236238,401000000,35.59
426815380,401000000,35.22
426214654,401250100,35.60
426616262,300210000,5.00
426297113,300110000,66.22
426404937,300210000,53.26
426343267,300210000,24.45
426350723,300110000,63.48
426611475,401220000,70.12
426831271,401000000,28.02
426053137,300210000,5.00
426336511,300110000,70.87
426409395,300210000,24.40
426237505,300210000,23.52
426398355,300210000,5.00
426711097,200010300,70.70
426550308,401000000,33.07
426800513,300210000,15.71
426025805,300110000,43.07
426625668,300210000,30.80
426593268,401110200,53.00
426660953,401130100,28.39
426263105,401250100,68.29
426628048,401241000,79.65
426152899,300210000,23.41
426619203,300110000,53.55
426535782,300210000,29.19
426766888,401250100,43.94
426333045,401230000,45.52
426822375,401000000,41.35
426126302,300210000,5.00
426717603,300110000,31.12
426623515,401130000,41.98
426388863,401000000,34.09
426520740,300210000,5.00
426540771,300110000,64.20
426480677,401110200,50.81
426579785,401002000,52.16
426345020,401110200,38.64
426220697,300210000,30.48
426762352,300110000,64.19
426534184,300130000,54.48
426754878,401110200,66.45
426519588,200010000,78.88
426524786,401130100,42.04
426568258,300110000,5.00
426475313,300110000,56.94
426024722,600070100,57.35
426389227,300210000,5.00
426632156,300210000,27.42
426770160,300210000,23.72
426379524,300210000,20.45
426064006,300210000,38.44
426540771,401110200,52.02
426376135,401241000,35.25
426571007,300110000,68.34
426017125,300210000,22.84
426256521,401121000,41.88
426476968,401220000,61.31
426138533,300110000,43.35
426575002,300110000,40.20
426345317,401130000,40.28
426472532,300110000,37.52
426526161,200010300,43.87
426380261,401000000,36.63
426187507,200010300,76.58
426764104,401000000,34.47
426016354,300110000,64.85
426593268,401130100,21.75
426395211,300210000,45.02
426804045,200010300,85.40
426397159,300110000,56.66
426277154,401121000,40.88
426378750,401002000,42.49
426201469,401000000,50.77
426698323,300110000,62.08
426260602,401000000,35.30
426216442,300210000,43.43
426432686,401000000,25.87
426127104,401130100,25.17
426349620,401000000,36.24
426393936,401000000,28.87
426690383,401250100,31.46
426622988,300130000,65.17
426640226,300110000,69.08
426606898,300210000,8.79
426066748,600070100,54.70
426625704,401250100,22.04
426130688,600070100,73.88
426315804,401110200,58.37
426183055,300210000,18.90
426598806,300210000,16.21
426071761,401240000,54.10
426687928,401250100,49.44
426641168,401241000,50.48
426141212,401130100,32.42
426062287,300110000,71.94
426597969,600070100,31.28
426728408,300210000,11.37
426136340,300210000,5.00
426138107,401121000,85.24
426588816,401002000,41.10
426472140,401220000,59.08
426376135,300210000,26.03
426719879,401000000,49.16
426639261,300110000,66.03
426259068,300210000,24.63
426535924,300210000,29.67
426796613,401000000,43.31
426198270,300110000,72.57
426570769,401220000,72.28
426237974,300110000,59.31
426148143,300210000,59.11
426614187,401250100,31.32
426209306,401110200,57.17
426429099,300130000,71.64
426069801,401220000,79.59
426157204,401000000,46.23
426341477,401000000,42.57
426292110,300110000,41.38
426564200,300210000,5.00
426132686,300110000,47.64
426345106,300210000,18.91
426717828,300130000,56.54
426107810,300110000,62.24
426004070,300210000,27.02
426801402,300110000,50.83
426246609,300210000,22.52
426341768,300110000,45.32
426145649,401130100,28.57
426464576,401110200,54.89
426345647,401240000,63.46
426351561,300210000,44.60
426712859,401110200,45.01
426525739,300110000,33.19
426007195,300110000,55.57
426623667,300210000,42.91
426051016,300210000,5.00
426000009,401000000,48.87
426562175,300110000,54.29
426564653,401110200,69.05
426289155,300210000,22.84
426728408,401110200,43.16
426742107,300210000,23.72
426144688,401000000,31.70
426127061,401000000,32.34
426768428,401130100,31.67
426737408,300110000,54.51
426144688,401130100,29.28
426069973,401000000,35.10
426619753,401000000,41.04
426560394,300110000,60.05
426153403,300210000,5.00
426195622,300110000,41.07
426722427,401110200,46.94
426352214,401002000,45.15
426123417,300110000,45.50
426398355,401220000,63.27
426578449,300210000,26.96
426479270,401130100,60.05
426132641,300110000,63.32
426838102,401250100,36.95
426231326,401000000,39.54
426341762,401241000,63.47
426633311,401110200,56.85
426572486,401000000,41.01
426648493,300210000,54.23
426145050,401110200,53.16
426291159,300210000,17.91
426105566,401002000,36.76
426150942,401000000,46.47
426140216,401121000,5.00
426668776,300110000,45.28
426141142,401000000,49.26
426217402,200010300,55.67
426287274,401110200,53.41
426345098,401250100,39.14
426368046,300110000,68.90
426525135,300110000,40.78
426124425,401002000,33.90
426201874,300110000,50.51
426757572,401121000,45.51
426395223,401110200,74.05
426779299,401121000,57.61
426464159,300210000,22.61
426764104,300210000,35.54
426278470,300130000,86.26
426782357,300110000,50.97
426105566,300210000,21.81
426336197,401241000,76.84
426443109,300130000,61.72
426464646,401000000,46.90
426578399,200010300,61.71
426350838,401130100,38.85
426271892,600070100,59.40
426519281,300210000,20.63
426723035,300110000,70.86
426535782,300110000,60.30
426719235,401000000,32.31
426652737,401121000,47.51
426587324,300210000,34.20
426134895,401000000,71.51
426667692,401000000,19.69
426404414,300210000,35.72
426712713,401241000,53.80
426148422,300110000,46.54
426688804,401110200,59.32
426634240,300210000,5.00
426679446,401240000,40.68
426726370,300130000,69.85
426540688,300210000,26.37
426121231,300110000,56.50
426332782,401121000,49.83
426024722,300210000,20.93
426015218,401240000,54.93
426634240,401000000,30.43
426159077,600070100,73.90
426813750,600070100,36.04
426181282,300110000,41.44
426260635,300210000,22.97
426409395,401000000,29.97
426238672,401110200,38.88
426315559,401130000,31.78
426162254,401130100,26.80
426341676,300210000,20.97
426375455,401000000,21.19
426706025,300130000,50.87
426728408,401000000,36.55
426195622,600070100,48.68
426580020,300110000,44.71
426164688,300210000,30.12
426772964,300210000,5.00
426149305,300110000,51.60
426805182,300310100,43.49
426441040,401000000,42.73
426839151,300210000,25.13
426620507,200010000,59.17
426078463,300110000,55.05
426407262,300210000,20.38
426561381,401121000,39.62
426571249,401000000,66.18
426157204,300210000,23.47
426729998,401250100,34.13
426480985,300210000,15.26
426737408,300210000,28.56
426066204,600070100,54.39
426241598,600070100,57.08
426029449,300110000,67.84
426623012,300210000,47.79
426624351,401250100,24.75
426120353,401000000,36.22
426806222,300110000,53.43
426155579,600070100,57.12
426029883,300110000,42.98
426611287,401220000,72.70
426139201,300210000,23.01
426469474,300210000,27.46
426134211,300210000,5.00
426193764,300210000,17.69
426686065,401002000,13.77
426729060,300210000,23.75
426375455,200010300,55.93
426690579,300210000,33.28
426815380,300110000,66.16
426346019,401110200,51.77
426015299,401110200,58.17
426141367,401000000,32.55
426719235,300210000,23.10
426346990,300210000,30.17
426262637,401130100,44.47
426030667,401000000,50.23
426171269,401000000,42.28
426336403,300110000,68.38
426397159,401121000,85.86
426279230,401230000,56.95
426540960,401110200,65.91
426145649,300110000,47.09
426519382,401241000,56.20
426833562,300210000,61.23
426406075,401000000,41.60
426663192,401110200,57.93
426234048,401000000,40.00
426830979,300210000,5.00
426760920,401230000,76.82
426459410,300210000,24.59
426716684,300110000,66.48
426401203,401110200,41.62
426814281,401220000,79.73
426169870,401250100,49.11
426694683,300110000,48.88
426627294,401000000,43.29
426137086,300110000,73.58
426400609,401250100,36.60
426360027,300230000,38.44
426468728,200010300,56.64
426330042,401121000,60.93
426244497,300210000,22.83
426566532,300130000,57.53
426548194,200010300,71.08
426464600,300110000,62.24
426574556,401110200,42.43
426281738,300210000,42.02
426255231,300110000,51.70
426246300,300110000,42.67
426088298,300110000,59.52
426578399,300130000,75.20
426758281,401250100,21.63
426556699,300110000,53.75
426348194,401000000,26.98
426241343,300110000,63.03
426435369,401130100,31.93
426394805,401220000,76.80
426292698,300130000,82.85
426528453,300210000,5.00
426236634,401241000,42.50
426610993,401000000,18.28
426676875,300110000,44.31
426803871,401110200,34.71
426199443,300210000,21.86
426791881,300210000,16.31
426138107,300210000,22.70
426074141,401000000,49.97
426675829,300110000,57.49
426441040,401110200,47.69
426796613,300110000,60.96
426669482,401000000,68.76
426018008,600070100,41.99
426435870,401000000,34.21
426212726,300210000,20.08
426247135,300110000,65.81
426482896,401230000,96.56
426488114,300110000,49.59
426377406,401130100,27.93
426237594,401000000,38.90
426469526,300210000,30.28
426397763,401240000,57.94
426389616,300110000,40.31
426394843,401000000,32.39
426135799,300110000,48.27
426574556,401130100,33.54
426395781,300110000,67.96
426527555,401240000,77.43
426596919,401110200,49.20
426209306,300210000,28.66
426522457,401110200,54.34
426752196,401000000,47.68
426668776,200010300,48.74
426703167,300210000,31.09
426610303,300210000,24.04
426169052,300210000,5.00
426525368,300130000,55.28
426666428,401000000,31.69
426477717,300210000,27.38
426398446,300110000,59.22
426752196,401121000,14.73
426151814,401110200,48.04
426397176,300110000,36.98
426459795,300110000,50.09
426130323,401110200,48.07
426688884,401000000,5.00
426406525,401250100,25.30
426466580,401000000,21.57
426476020,300210000,21.30
426803506,401110200,59.55
426233237,300210000,23.81
426607763,401130000,34.78
426469526,401000000,31.39
426238288,300110000,64.59
426362608,401000000,38.25
426734862,300130000,73.99
426697595,300110000,66.60
426623012,401000000,42.23
426505457,401121000,62.95
426644158,401250100,44.41
426243874,401002000,22.70
426237505,300110000,63.63
426210155,300210000,36.68
426564653,300110000,70.84
426693417,300110000,50.65
426480176,401000000,34.64
426173051,300110000,50.23
426488298,300210000,23.26
426409166,401230000,65.55
426568258,401110200,82.61
426275493,401240000,68.61
426170984,401110200,56.60
426519094,200010000,60.29
426291191,300130000,71.13
426474158,401130100,56.98
426706025,300210000,5.00
426330042,300110000,66.36
426392553,401000000,37.79
426698323,300210000,21.98
426682093,401000000,33.08
426582048,401000000,45.80
426714437,300210000,23.57
426785694,401000000,37.54
426315566,300110000,47.13
426016047,401121000,45.37
426690099,300210000,25.35
426422531,401000000,47.48
426155506,300210000,20.98
426077794,600070100,62.64
426571364,401000000,55.96
426587940,300210000,24.23
426582469,401110200,50.63
426677046,401000000,37.15
426335427,300110000,81.06
426155579,300210000,27.52
426746256,401000000,39.81
426712633,300110000,51.21
426836238,300210000,5.00
426345647,401000000,36.31
426793808,300110000,60.24
426338318,401000000,23.34
426510308,300110000,64.67
426617106,300230000,39.84
426252744,300110000,70.68
426151189,401220000,77.22
426245804,300110000,62.81
426132034,300110000,53.75
426347205,300230000,41.73
426134885,401250100,44.67
426441040,300110000,48.28
426233243,401110200,50.37
426217407,401000000,23.16
426207141,600070100,49.40
426341987,401220000,97.21
426243482,401000000,49.79
426137086,401110200,68.53
426804045,300110000,63.71
426518352,401000000,26.21
426785984,300210000,24.87
426464112,300210000,29.53
426140543,300210000,27.83
426339521,401000000,23.29
426639261,401000000,47.93
426051492,300110000,63.79
426569300,300210000,23.31
426395781,300210000,51.94
426341768,401000000,29.65
426519382,401000000,37.75
426404566,401220000,56.23
426418237,401110200,45.90
426726370,401000000,18.12
426257642,300110000,35.72
426192014,401002000,31.73
426231093,300210000,21.82
426698294,300130000,78.33
426685904,300210000,26.45
426150689,401121000,79.04
426018008,300110000,53.64
426465472,401241000,65.30
426135211,401130100,44.27
426062287,600070100,61.98
426759927,401250100,35.76
426069973,300110000,53.52
426632268,300210000,20.65
426687643,300210000,20.02
426061790,300210000,5.00
426762329,401110200,55.61
426443109,401260000,54.10
426525739,401130100,5.00
426254553,401000000,30.83
426315952,200010300,76.71
426147005,401241000,64.14
426245788,401121000,26.90
426460408,401110200,51.19
426625375,300210000,40.06
426571997,300110000,65.12
426318891,401000000,31.67
426334939,600070100,45.46
426140216,401000000,21.68
426835088,300110000,58.17
426243866,300110000,53.40
426626217,300110000,41.28
426391544,300210000,20.54
426402126,200010000,66.31
426237974,401130100,32.41
426486612,300210000,20.15
426379295,300210000,27.84
426035734,600070100,44.28
426032862,200010000,63.22
426450429,300130000,80.37
426360607,300210000,32.58
426440861,401130100,27.55
426408182,401000000,5.00
426140815,300210000,5.00
426127061,401110200,45.11
426594981,401000000,23.62
426719235,300110000,5.00
426078463,401250100,55.60
426391028,401000000,49.48
426394843,300210000,5.00
426327750,300210000,5.00
426829260,300110000,30.19
426395569,300210000,35.37
426780226,300210000,5.00
426802135,300210000,5.00
426464821,600070100,50.84
426812292,300210000,46.74
426596098,401000000,28.95
426596701,300110000,56.67
426076535,401000000,31.61
426562175,300210000,22.36
426671916,300110000,61.19
426398599,401240000,39.18
426600985,300110000,65.83
426565408,401240000,52.28
426237751,300110000,58.95
426664278,300110000,50.84
426749173,300210000,23.06
426315566,401002000,32.66
426460817,300110000,49.51
426793384,600070100,55.09
426351561,300110000,75.22
426690579,401002000,43.73
426004749,300210000,19.20
426232944,300210000,32.88
426753398,401000000,59.81
426804542,401110200,46.08
426233126,300210000,5.00
426141212,300210000,14.76
426703230,401241000,74.87
426132686,300130000,66.80
426344564,300110000,32.53
426187875,401250100,5.00
426450276,300130000,81.97
426522391,300110000,5.00
426194142,401121000,32.52
426675829,300210000,57.18
426460981,300210000,19.55
426327180,401250100,54.02
426233753,401230000,87.30
426571459,401000000,30.86
426141613,300110000,47.73
426167887,300210000,27.31
426348464,401000000,37.13
426140535,300210000,22.48
426695712,401241000,66.81
426389319,300110000,45.07
426804542,300130000,53.77
426069297,300110000,41.57
426315965,401241000,51.23
426143551,300110000,45.72
426477100,401000000,51.83
426673171,300210000,41.77
426619478,600070100,45.59
426403401,401130100,62.36
426352214,401121000,39.46
426144313,401110200,37.38
426025539,600070100,63.84
426723081,401110200,57.73
426262637,300210000,28.04
426000009,300110000,39.78
426397776,401220000,71.60
426488417,300210000,18.92
426713449,200010300,49.79
426712713,300110000,48.94
426548194,300110000,63.26
426598348,200010300,76.95
426663533,401000000,36.62
426346246,300210000,19.30
426015716,300210000,5.00
426259557,300210000,19.81
426464576,300210000,25.81
426432719,300110000,60.23
426214654,600070100,58.99
426751872,300210000,26.60
426693417,401000000,33.08
426230795,300130000,79.32
426120844,600070100,55.94
426398355,401000000,22.98
426712633,401110200,44.20
426569687,200010300,58.63
426449792,300210000,24.49
426341677,300230000,36.49
426556347,401000000,37.73
426217402,300210000,29.95
426759145,401230000,58.68
426762352,300210000,26.47
426343547,300110000,59.22
426404016,300110000,74.20
426234141,600070100,47.19
426139077,300210000,5.00
426476241,300210000,25.32
426728112,401110200,44.08
426127876,401110200,51.04
426472452,401110200,47.02
426171561,401250100,29.63
426233243,401000000,20.59
426281254,401110200,47.77
426221194,300110000,60.39
426672026,401000000,37.92
426128508,300110000,51.21
426146940,401000000,36.60
426648493,401121000,75.49
426520914,401000000,35.31
426840943,300110000,48.40
426350723,401121000,68.57
426238615,401121000,23.53
426231093,200010000,54.86
426324056,401110200,56.51
426570769,401110200,56.73
426329424,600070100,59.62
426135211,300210000,5.00
426590860,300110000,50.72
426690846,401000000,39.29
426377938,300210000,35.12
426116046,300210000,28.63
426408182,300210000,20.29
426337383,300210000,28.27
426544721,401000000,40.53
426752905,300210000,20.93
426010203,300110000,75.97
426511211,401000000,47.87
426114668,401000000,29.22
426245788,300210000,24.84
426197141,300210000,42.05
426056469,401000000,24.22
426522457,300110000,53.54
426069743,300210000,13.03
426769597,401000000,39.75
426394059,401000000,31.77
426644158,300110000,72.65
426299903,401110200,66.18
426690210,300210000,24.32
426490500,200010000,36.90
426330657,600070100,46.36
426064543,401000000,30.95
426714516,300210000,5.00
426130292,300110000,53.03
426435870,300110000,57.70
426611475,300110000,45.36
426469474,401000000,28.68
426023018,600070100,56.12
426579434,401110200,57.80
426132034,300210000,40.48
426341578,300210000,26.98
426464646,300210000,5.00
426115960,300110000,50.79
426568766,401000000,26.20
426821298,401000000,28.00
426708771,401000000,58.31
426828602,401000000,24.88
426754690,300110000,45.83
426339140,401000000,43.97
426573526,401110200,50.48
426524914,300110000,54.92
426341987,401000000,56.79
426357222,300210000,5.00
426354498,200010300,66.07
426574434,401230000,75.11
426469561,401000000,28.57
426490716,401000000,38.06
426551537,401110200,49.78
426379295,401000000,54.14
426336130,401000000,23.95
426386207,401000000,45.34
426157070,401002000,14.92
426765398,300110000,58.68
426076792,300110000,69.12
426131654,300230000,50.67
426274021,401241000,52.88
426253440,401002000,51.89
426079667,600070100,57.33
426465876,300110000,47.23
426327747,401000000,23.64
426230795,300210000,5.00
426037663,300110000,43.84
426571503,300110000,39.41
426634985,401241000,60.06
426719235,401240000,44.80
426523862,200010300,63.29
426130688,300210000,29.61
426023018,401110200,36.95
426449003,300110000,74.96
426429099,600070100,45.90
426717603,600070100,68.55
426745537,300110000,65.07
426234473,401000000,34.87
426172482,300210000,28.22
426131340,401110200,48.93
426475618,401000000,51.42
426237594,200010000,51.70
426682784,401000000,31.91
426242312,401130000,27.54
426473515,401000000,41.13
426632902,401000000,30.37
426227905,401130000,31.52
426703681,401000000,40.21
426157076,300110000,61.55
426589587,401000000,38.21
426710174,300210000,30.77
426147659,401000000,24.40
426147251,401110200,59.31
426369561,401121000,29.90
426190307,401000000,5.00
426520082,401130100,52.63
426617235,401110200,55.03
426142253,401002000,33.33
426474916,401000000,34.49
426028908,401002000,34.76
426718993,300110000,27.88
426477100,401110200,46.50
426750680,401130100,37.92
426664278,600070100,74.51
426178761,300210000,31.74
426802560,300210000,28.04
426610303,300110000,54.23
426535782,401000000,19.06
426260428,401130100,54.13
426285927,401241000,63.04
426275446,401110200,83.85
426145843,401000000,5.00
426225084,300110000,55.35
426178747,300110000,44.80
426530000,300110000,70.29
426816790,401000000,29.53
426650046,401241000,55.25
426152631,300110000,77.84
426564049,401000000,37.78
426715684,401000000,24.09
426262637,401000000,26.07
426138229,300110000,48.98
426065148,401000000,37.98
426150533,401121000,34.19
426611740,401002000,47.95
426002004,401002000,38.79
426483951,300110000,67.33
426259516,401121000,45.84
426469026,401121000,5.00
426465670,300210000,5.00
426341810,300210000,22.83
426281763,401110200,54.25
426330042,401000000,42.47
426309077,401230000,90.06
426181282,401000000,31.07
426252897,300110000,65.33
426464811,300210000,21.95
426263105,300210000,51.42
426436325,401000000,32.75
426286201,300110000,54.30
426135008,300130000,68.31
426793384,300210000,18.56
426331154,300110000,72.35
426719974,300110000,43.10
426628897,401250100,52.08
426128050,401000000,36.29
426470230,300110000,42.25
426348605,300210000,44.81
426470673,300110000,5.00
426458207,401000000,28.59
426132450,300110000,50.38
426018885,401000000,19.01
426400596,401230000,54.39
426336403,401121000,35.85
426773307,300110000,54.38
426564355,401002000,42.08
426460180,401250100,64.84
426058054,401110200,63.33
426476174,401000000,28.64
426242312,401000000,12.71
426253647,401000000,26.09
426550933,300210000,21.84
426115157,300210000,5.00
426255285,401110200,48.59
426715684,300210000,21.09
426147005,300210000,20.71
426551305,401250100,25.54
426623667,401000000,55.70
426466541,300210000,23.53
426140372,401000000,33.79
426511727,300110000,60.80
426569217,300210000,30.18
426245406,300210000,37.73
426143747,401000000,35.74
426570769,300110000,51.86
426224945,401000000,35.91
426564355,401000000,19.54
426023770,401110200,74.42
426389029,401130100,32.38
426379295,300110000,42.46
426520898,401230000,80.14
426347281,300210000,23.51
426596701,300210000,5.00
426663533,300110000,55.79
426217402,600070100,50.97
426784069,401000000,30.89
426254015,401250100,32.87
426275446,401000000,41.24
426350838,401250100,38.82
426770817,401240000,51.58
426144688,300110000,61.29
426514663,300110000,59.28
426389319,600070100,48.64
426136340,401002000,30.65
426285468,401000000,37.40
426350084,300210000,35.21
426064543,300110000,62.55
426734981,300210000,22.09
426373993,300210000,20.73
426016354,300210000,29.19
426560362,401000000,27.07
426047588,401250100,28.91
426589587,401121000,33.67
426617235,401002000,29.55
426003552,401130100,43.74
426148270,401250100,30.93
426348464,300210000,18.81
426349620,401121000,32.49
426466102,300110000,66.51
426145329,300210000,26.64
426726678,300210000,18.39
426465753,401241000,47.00
426749173,300110000,55.47
426134885,300110000,52.73
426265825,401121000,18.72
426686886,401000000,46.89
426257642,401110200,50.45
426460728,600070100,80.20
426339619,401241000,59.76
426344673,401240000,62.35
426354498,300110000,38.76
426558047,401110200,47.24
426690727,401002000,37.57
426819503,401220000,64.65
426750680,401000000,39.90
426340993,300110000,32.45
426382669,300210000,47.50
426520641,401002000,38.97
426652410,300210000,16.26
426627004,401000000,38.41
426107522,300130000,68.68
426416832,300110000,46.18
426124052,300210000,5.00
426596701,401130000,49.57
426145329,600070100,60.86
426569217,401000000,34.37
426145843,300210000,21.27
426395223,300110000,52.56
426137302,300130000,81.79
426344949,300210000,25.13
426822375,300130000,62.82
426037663,600070100,53.88
426487101,401000000,39.39
426706025,401000000,37.03
426760920,401000000,17.72
426242312,300110000,42.28
426669482,401130000,60.08
426241598,300130000,74.42
426475618,401110200,57.58
426395569,401000000,57.09
426348124,401000000,38.01
426279230,401000000,28.59
426195829,401130000,30.40
426147715,401000000,36.13
426472532,401110200,73.57
426794227,401002000,22.25
426331061,401000000,39.47
426161024,300210000,24.24
426315559,401110200,47.58
426716248,401241000,54.25
426644158,401000000,46.10
426324056,300210000,24.83
426514663,401000000,50.79
426753398,200010300,79.43
426117970,300210000,24.69
426245788,401000000,16.27
426023018,300210000,20.75
426522479,600070100,68.07
426353492,401250100,28.33
426134211,200010000,58.24
426140638,600070100,54.35
426564653,401121000,53.21
426578399,300110000,53.49
426663125,300210000,14.71
426407262,401130100,31.03
426390262,401002000,39.87
426264635,300110000,54.44
426510308,401000000,47.40
426447837,300210000,5.00
426306002,300210000,20.66
426129299,300210000,5.00
426530718,401110200,42.69
426340213,401000000,33.75
426174546,300110000,48.17
426712859,300210000,21.03
426650432,401000000,33.60
426146957,300110000,65.38
426718803,300230000,53.68
426333054,401130100,60.05
426064543,300210000,16.96
426292698,600070100,58.13
426571750,401110200,52.84
426642320,401000000,27.20
426638966,401110200,54.56
426019729,401002000,38.43
426259557,300110000,59.13
426142253,300210000,21.41
426234473,300210000,5.00
426623453,401130100,43.99
426527555,401000000,25.31
426341595,401110200,71.42
426617235,401000000,32.62
426664200,300130000,76.73
426208577,300210000,18.57
426107654,300210000,29.38
426537937,300230000,45.05
426457824,401130100,61.30
426760920,300210000,5.00
426159077,401110200,78.53
426395223,600070100,68.54
426537937,300110000,68.67
426104913,600070100,49.81
426341563,401000000,55.64
426347102,401000000,29.61
426137705,600070100,48.81
426011384,401130100,29.56
426514927,300110000,40.97
426398873,401240000,53.06
426697595,200010300,70.95
426395176,300110000,38.29
426003441,401220000,76.00
426073805,300210000,16.49
426339140,300210000,23.88
426004749,401000000,44.84
426136338,401250100,28.24
426459795,300130000,61.64
426025539,300210000,40.66
426255189,300110000,58.86
426713108,401000000,18.25
426714387,300210000,33.07
426711774,300210000,26.46
426340993,401000000,47.77
426726678,401000000,22.38
426257890,300210000,29.98
426757889,401110200,53.58
426245406,401000000,57.23
426172482,401110200,80.32
426231351,300130000,67.49
426334342,401000000,40.61
426279770,300130000,73.10
426405625,401250100,44.50
426008617,401250100,40.76
426569687,401000000,33.94
426694386,401241000,64.64
426148726,401130100,36.74
426467417,401000000,36.10
426464821,401000000,19.52
426178747,401250100,17.90
426134804,401130000,29.82
426520723,300110000,44.90
426008617,300210000,49.24
426379295,401130000,41.55
426145921,300110000,49.88
426379524,300130000,51.95
426516414,300110000,39.08
426804306,401000000,20.82
426721558,300110000,40.96
426134579,300210000,5.00
426153631,300110000,55.89
426628897,300210000,36.80
426147847,401110200,48.63
426694683,401130100,31.63
426638966,401000000,53.76
426180246,300230000,58.66
426143070,401130100,27.62
426233243,300210000,26.51
426740515,300210000,24.03
426160935,300110000,72.80
426570769,300210000,21.91
426332563,401110200,84.52
426537462,401110200,40.42
426379524,600070100,33.14
426062287,401000000,27.55
426157070,300110000,55.30
426409166,600070100,54.34
426449003,300210000,36.61
426132659,300210000,5.00
426227905,401000000,36.45
426246108,401002000,62.72
426680978,401000000,34.11
426194756,300110000,76.85
426404566,300210000,23.53
426117970,200010300,60.84
426725026,300110000,40.14
426804045,401000000,48.75
426684812,300210000,22.24
426348124,401002000,28.14
426218958,401241000,51.71
426394852,300110000,43.57
426149325,401000000,39.72
426257890,300110000,42.23
426267110,300210000,5.00
426340696,401241000,70.57
426187875,401002000,59.47
426197776,401000000,31.01
426363390,401000000,26.53
426255025,300310100,45.87
426741028,401000000,5.00
426353492,300110000,64.90
426511919,300110000,38.44
426369583,401000000,21.50
426571741,401220000,62.66
426688774,401000000,21.54
426290429,300110000,48.88
426512124,401000000,38.32
426060723,401240000,40.55
426133473,300130000,80.46
426163086,401250100,37.64
426591033,401110200,34.50
426011307,600070100,46.14
426424335,200010300,69.68
426147189,401250100,27.62
426243160,300110000,56.86
426243330,300210000,5.00
426784345,401250100,22.17
426286201,401110200,55.60
426143411,401121000,39.80
426719974,401000000,46.16
426245406,401250100,59.20
426518235,300110000,46.23
426178761,300110000,52.43
426511211,401110200,87.18
426390208,401220000,63.94
426234399,401002000,41.29
426475618,300210000,5.00
426521635,401000000,40.24
426160935,300210000,16.91
426828192,401230000,65.32
426341583,300110000,44.48
426407262,401000000,36.38
426399135,401000000,43.90
426395523,401240000,57.54
426010393,401130100,57.25
426404937,401240000,81.51
426373993,401000000,27.88
426619478,300210000,15.99
426688774,300110000,49.63
426304493,401000000,42.37
426237239,401000000,33.05
426505457,401002000,28.10
426305160,401241000,68.99
426819503,401000000,23.25
426560055,300210000,15.78
426690477,401002000,48.20
426011384,401000000,27.23
426004245,401220000,37.32
426292890,300210000,24.88
426403401,300110000,67.75
426180246,300210000,39.38
426390843,401130100,39.27
426149616,300210000,23.74
426609505,401230000,42.07
426617445,300130000,83.56
426256521,401000000,46.87
426669540,300110000,69.96
426758630,401250100,26.75
426467284,300130000,80.30
426030783,401000000,59.18
426303377,401000000,45.78
426342452,401000000,60.66
426343267,401000000,27.10
426620219,300110000,43.44
426247446,401110200,48.16
426260602,401110200,51.75
426140372,300210000,29.24
426718695,401240000,46.44
426217150,401002000,50.27
426839642,401250100,27.10
426516427,300210000,48.58
426838134,401240000,73.14
426362608,300210000,23.70
426404566,300110000,36.35
426394059,300130000,68.93
426571742,300210000,12.43
426476776,300210000,5.00
426667813,401250100,34.68
426128833,401000000,32.18
426516592,300110000,49.55
426166695,600070100,64.63
426136338,300110000,63.96
426341563,300210000,23.16
426138986,600070100,54.64
426312501,300110000,59.46
426519202,401130000,50.55
426443406,300130000,78.89
426457824,401000000,60.25
426530338,401130100,35.27
426166678,300210000,23.07
426602330,300110000,49.95
426564653,401000000,41.31
426435870,401130000,43.17
426254636,401110200,45.47
426199443,401110200,40.02
426336130,300210000,25.55
426514927,300210000,5.00
426462133,401130100,43.90
426496153,300130000,75.59
426230480,300110000,51.49
426464600,401241000,65.19
426421927,401000000,39.60
426254553,300210000,21.67
426118420,401130000,56.74
426348384,300210000,21.28
426700341,300210000,19.67
426587940,401241000,78.47
426398262,401130000,31.97
426329985,300110000,57.06
426468206,401002000,42.54
426496153,300210000,17.81
426804377,401000000,5.00
426135799,300210000,5.00
426390863,401110200,57.07
426390950,401230000,64.45
426290429,401110200,45.01
426333452,300210000,14.82
426717828,300110000,35.03
426572486,401250100,5.00
426545008,401002000,38.16
426537562,300110000,42.59
426525404,300210000,21.09
426624351,300110000,45.96
426606898,401130100,27.48
426053137,300110000,51.65
426253440,401121000,73.70
426804293,300210000,21.82
426785694,401240000,90.06
426329536,300130000,62.58
426782305,300110000,56.80
426578633,300210000,23.58
426003489,401000000,23.70
426720028,401000000,23.81
426336197,300210000,62.88
426138480,300210000,5.00
426149616,401000000,24.91
426462151,300210000,34.73
426134613,401000000,25.61
426408005,300210000,16.56
426537169,300110000,66.73
426441907,300110000,54.90
426053137,401000000,32.29
426113479,300210000,18.93
426136297,600070100,69.69
426833562,300110000,67.24
426240070,401110200,39.97
426572486,401220000,59.28
426246081,300110000,5.00
426713026,300110000,65.26
426389227,401000000,49.63
426241343,401110200,48.08
426579434,300210000,14.10
426245788,300110000,45.26
426377938,401000000,34.60
426015299,401250100,22.66
426150046,401110200,37.78
426703681,401220000,84.29
426545008,300210000,18.53
426266590,300210000,49.41
426579434,300110000,61.73
426432686,600070100,39.98
426240070,401000000,36.42
426408182,300310100,74.65
426147708,300110000,56.13
426475943,300130000,47.32
426228854,300130000,57.06
426073194,300210000,5.00
426146957,401241000,42.49
426147496,300210000,20.87
426829046,401000000,29.31
426676875,401241000,60.25
426755626,401000000,31.22
426523499,401110200,38.06
426343267,600070100,57.01
426598806,401110200,50.94
426560689,401241000,54.84
426389616,401241000,46.67
426378096,401000000,42.25
426398624,300210000,21.68
426346990,300110000,57.81
426460728,300110000,56.52
426229452,401241000,49.62
426073805,300110000,44.09
426350723,401000000,41.90
426376143,401000000,42.55
426416260,300210000,18.06
426123653,300110000,63.07
426158228,300110000,43.49
426147005,401230000,63.75
426630078,300130000,77.98
426520725,300210000,61.03
426393415,300210000,22.84
426535924,401121000,5.00
426231736,300110000,48.51
426391028,300110000,69.18
426740117,401130100,27.41
426594981,401240000,60.96
426634985,401000000,55.37
426528261,300110000,70.70
426772559,300210000,53.73
426443109,300110000,51.35
426512393,300210000,20.52
426666428,300210000,22.08
426714132,200010300,58.53
426754824,401000000,24.69
426691813,300110000,57.36
426486612,401002000,39.27
426181200,401130100,22.50
426734981,401000000,39.52
426803871,300110000,40.80
426782501,401000000,39.69
426759145,300110000,46.67
426479058,300110000,52.37
426334384,300210000,23.74
426838102,600070100,67.07
426520740,401000000,30.26
426723376,300110000,56.38
426448509,401110200,43.38
426146152,600070100,40.99
426579785,401000000,56.21
426479055,300210000,52.71
426675655,401250100,39.08
426511774,401000000,42.69
426723970,300110000,50.33
426354498,401241000,44.64
426136297,300110000,5.00
426564200,300230000,44.71
426117970,401000000,25.22
426727081,401110200,47.83
426182351,300110000,63.32
426675118,401250100,50.08
426128331,300130000,72.39
426402126,401240000,55.20
426341768,300210000,5.00
426057808,600070100,60.69
426690103,401000000,44.23
426126302,300130000,68.33
426253440,300110000,57.14
426607763,300110000,64.50
426330185,300130000,73.96
426378805,401110200,62.00
426224945,300210000,21.95
426477717,300130000,79.58
426632268,401000000,38.38
426385130,401130100,46.74
426662826,401000000,51.48
426369583,200010300,49.65
426443406,401000000,31.24
426076535,300110000,52.35
426688884,300110000,47.07
426135211,300110000,54.82
426194142,401000000,40.74
426544080,401121000,46.46
426178747,300210000,25.82
426690477,401000000,38.98
426177950,401241000,85.87
426000009,300210000,21.86
426246706,300230000,35.22
426242054,300110000,35.44
426555267,300110000,75.95
426512124,300210000,28.08
426305160,200010300,66.30
426569687,300110000,44.71
426525368,300210000,12.51
426145609,300210000,5.00
426550038,401000000,34.34
426347718,401240000,58.64
426440861,401110200,54.33
426052726,401000000,40.18
426129660,401241000,72.04
426134895,401002000,37.82
426011384,401110200,42.85
426383930,300130000,71.45
426662269,300110000,38.71
426361460,300210000,5.00
426143411,401000000,41.56
426129299,300110000,43.00
426029883,401002000,30.83
426766967,300210000,27.97
426515316,401002000,32.44
426676875,401110200,42.13
426464159,401110200,75.26
426248490,300110000,61.57
426686886,300210000,18.39
426377310,300110000,54.22
426466541,401241000,54.72
426041679,600070100,77.77
426265175,300210000,25.11
426628897,300110000,42.71
426388863,300210000,25.22
426290615,300210000,25.87
426255231,401130000,5.00
426572985,300210000,46.25
426146152,300110000,41.12
426277929,300110000,53.91
426719879,300110000,50.98
426752958,401000000,35.40
426292110,300210000,26.76
426397159,300210000,43.71
426704850,300130000,80.28
426644158,300210000,48.77
426149616,401130100,44.69
426564200,401000000,32.23
426672350,300110000,45.91
426499404,401000000,49.63
426760920,300110000,52.44
426469576,600070100,47.81
426417023,401000000,37.83
426499404,401110200,46.01
426344383,600070100,50.08
426691813,300210000,24.22
426754824,300210000,27.62
426642320,300210000,27.65
426143411,300110000,42.27
426803506,401000000,44.87
426041679,401000000,32.49
426622988,401000000,44.62
426312351,401220000,84.22
426720028,300210000,22.21
426247321,300130000,60.91
426820776,300110000,52.76
426616839,401000000,34.60
426574885,300110000,42.92
426141931,300210000,27.22
426621302,401000000,23.21
426424335,401002000,31.43
426490889,200010000,57.31
426614168,300110000,57.86
426805182,401000000,16.54
426003643,300210000,36.30
426586991,401000000,40.19
426711699,300110000,46.32
426753766,300110000,50.75
426257890,401110200,39.50
426563793,300110000,39.38
426703681,300210000,36.30
426389029,300110000,64.11
426257642,401000000,26.10
426332563,300110000,72.13
426157127,300110000,57.56
426340329,300230000,85.49
426390863,401000000,38.78
426401203,401000000,22.44
426718315,600070100,45.22
426267110,300110000,50.89
426737408,401000000,44.59
426462521,401220000,73.75
426574583,401000000,33.59
426476968,300210000,21.21
426134743,401250100,48.88
426631009,401110200,39.05
426829260,401220000,66.50
426476241,300110000,44.85
426127425,401110200,46.06
426541477,300110000,43.39
426617235,300210000,18.29
426571741,300210000,5.00
426840943,401002000,33.92
426197141,200010300,45.29
426400205,300210000,25.01
426339619,401000000,35.03
426831271,401241000,72.95
426519281,401241000,77.78
426336755,401000000,39.15
426472299,300110000,45.39
426751672,401000000,33.65
426570853,300210000,20.44
426383930,300210000,48.92
426348768,300110000,53.27
426243866,300130000,67.87
426341676,401000000,29.88
426140486,300110000,68.58
426341676,401002000,35.58
426468728,401000000,39.10
426334399,300110000,52.49
426282875,401000000,50.34
426134350,401000000,34.43
426151562,401000000,31.93
426701607,300210000,20.14
426526161,300210000,21.07
426078113,600070100,73.60
426131340,401000000,38.21
426346990,401230000,54.57
426058054,300210000,20.32
426128508,600070100,44.40
426306684,401000000,26.30
426350084,401002000,16.92
426285514,300210000,51.35
426727835,401240000,54.76
426348124,300210000,27.59
426139471,401110200,36.24
426687960,401110200,47.18
426330042,300210000,57.90
426131340,401130000,21.16
426690383,300210000,5.00
426279230,300110000,53.74
426690236,401002000,22.50
426401203,401240000,38.75
426803387,300210000,20.61
426560830,401250100,45.80
426079484,300110000,55.83
426537937,401002000,49.59
426326766,300110000,42.62
426344673,300130000,75.79
426064878,300210000,18.92
426648493,401000000,30.32
426581080,300110000,46.64
426717545,401000000,33.45
426019729,401000000,17.01
426172482,401121000,67.00
426520641,300110000,66.30
426141980,401000000,29.21
426151840,200010300,78.38
426341677,300110000,48.33
426340924,300110000,41.28
426281254,401130100,24.64
426606188,300210000,28.60
426819259,401110200,60.13
426600327,300110000,45.46
426830826,401121000,32.78
426130323,401000000,49.24
426277929,300210000,40.98
426761065,401000000,33.91
426069973,600070100,35.13
426281254,401000000,5.00
426462133,401000000,43.93
426758436,300110000,47.49
426151814,300110000,58.92
426194142,300110000,65.15
426686203,401230000,91.19
426755626,300210000,22.22
426127394,300130000,82.41
426253481,401110200,43.82
426344673,401000000,23.88
426134895,300210000,41.98
426581327,300110000,45.69
426033315,300210000,19.34
426369583,300110000,56.77
426187422,300110000,60.08
426804996,401000000,40.78
426449792,401250100,22.72
426169605,401220000,75.13
426725917,600070100,53.66
426804045,300210000,36.78
426386207,401002000,43.41
426425269,300110000,49.29
426587940,200010300,78.58
426331674,401000000,24.41
426041639,300210000,5.00
426737381,600070100,47.91
426640226,401230000,54.93
426161024,600070100,67.28
426557737,300110000,54.79
426564049,401241000,49.81
426432248,200010300,64.06
426341623,401130100,39.39
426147496,401000000,27.89
426524970,200010300,53.98
426725594,300210000,31.77
426243874,401000000,33.67
426148422,200010000,63.19
426673171,300110000,38.08
426391497,401000000,28.38
426784345,401220000,84.71
426233243,401130100,41.91
426072861,300110000,54.79
426263105,401241000,75.63
426667692,600070100,46.19
426269355,401130100,44.02
426469026,401002000,43.24
426327180,401110200,78.39
426230480,401230000,51.31
426522391,401000000,30.87
426289155,401110200,62.05
426327882,600070100,38.36
426817782,401002000,41.10
426151840,401000000,40.03
426069801,401000000,34.37
426233126,300130000,62.06
426253613,401000000,49.10
426003552,300110000,54.70
426334544,401230000,63.97
426123417,401121000,37.09
426183290,300210000,31.32
426839576,401121000,34.10
426814109,300230000,37.84
426146762,300110000,53.02
426519384,300110000,43.18
426819259,401130100,52.47
426609505,300110000,41.29
426385130,401110200,48.01
426729060,401220000,71.63
426146940,401130100,33.67
426769597,300310100,79.83
426313522,300110000,53.81
426134613,300210000,36.16
426148788,300210000,18.57
426490532,401110200,48.29
426416832,300210000,24.12
426230722,401241000,65.51
426334399,300210000,24.70
426526448,401220000,65.37
426403401,300210000,26.40
426341563,401110200,64.51
426183055,401130100,34.06
426673240,300130000,82.76
426234473,300110000,52.93
426580856,401000000,48.70
426522945,401110200,70.53
426594964,401250100,33.51
426665059,401000000,48.31
426525368,401230000,59.68
426147208,401220000,78.86
426401588,300110000,56.37
426235373,401000000,37.37
426617547,401110200,57.09
426814281,401000000,26.71
426562175,401110200,47.75
426541477,600070100,53.47
426626217,401110200,43.73
426134804,401110200,54.32
426377310,401000000,35.90
426620333,300110000,50.33
426703230,300110000,58.81
426448509,401000000,41.94
426137302,300210000,26.04
426395298,401220000,60.24
426275493,200010000,45.50
426836765,300110000,49.25
426253647,401110200,58.80
426334939,401000000,24.65
426550277,300130000,66.90
426315817,600070100,41.23
426582413,300210000,17.94
426260635,401000000,26.18
426243819,300210000,23.92
426523250,600070100,62.00
426056469,300210000,19.94
426527814,200010000,46.35
426336905,401220000,72.10
426076535,300210000,29.11
426701607,300110000,52.77
426594981,300210000,28.22
426522007,401000000,27.25
426133250,300210000,5.00
426395341,300210000,27.18
426029909,401110200,48.23
426075314,300110000,57.17
426120311,300110000,49.61
426212726,401220000,70.20
426146762,300210000,34.67
426806222,300210000,28.16
426136338,300210000,26.59
426345064,401110200,60.28
426123653,401000000,27.62
426765398,300210000,5.00
426784069,300210000,25.85
426011023,300110000,46.14
426340696,401000000,54.77
426256329,300110000,36.20
426395298,300130000,66.07
426650046,401230000,56.09
426233237,300110000,45.20
426399135,300210000,28.78
426241131,300110000,56.24
426252897,401130100,97.17
426815380,600070100,57.80
426315952,401110200,66.35
426521144,401110200,39.80
426264230,300110000,51.48
426518352,401230000,91.20
426107522,300210000,17.10
426029909,401220000,75.05
426190307,401241000,66.22
426450645,600070100,65.00
426753398,300210000,22.30
426011197,401002000,32.96
426813750,300210000,24.48
426246300,300230000,39.51
426476776,300110000,58.23
426623477,401000000,35.12
426784345,401000000,23.14
426402812,401000000,35.56
426348384,300110000,57.42
426767060,401220000,79.19
426780226,401220000,81.87
426073046,401130100,34.42
426409466,600070100,52.60
426144313,300210000,21.38
426688633,300210000,22.33
426330657,300210000,26.53
426341694,401000000,44.82
426526260,401241000,53.82
426766972,401002000,42.13
426270024,600070100,57.87
426475697,401130100,49.00
426804045,300310100,79.41
426041679,300110000,67.10
426237597,300210000,5.00
426470475,300110000,43.36
426734823,300110000,56.32
426253666,300110000,63.79
426242054,300210000,22.52
426138107,401000000,59.91
426403363,401230000,89.94
426694145,401241000,56.53
426051492,401000000,34.37
426741028,401240000,66.09
426238288,300210000,30.50
426120844,300110000,56.30
426741341,300110000,68.17
426248193,200010000,65.52
426469576,300210000,23.25
426514130,300110000,58.62
426274723,300110000,42.99
426250954,401110200,71.73
426057808,300110000,48.01
426234473,401002000,47.37
426268286,300210000,27.94
426113479,600070100,43.02
426745537,300210000,5.00
426391497,200010300,63.22
426718803,300210000,46.56
426834127,401220000,83.16
426577607,401220000,64.47
426168985,401130100,46.29
426331794,300130000,65.13
426051492,600070100,57.25
426666514,300210000,24.24
426778085,401130000,43.93
426715369,401000000,36.02
426038617,300110000,53.34
426243160,401000000,42.52
426625356,401110200,58.39
426598806,401000000,37.39
426138480,300110000,46.43
426140535,401230000,60.08
426015936,401000000,28.97
426259068,401000000,45.68
426668442,401220000,73.38
426561299,401220000,91.53
426147847,401000000,31.33
426150332,300230000,44.66
426115157,600070100,59.50
426170560,401250100,61.38
426221194,401000000,28.78
426248792,600070100,48.10
426450276,401000000,51.18
426716684,300210000,19.74
426161594,401000000,31.50
426234399,401000000,42.36
426338318,401241000,80.67
426499404,300210000,29.29
426441413,300230000,48.13
426309524,401000000,35.35
426125993,300210000,52.13
426761183,600070100,58.25
426128833,200010300,62.51
426257360,300110000,52.72
426737381,401240000,55.87
426353473,401240000,53.61
426315479,300210000,15.86
426429152,401002000,47.68
426313522,401000000,43.19
426630078,300210000,5.00
426523615,401110200,51.77
426799014,300110000,58.71
426635412,300110000,56.53
426139840,300110000,50.80
426254015,200010300,70.07
426591689,401000000,36.24
426516427,300110000,59.11
426388798,401002000,43.56
426423388,401000000,31.43
426564200,401002000,26.84
426194433,200010300,52.24
426616262,401130100,34.85
426169052,600070100,46.99
426516414,300210000,42.65
426309077,300210000,0.00
426120353,401110200,48.24
426596701,401110200,51.12
426345020,401121000,28.10
426388798,300210000,23.97
426515316,300110000,43.00
426432686,300110000,49.00
426772559,401000000,39.78
426711699,401241000,56.02
426809188,600070100,43.15
426158920,300230000,42.33
426625356,401130100,28.45
426550308,600070100,43.50
426754824,401130100,28.88
426146152,401002000,39.94
426525739,401110200,43.03
426716684,401230000,44.57
426230480,401110200,45.64
426134579,401130000,24.28
426560394,401230000,67.95
426617445,401000000,27.06
426450276,300110000,5.00
426712633,401130100,34.08
426840562,300110000,61.33
426643487,300230000,39.64
426686203,401000000,65.74
426345800,401121000,37.57
426713921,300110000,51.97
426484631,401002000,33.74
426713026,300210000,41.15
426550038,300110000,66.75
426530000,401110200,62.47
426146283,300110000,48.63
426070852,300310100,46.71
426555267,300230000,42.53
426338318,401250100,47.04
426143551,401000000,18.57
426143070,401000000,32.16
426469446,300110000,47.02
426472140,401000000,38.61
426524786,300110000,41.66
426168642,200010300,49.63
426803506,300110000,74.04
426613738,401000000,58.32
426148726,300210000,30.77
426238615,600070100,44.60
426195090,401000000,31.70
426790281,300110000,69.88
426128050,300210000,18.95
426336504,300210000,5.00
426328127,300130000,71.67
426579600,300210000,22.02
426141745,401241000,51.73
426187507,300210000,19.17
426814109,300210000,5.00
426694145,300110000,61.28
426573025,300110000,48.69
426658123,300210000,23.80
426234141,401000000,33.90
426642910,300110000,69.50
426357222,401241000,62.84
426519384,401220000,64.78
426157070,401250100,29.05
426839151,401000000,32.33
426404905,401240000,41.81
426315952,300110000,69.39
426610993,300210000,22.10
426136340,300110000,49.41
426560689,300110000,53.97
426076743,401000000,28.16
426362608,300230000,37.31
426182351,300210000,5.00
426766008,300210000,23.88
426266045,300210000,24.87
426626835,401000000,41.33
426237523,401130100,55.11
426361398,401130100,35.53
426402812,300210000,29.85
426740965,300110000,54.73
426153643,401250100,31.32
426524639,401241000,64.54
426230195,401000000,39.83
426279770,401000000,29.75
426263105,401000000,51.16
426161594,401002000,34.59
426557737,401000000,29.87
426817782,300110000,64.84
426220697,300110000,49.55
426511727,401000000,31.81
426133473,300110000,42.99
426476174,300130000,74.04
426395689,401002000,72.59
426804788,300110000,56.30
426686980,401220000,69.22
426098528,300110000,34.72
426752196,300110000,55.32
426614567,401000000,41.26
426140665,401000000,33.96
426250954,300110000,58.40
426786777,401000000,26.91
426582469,300110000,39.97
426809188,300130000,55.63
426025539,401110200,78.35
426740515,300230000,35.47
426710872,300110000,39.09
426311989,401110200,59.64
426770160,401000000,26.06
426286043,300210000,28.29
426623012,300110000,41.99
426234141,300110000,55.59
426217275,401110200,40.96
426754690,401000000,31.27
426334544,300110000,53.10
426197141,401000000,41.54
426010203,300210000,35.22
426397176,300210000,18.11
426104913,300210000,24.88
426245995,401110200,48.76
426196434,300210000,36.43
426591689,401110200,48.84
426183055,300110000,49.56
426147496,401110200,54.13
426168642,300110000,49.94
426336504,300110000,61.11
426151736,401000000,33.02
426804542,300210000,24.63
426152099,401230000,62.20
426345555,401000000,29.73
426025068,300230000,41.35
426139840,300130000,65.33
426479055,401110200,82.19
426170984,401241000,67.46
426462151,401000000,31.77
426713108,401002000,30.08
426631009,300210000,5.00
426255231,401000000,36.12
426194142,600070100,62.10
426210404,300210000,23.27
426123653,401110200,48.12
426590860,401000000,32.97
426292698,300110000,55.84
426114391,401250100,53.95
426073046,401000000,48.96
426561925,401000000,49.44
426828192,300110000,58.42
426520740,401241000,54.43
426514495,300110000,51.98
426690236,300110000,51.61
426127425,300210000,28.39
426404937,401000000,55.66
426581080,200010300,66.27
426141367,200010000,66.04
426472299,401000000,23.93
426395919,300210000,25.46
426785984,401110200,53.78
426416640,600070100,55.26
426632238,300110000,48.99
426127104,300110000,80.71
426606188,300110000,54.34
426835088,300210000,21.55
426376143,300130000,87.77
426347718,401000000,28.97
426333452,401240000,41.97
426397763,401000000,31.87
426571742,401110200,42.32
426272598,300210000,58.44
426255025,300110000,41.58
426054046,401000000,41.18
426480677,300110000,48.68
426237239,401130000,47.09
426326766,300210000,5.00
426548812,401241000,76.78
426098528,300210000,22.62
426803871,300130000,48.21
426391497,300210000,32.64
426521924,401000000,31.79
426019859,300230000,42.22
426802560,401230000,67.03
426053137,600070100,65.78
426819452,300210000,22.34
426523250,300210000,21.03
426524652,401241000,53.85
426147251,401000000,19.77
426071182,300210000,19.95
426607937,300110000,50.69
426396672,401000000,34.57
426400468,401000000,34.95
426010393,401000000,49.21
426690210,401000000,22.48
426565019,300110000,41.28
426511025,300210000,19.00
426018712,300110000,45.65
426521038,200010000,59.32
426688884,200010000,71.21
426280838,300110000,53.19
426280613,401250100,25.43
426523076,401000000,37.35
426422785,300110000,62.90
426632238,401000000,39.55
426162121,600070100,45.56
426682619,401000000,22.87
426170560,401000000,52.67
426341625,401000000,39.30
426717545,300210000,25.18
426138784,300110000,67.71
426151386,300210000,21.77
426348194,300230000,38.38
426752958,600070100,44.27
426139664,401110200,43.38
426134804,300110000,60.21
426330657,300110000,47.84
426839151,600070100,5.00
426548812,401000000,43.19
426734981,300110000,54.00
426147037,300110000,67.04
426170560,300110000,88.10
426522391,401121000,25.12
426107810,401000000,33.96
426231736,300130000,86.87
426234111,300130000,75.61
426556779,300110000,56.97
426275446,401130100,54.50
426736983,401002000,40.28
426402661,401110200,41.84
426802135,600070100,58.05
426812405,300210000,56.42
426638966,401130100,34.48
426136652,401000000,21.48
426213370,300210000,26.92
426400205,401121000,25.16
426161594,300210000,26.77
426237523,401000000,50.54
426768815,300110000,44.01
426231326,401241000,72.68
426121231,401000000,58.48
426690579,401121000,25.89
426279770,300210000,5.00
426741910,300110000,56.97
426632268,300110000,51.33
426344564,300210000,5.00
426348605,300110000,50.05
426114028,300110000,54.49
426501220,300210000,29.08
426126751,401000000,20.33
426347569,401241000,54.05
426464112,200010300,52.06
426138107,401002000,65.86
426137924,401110200,53.36
426632902,401240000,39.28
426207002,300110000,64.41
426403744,300210000,31.76
426590860,401240000,57.32
426409696,401000000,52.33
426145931,300110000,65.27
426348194,401002000,41.80
426184061,300210000,31.88
426395298,300110000,54.11
426515687,401110200,65.70
426667231,401250100,29.91
426246694,300110000,40.84
426377938,401110200,57.91
426341987,401110200,89.49
426473175,401230000,62.82
426195090,300110000,54.65
426662826,401110200,77.65
426147257,401110200,80.17
426812405,401000000,66.44
426779299,300210000,48.18
426814281,300110000,41.85
426051016,300110000,49.30
426838134,401000000,44.55
426236351,401130100,5.00
426347569,401000000,41.78
426560394,401000000,18.36
426011055,401000000,16.82
426740117,300210000,20.74
426341583,401000000,32.04
426397819,300110000,40.32
426524914,300130000,70.10
426464576,401000000,23.29
426141613,401000000,23.21
426409696,401002000,43.42
426617106,300210000,19.60
426718315,300210000,28.17
426572005,401110200,48.95
426169870,300210000,5.00
426578449,300110000,48.71
426229452,401000000,34.80
426246002,300210000,21.88
426346307,401121000,40.82
426248490,401121000,17.58
426718803,300110000,65.26
426518235,300210000,25.37
426834127,600070100,67.09
426418237,401000000,32.88
426342458,401002000,39.00
426520883,401250100,21.54
426578449,300130000,63.28
426029909,300110000,62.18
426348384,401240000,70.26
426225096,401130000,36.37
426751805,401250100,29.48
426840562,401000000,36.72
426148788,300130000,66.90
426407929,300110000,60.59
426753398,401250100,25.41
426236699,401130000,33.08
426528453,401110200,44.13
426799014,200010300,59.97
426532130,401000000,5.00
426047588,401000000,20.41
426148203,300210000,24.12
426420761,200010300,46.68
426521038,401250100,24.64
426016354,401000000,42.53
426397039,401220000,53.57
426130323,300110000,46.08
426806222,401130100,54.49
426145843,300110000,55.66
426626835,300110000,64.84
426476968,401000000,20.01
426577589,401000000,24.31
426170155,401000000,38.71
426617463,401000000,50.99
426107810,200010300,59.25
426128050,401110200,32.28
426011307,401000000,28.19
426831271,300110000,56.96
426402777,300110000,59.25
426346246,401000000,38.51
426749970,300110000,63.21
426332782,401110200,74.80
426331674,300130000,63.06
426767082,300110000,58.59
426663192,300110000,67.05
426469474,401220000,74.25
426447862,401000000,20.54
426141613,401241000,51.03
426177129,401000000,28.26
426600985,401110200,88.83
426140815,300110000,54.73
426594981,401230000,70.42
426277929,401002000,45.30
426250429,300110000,51.47
426050866,300210000,50.55
426339065,300210000,19.04
426073142,300110000,46.26
426126351,300110000,70.53
426460408,300210000,38.59
426310837,401000000,25.40
426011055,401121000,59.81
426448509,401121000,18.47
426561381,300210000,26.93
426304493,300130000,68.25
426150068,300210000,12.33
426723035,401130100,40.65
426465487,300110000,69.04
426241131,401000000,24.93
426669216,401241000,42.03
426135008,600070100,48.29
426137604,401110200,43.38
426236351,401000000,23.08
426842246,401000000,43.70
426400596,401000000,35.79
426134579,401110200,46.56
426260602,401230000,68.01
426819503,300110000,37.09
426127732,300210000,18.33
426145843,401250100,21.97
426727835,401000000,23.34
426436325,300210000,5.00
426537937,300210000,35.03
426773307,300210000,27.21
426336924,401250100,39.32
426749344,401110200,51.05
426347281,300110000,55.51
426711774,401000000,48.73
426722363,300110000,33.63
426759309,401000000,37.36
426157332,401000000,24.14
426435369,401110200,43.31
426238722,401000000,36.65
426520205,300210000,5.00
426587041,401002000,23.80
426475943,600070100,46.19
426341768,401110200,31.27
426665827,300230000,49.13
426716430,300110000,49.18
426612814,300210000,5.00
426565464,401110200,45.47
426076743,401130000,42.94
426550277,600070100,32.89
426010488,401000000,43.31
426255231,300210000,5.00
426623515,300210000,18.64
426169052,401000000,40.25
426140486,300210000,26.15
426261636,600070100,48.59
426712215,300210000,27.49
426141931,401121000,5.00
426476973,401110200,55.05
426066748,300210000,24.76
426565019,401000000,34.45
426234901,300210000,18.49
426522688,401000000,41.81
426791124,401110200,43.06
426151736,300110000,42.95
426345756,600070100,77.88
426816790,300110000,63.91
426340993,401130000,53.39
426690477,401250100,37.77
426227905,401110200,49.15
426231351,300210000,5.00
426196434,300110000,77.70
426131654,401000000,25.91
426469446,401110200,54.73
426694803,401241000,51.85
426244713,300210000,20.70
426147586,300210000,45.99
426765398,300130000,74.53
426816790,200010300,60.17
426406456,401002000,32.52
426571503,401000000,31.57
426123653,300210000,5.00
426815380,300210000,19.97
426555889,401110200,79.45
426369103,401130100,35.28
426126718,300210000,19.37
426726678,401220000,71.88
426773453,401250100,41.31
426746256,401130100,41.76
426445301,401000000,29.35
426580020,401230000,54.34
426688804,300210000,20.16
426135568,300110000,53.16
426490500,401000000,35.07
426572486,300110000,44.49
426069801,401250100,24.80
426490889,401250100,28.28
426470475,401000000,21.84
426613960,401000000,34.19
426432719,300210000,40.44
426194433,401110200,51.38
426241131,300130000,60.57
426447837,401121000,5.00
426137924,300110000,41.71
426147208,300210000,24.69
426694386,401000000,29.60
426066204,200010300,72.19
426326729,401000000,59.11
426718114,300130000,52.29
426169605,300210000,21.49
426144491,300110000,62.52
426831271,300210000,22.89
426449792,300110000,54.85
426601277,401000000,56.98
426174900,600070100,48.59
426840943,300210000,19.22
426572005,401000000,45.51
426723365,300210000,24.27
426403363,300210000,25.76
426010280,401000000,26.06
426483951,600070100,63.52
426527599,401110200,65.43
426598348,401000000,21.55
426378750,401000000,41.67
426144313,401000000,34.47
426572788,300130000,64.02
426634240,401230000,49.13
426469924,300110000,82.86
426470230,401250100,23.97
426150942,300210000,30.04
426074141,401110200,45.86
426522688,401110200,68.60
426344949,200010300,73.41
426530718,300130000,60.70
426245952,401250100,23.95
426257127,300110000,58.72
426582048,300210000,34.80
426528261,401000000,46.54
426772971,300110000,33.78
426786777,300110000,42.20
426716430,401241000,63.87
426078463,300210000,51.17
426571503,300210000,5.00
426523862,300210000,22.02
426278028,300110000,63.14
426237239,401110200,45.15
426409466,300210000,21.36
426123417,300210000,5.00
426088298,401002000,57.93
426564355,600070100,67.84
426242054,200010000,57.29
426208577,401002000,31.99
426033315,300110000,55.35
426110016,401000000,36.95
426398831,401110200,47.08
426107184,600070100,56.58
426065826,600070100,56.91
426796613,401241000,67.79
426361460,401250100,31.85
426247386,401000000,29.16
426296652,401121000,28.75
426177129,300110000,77.85
426770817,401000000,38.56
426571742,401000000,23.73
426679446,300110000,41.92
426520645,401000000,40.33
426682635,300210000,25.34
426248554,600070100,85.72
426668442,300110000,47.50
426634240,401110200,52.78
426662826,300210000,53.21
426450429,300310100,62.49
426635194,200010300,84.70
426571731,401110200,62.76
426386964,300110000,61.56
426688633,200010300,67.73
426079484,600070100,54.28
426601277,401110200,49.10
426193764,401110200,48.09
426348768,401110200,45.57
426110016,300130000,58.34
426290575,401000000,25.27
426663125,401002000,35.49
426751805,300110000,56.50
426382669,401241000,93.21
426379524,300110000,45.74
426332563,401000000,47.19
426624058,401250100,20.53
426378750,300210000,35.23
426583018,401130100,34.35
426183290,401002000,31.62
426400609,401000000,37.47
426386207,300110000,78.39
426286774,300210000,27.16
426713091,300110000,48.59
426077324,300210000,22.92
426183290,401110200,62.58
426723970,300130000,79.93
426510586,401110200,41.93
426565408,300210000,5.00
426828602,300210000,5.00
426835088,600070100,46.37
426773453,401220000,85.57
426173436,300110000,40.00
426148726,401000000,48.83
426360607,401250100,38.43
426383930,300110000,71.41
426171561,401241000,58.88
426378096,300210000,27.15
426011055,300210000,27.12
426572007,300210000,28.67
426190307,401110200,44.99
426076505,401000000,24.05
426658872,300210000,42.27
426245952,300110000,51.80
426465487,401241000,72.16
426315804,401130100,32.47
426181417,300210000,25.64
426523076,200010300,61.67
426793808,401220000,60.61
426343267,300110000,61.87
426626844,401000000,34.02
426136297,300210000,5.00
426217275,401000000,43.58
426266045,401130100,26.55
426136244,300110000,53.87
426377406,401000000,40.89
426473175,300210000,12.91
426731301,401241000,78.21
426218307,200010300,78.98
426544993,401110200,43.10
426482877,300110000,43.36
426547961,401002000,33.51
426145050,401220000,81.57
426170984,300110000,68.19
426345555,300210000,21.38
426479349,401000000,35.24
426754690,300210000,5.00
426011307,401230000,48.99
426246002,300110000,53.87
426836238,300110000,54.31
426278470,300110000,75.39
426252744,401110200,91.42
426255508,401110200,36.35
426757037,401000000,58.85
426665059,300210000,24.55
426665014,401110200,77.62
426587524,401000000,66.13
426550933,600070100,41.28
426478379,300110000,40.73
426331794,401000000,30.34
426264635,200010300,81.26
426331061,401110200,46.66
426196434,401110200,56.06
426524435,300210000,5.00
426330657,401000000,24.19
426551305,401000000,36.63
426010488,300110000,59.25
426468206,300130000,67.50
426341790,401000000,34.60
426766972,300110000,63.74
426329985,401240000,75.40
426619203,300210000,40.10
426708771,300210000,24.86
426572788,300210000,5.00
426520082,401000000,22.04
426147264,300110000,64.61
426158920,401241000,62.77
426751672,600070100,56.97
426345064,300210000,19.76
426061790,200010300,59.58
426157076,401230000,75.95
426838471,300110000,66.62
426237751,600070100,74.20
426830193,401000000,37.93
426127861,401002000,24.98
426516427,401000000,61.12
426440861,300110000,51.12
426183055,401000000,36.84
426394733,300110000,43.54
426508041,401110200,49.10
426511774,401220000,78.07
426602330,401000000,5.00
426395745,401000000,63.08
426138480,401000000,20.22
426502420,300210000,20.71
426159077,300210000,49.45
426330185,600070100,56.89
426341623,300110000,70.16
426148143,401000000,44.57
426035734,300110000,40.08
426127394,300110000,5.00
426550933,300110000,43.82
426075314,401220000,93.78
426512152,300210000,22.89
426062287,300210000,32.51
426137604,300210000,5.00
426339521,300110000,57.26
426170155,300210000,27.92
426718325,300110000,82.38
426010488,300210000,5.00
426450692,401250100,26.21
426623027,401110200,61.70
426601277,300210000,55.60
426339521,401110200,53.43
426328921,401000000,16.27
426538509,300110000,59.69
426459410,401250100,58.98
426343547,401220000,92.20
426449792,401241000,52.60
426462521,401240000,58.62
426773453,300210000,54.39
426195622,401002000,26.69
426544147,401130100,51.90
426214654,300110000,82.61
426533321,401000000,23.49
426386964,401130000,34.64
426560462,401000000,37.77
426338414,401240000,61.68
426073142,401000000,38.33
426234399,300210000,5.00
426579600,401121000,38.73
426460408,401000000,50.29
426147218,401000000,20.60
426410701,401000000,39.08
426246081,401110200,62.23
426233237,300130000,72.35
426560462,300110000,68.13
426461698,401002000,41.53
426129299,600070100,50.09
426474070,600070100,45.60
426516427,401250100,46.22
426662269,401000000,47.09
426779299,300110000,67.97
426460465,300210000,17.16
426246066,600070100,48.35
426717545,401110200,55.54
426264230,401000000,32.52
426134211,401000000,39.96
426757572,300210000,22.76
426229452,300210000,22.28
426293123,401250100,37.90
426341769,401250100,34.24
426079667,401000000,30.05
426404905,300110000,47.88
426556699,401130000,31.42
426569913,300110000,62.93
426315952,300210000,43.89
426210155,401000000,38.85
426632268,401121000,5.00
426407229,401250100,62.53
426476785,401110200,60.45
426586991,300210000,49.58
426019859,401000000,33.97
426147218,300110000,49.93
426568048,300210000,20.86
426714132,300210000,20.05
426257360,401130100,26.74
426262637,300110000,41.64
426246002,401121000,46.38
426799206,300110000,66.83
426139714,401000000,46.18
426134885,401000000,25.48
426257360,401000000,32.11
426346246,401130100,27.65
426232710,300210000,25.98
426450645,401002000,48.78
426526448,300210000,5.00
426341604,401000000,41.01
426314612,300110000,51.68
426357906,401110200,55.67
426422531,401220000,70.26
426255189,600070100,61.70
426695712,401110200,51.27
426520655,300210000,20.45
426530000,300210000,42.06
426441080,300110000,77.12
426140665,300110000,41.99
426451396,300210000,30.19
426819452,401000000,45.67
426341987,300110000,60.44
426508041,401000000,23.04
426522945,300110000,47.83
426745537,401130100,35.98
426779299,401220000,85.30
426160935,401250100,53.46
426177950,401000000,27.40
426345317,300110000,57.44
426578633,401250100,5.00
426766008,300110000,53.46
426686203,401250100,42.74
426393415,300110000,52.87
426511025,401000000,36.62
426245804,300210000,5.00
426224945,401110200,60.72
426134804,300210000,5.00
426429304,401130100,32.24
426314612,401000000,18.09
426544993,401130100,24.35
426334514,401241000,62.15
426145329,300110000,47.39
426130112,300210000,5.00
426621232,401250100,47.35
426003441,300110000,69.08
426369561,300110000,65.88
426093540,300210000,24.13
426217407,401130000,41.97
426752196,300210000,19.12
426820222,401110200,37.82
426126718,300130000,70.01
426064878,401000000,43.65
426804306,300110000,52.09
426004245,300110000,50.06
426315804,300110000,59.64
426336086,300210000,60.96
426703681,401241000,49.87
426265825,300110000,39.52
426473175,300110000,5.00
426333407,300210000,5.00
426147005,401000000,30.08
426147293,401000000,22.34
426399135,300110000,55.87
426479509,401110200,89.88
426521144,300110000,42.98
426146537,300210000,20.93
426130368,401000000,35.80
426129660,401000000,34.91
426731301,401000000,43.07
426528261,401121000,25.40
426139201,300110000,41.54
426727081,401000000,26.34
426713091,300210000,23.66
426548194,401000000,26.44
426137153,401110200,43.19
426282875,401110200,53.33
426400609,300210000,5.00
426417322,300110000,56.41
426617445,401110200,79.91
426218958,300110000,56.04
426306002,600070100,38.98
426685904,401250100,42.61
426339065,401220000,72.23
426113479,300110000,54.92
426714387,300110000,66.22
426741910,401110200,50.19
426586905,401110200,53.33
426591689,300110000,61.23
426326175,300210000,23.10
426150689,401130100,34.26
426602296,401130100,54.74
426693417,401130100,5.00
426510586,401250100,19.48
426666428,401002000,32.57
426344314,401000000,51.40
426395919,300110000,5.00
426025068,401220000,80.78
426315817,300210000,24.98
426465753,300210000,27.04
426390863,300210000,47.93
426630078,300110000,46.92
426753766,401130100,50.83
426469446,401250100,26.54
426473515,300210000,33.95
426679446,401000000,26.36
426208577,600070100,55.06
426286043,401000000,38.62
426417023,200010000,59.73
426422785,600070100,58.62
426239185,600070100,62.93
426126751,300210000,22.70
426056469,300110000,59.16
426378805,300110000,60.57
426479315,401000000,54.27
426459410,300110000,51.68
426236238,401121000,40.94
426601619,401110200,62.33
426132686,600070100,51.85
426146409,401110200,49.25
426032862,401110200,47.34
426264230,200010300,79.95
426689208,401000000,52.82
426332782,401000000,28.68
426550371,300210000,25.00
426333452,401000000,34.31
426247321,300110000,56.71
426652537,300110000,66.37
426611287,300210000,16.53
426759927,300210000,5.00
426802135,300110000,53.30
426218958,401110200,54.86
426469561,300230000,42.37
426558676,401130100,29.19
426839642,401000000,28.57
426457824,300210000,51.12
426360607,300110000,81.87
426768428,300210000,27.00
426516592,300210000,16.21
426245952,300210000,18.14
426652537,401110200,52.36
426445301,300110000,52.13
426650571,401000000,37.91
426255189,300210000,24.68
426335095,401220000,80.54
426065148,300210000,5.00
426361460,401000000,26.80
426666428,300110000,48.98
426727407,401000000,32.55
426179348,401000000,29.60
426560556,300110000,52.29
426691813,401002000,36.05
426464159,300110000,68.17
426460817,401241000,63.90
426710174,401220000,69.51
426424063,401250100,28.41
426522688,401130100,43.18
426016354,200010300,65.01
426261636,300210000,22.35
426803387,300110000,60.18
426518235,401130100,45.40
426577589,401110200,42.39
426690846,401121000,25.41
426129660,300110000,43.85
426042027,300130000,87.14
426620333,401241000,79.98
426391693,401000000,42.53
426767082,300130000,70.04
426479270,300110000,57.96
426346476,300110000,58.59
426469561,300110000,57.83
426711998,300210000,30.03
426712633,300210000,23.81
426142374,200010300,59.85
426725594,401000000,31.06
426341595,401000000,46.88
426150068,401130100,35.79
426189810,300130000,75.72
426472361,401110200,78.01
426623012,401250100,68.48
426801074,401130100,36.50
426496153,401241000,76.23
426171269,600070100,66.70
426520326,300110000,44.14
426785903,401000000,20.68
426790281,300210000,55.68
426662826,300110000,61.70
426405312,401000000,38.46
426315965,401110200,51.72
426341477,300210000,5.00
426467417,401110200,41.98
426018008,401000000,38.43
426794037,401002000,57.00
426672776,401121000,50.58
426397819,401130000,5.00
426490500,401110200,39.97
426130688,300110000,40.02
426694803,300110000,66.23
426713091,401130100,36.14
426145931,300210000,44.19
426146957,300210000,43.98
426083408,300210000,32.26
426396672,401110200,44.98
426405625,300210000,5.00
426800513,401121000,5.00
426147218,401220000,52.79
426137924,401130100,33.93
426734823,401000000,35.20
426718993,401230000,59.53
426432719,300230000,51.06
426008949,300210000,5.00
426400847,600070100,37.42
426179348,401241000,83.28
426526260,401250100,29.40
426128002,600070100,80.12
426412823,401000000,26.19
426139840,300210000,5.00
426667725,300210000,16.93
426344949,300130000,71.43
426292890,401110200,51.39
426804996,401110200,42.30
426128833,300210000,19.46
426714437,401000000,30.35
426309524,401241000,72.33
426134613,300110000,67.18
426143765,401130100,30.48
426713091,401000000,27.13
426662269,401130000,64.28
426262474,401000000,45.85
426577607,300210000,5.00
426687643,401000000,33.68
426841088,401000000,28.39
426596919,401000000,48.65
426137555,300210000,5.00
426711699,401000000,29.70
426327747,401110200,39.82
426467417,401121000,39.57
426249027,300210000,5.00
426794227,300210000,17.22
426232944,401000000,34.98
426042027,600070100,67.68
426550225,300210000,44.65
426033315,600070100,50.68
426830826,300110000,60.67
426285927,300110000,66.37
426139714,401130100,46.20
426460465,600070100,57.95
426127699,300210000,46.02
426345005,300110000,54.92
426231736,401241000,70.03
426588865,300210000,21.53
426341770,401002000,20.83
426545008,300110000,46.42
426763140,300210000,22.62
426141980,401110200,44.08
426395689,300210000,43.32
426473755,401110200,56.41
426134350,300110000,66.91
426342452,401241000,59.78
426561925,300110000,59.31
426157332,401110200,48.32
426619478,300310400,56.68
426490889,300210000,21.80
426264635,401220000,81.27
426147208,401110200,51.48
426373993,300110000,47.93
426751672,401130100,58.01
426441413,401000000,50.85
426139714,300110000,65.51
426751672,300210000,24.34
426619478,300110000,49.56
426012007,300110000,68.98
426820776,401241000,52.51
426607763,300210000,23.71
426127104,300210000,20.84
426280838,300210000,24.85
426128002,300110000,48.49
426149305,401000000,51.26
426432686,300210000,32.56
426245961,401121000,33.83
426527599,300210000,39.05
426017974,401000000,38.38
426679042,401000000,37.15
426337104,300110000,61.68
426662269,401110200,80.66
426400596,300110000,51.86
426645945,401000000,55.36
426686980,401000000,39.98
426391575,300110000,38.00
426233243,300110000,53.03
426638334,401130100,30.33
426658123,600070100,54.03
426514130,401000000,38.85
426838471,300310400,51.04
426328127,401000000,22.33
426526448,600070100,53.96
426560830,401000000,56.63
426611573,300110000,38.39
426148422,401000000,34.50
426563841,401110200,50.82
426416832,401000000,32.01
426408005,401000000,38.43
426422531,300210000,5.00
426423388,300110000,56.55
426729060,300110000,52.46
426560556,401110200,59.22
426128874,300130000,57.74
426682635,300130000,75.52
426572788,401000000,27.36
426404608,300210000,17.30
426369103,300210000,22.72
426617547,401000000,29.13
426741910,300210000,5.00
426131124,300130000,61.82
426417023,300210000,5.00
426473233,401230000,94.01
426152899,300110000,60.39
426406075,401130100,43.75
426761065,300210000,26.31
426579785,300110000,48.54
426766008,401250100,29.23
426397010,300110000,52.73
426465876,300210000,18.97
426623477,401241000,63.60
426139451,300130000,73.60
426438900,300110000,56.16
426147208,401000000,40.34
426522479,401000000,46.03
426516414,401000000,33.74
426654242,300110000,59.85
426347569,300210000,18.84
426638334,300210000,5.00
426136340,401000000,41.92
426544857,401000000,43.21
426109745,401000000,38.24
426122730,401000000,30.88
426476785,401130100,23.04
426609980,401000000,30.19
426029883,600070100,55.49
426134743,401220000,91.69
426143747,401110200,48.41
426755593,401110200,49.21
426766477,401250100,53.66
426237974,401000000,30.97
426694386,300110000,56.57
426310837,401250100,22.71
426742107,300130000,69.36
426448509,300210000,23.39
426520898,300210000,37.44
426611287,200010300,52.47
426751805,401000000,27.77
426717828,300210000,5.00
426336755,600070100,52.36
426360607,401000000,29.89
426000542,300110000,47.18
426404847,401002000,44.89
426146537,300230000,36.82
426126351,401110200,59.52
426669540,300210000,20.40
426412823,401002000,36.30
426614567,401230000,88.26
426332563,401121000,74.87
426689495,401130000,43.25
426046366,300110000,52.60
426348605,401110200,64.77
426769597,300110000,67.14
426464646,300110000,70.38
426403744,300110000,40.39
426216442,401000000,30.61
426391761,300110000,39.59
426449491,300230000,54.97
426688543,401000000,33.95
426546798,300210000,25.36
426117970,300110000,54.14
426142374,600070100,51.55
426612814,401130100,5.00
426749344,300210000,5.00
426617445,300110000,58.11
426390843,300210000,24.76
426469446,401000000,32.91
426397039,200010000,53.50
426793384,401000000,46.05
426353473,401000000,24.63
426482896,300210000,48.91
426740558,300210000,22.67
426607937,401000000,25.28
426335095,300210000,48.26
426341608,401130100,25.67
426520082,401110200,52.00
426740558,401241000,53.99
426398437,300210000,5.00
426315566,600070100,47.81
426488529,300210000,35.70
426192014,300210000,19.37
426234048,401110200,53.40
426171109,300110000,72.54
426018712,401250100,33.02
426171561,300210000,31.22
426472361,300210000,49.87
426718803,401000000,36.55
426568048,401241000,59.24
426150046,401121000,5.00
426521924,200010000,70.84
426237505,401000000,42.78
426581080,300210000,26.43
426120353,300230000,41.50
426146537,401000000,33.64
426632395,401000000,37.78
426221194,300210000,32.93
426264635,300210000,5.00
426400468,401002000,54.25
426464112,401110200,48.65
426233753,401000000,24.01
426130323,401002000,23.83
426052726,300210000,22.71
426041468,401000000,39.39
426376143,300110000,73.21
426110983,401110200,47.97
426291159,401000000,23.15
426830498,401110200,61.54
426443109,401000000,5.00
426650046,401000000,27.99
426472452,300110000,62.16
426711097,401241000,45.57
426484631,401000000,51.09
426527555,300210000,5.00
426004070,401130100,37.61
426011023,401000000,31.40
426451396,300110000,65.87
426278028,401130100,31.76
426123417,401002000,46.68
426573025,300210000,5.00
426569913,300210000,44.34
426716248,300210000,22.01
426571364,300130000,82.66
426344314,401110200,78.97
426107184,401250100,33.31
426123417,401000000,38.69
426718993,401000000,22.24
426397819,401110200,37.90
426690477,300110000,53.92
426479270,401000000,45.12
426000613,401220000,64.29
426137153,401000000,36.82
426626217,401000000,30.68
426511393,600070100,56.80
426110016,300210000,20.96
426436325,300130000,81.51
426011307,300110000,41.86
426519384,401000000,34.54
426242547,600070100,53.69
426560362,401110200,42.58
426676198,401000000,31.64
426445301,401110200,51.92
426572007,401000000,26.51
426678376,401000000,43.91
426519382,300110000,62.23
426747952,300110000,66.93
426011384,300110000,65.82
426209306,401000000,23.98
426132957,401000000,37.86
426044381,600070100,39.46
426583018,300210000,27.62
426479058,401250100,21.93
426686065,401000000,32.74
426262474,300110000,44.16
426569913,401121000,23.64
426345756,300230000,76.53
426568258,300210000,5.00
426598348,401241000,79.75
426477100,300110000,49.54
426367754,401250100,42.49
426246081,401000000,26.94
426457834,300110000,49.56
426466102,300210000,5.00
426556779,300210000,23.64
426752905,200010000,57.89
426163934,300110000,45.06
426282875,300210000,28.02
426217609,401002000,40.68
426792520,300230000,53.76
426127394,600070100,60.11
426046366,300210000,39.95
426830979,300110000,41.55
426564230,401000000,25.57
426572133,401130000,57.98
426138229,401110200,56.97
426357906,401000000,33.01
426520883,300110000,44.59
426265825,401000000,15.78
426634240,300110000,57.68
426470230,300210000,23.23
426686065,300110000,68.98
426511025,401002000,29.50
426548334,401250100,32.01
426340025,300110000,63.63
426722427,300110000,67.96
426251132,401110200,57.92
426397039,300210000,26.36
426180066,401130100,24.17
426255285,401130000,33.29
426711774,401240000,49.22
426466102,401230000,58.17
426530000,401000000,45.35
426341694,401110200,48.68
426037663,401000000,42.29
426611475,401241000,53.84
426757037,300210000,22.05
426369583,300210000,5.00
426523076,300110000,61.11
426265825,401130100,34.61
426474070,300110000,41.73
426527814,401000000,32.70
426560462,300210000,25.75
426544147,300210000,47.81
426588816,401000000,40.89
426234723,300110000,58.37
426593268,401000000,48.18
426277154,300210000,5.00
426519588,401240000,65.16
426524652,300110000,42.79
426011023,401002000,5.00
426029909,401000000,27.04
426625668,300110000,60.46
426015936,300110000,72.29
426635194,300110000,67.99
426720226,300110000,49.23
426232808,401121000,47.04
426390208,300110000,46.88
426246108,300110000,62.11
426357906,401130100,28.82
426723970,300210000,45.33
426134804,401000000,29.59
426286125,300210000,33.93
426147264,401250100,59.95
426232272,401110200,43.16
426729627,401130100,31.20
426159445,300210000,40.21
426264697,401220000,63.61
426729998,401130100,48.40
426432248,300110000,72.78
426617235,300110000,43.41
426015716,401000000,26.22
426482877,401241000,46.30
426784069,300230000,39.45
426270427,300110000,55.93
426019859,300110000,39.68
426229076,300210000,25.66
426562241,401000000,26.18
426571503,401130100,45.34
426395504,401000000,58.46
426234723,401220000,60.14
426460408,300110000,48.28
426721558,401000000,36.74
426570853,401250100,46.35
426148270,300110000,57.33
426397776,401110200,56.95
426110983,401121000,5.00
426402812,300110000,77.13
426713921,401000000,55.12
426688543,300210000,24.43
426390706,401110200,50.63
426514856,401250100,13.43
426140372,401110200,62.35
426233126,401000000,26.56
426519281,401000000,39.60
426232272,300210000,24.56
426069297,300210000,24.98
426125993,300130000,80.59
426447837,401000000,40.93
426577607,401110200,39.51
426597969,300130000,70.17
426247386,600070100,35.49
426422785,300210000,5.00
426135850,401110200,70.72
426663463,401110200,79.23
426472140,300110000,38.50
426828602,401002000,42.74
426676875,401000000,44.66
426804377,300130000,76.93
426139471,401241000,54.07
426335248,300110000,65.82
426728408,200010000,46.24
426231326,401110200,80.92
426276642,600070100,56.09
426088298,401121000,79.15
426227700,300110000,61.91
426380261,300210000,21.10
426842246,401250100,29.02
426153403,401220000,62.53
426281763,300210000,20.79
426247386,300110000,45.77
426766967,401110200,53.57
426400596,401240000,43.89
426524786,300130000,58.39
426340213,600070100,55.59
426526260,300210000,5.00
426711998,401250100,34.08
426574885,401000000,27.92
426820776,300130000,73.05
426441907,300210000,50.25
426490532,200010000,58.76
426241343,401000000,36.80
426459795,300210000,9.02
426341694,300210000,5.00
426256521,300210000,17.08
426341582,401110200,54.05
426741341,401241000,69.97
426236238,300110000,48.25
426545705,300110000,5.00
426417023,300110000,50.68
426745224,300110000,56.98
426391575,401000000,24.77
426242312,401110200,49.59
426144491,401130000,34.68
426519094,300110000,49.44
426520898,401000000,43.32
426819452,300110000,58.14
426660953,401110200,53.73
426258518,401000000,50.80
426181282,600070100,61.97
426064006,300110000,46.27
426524514,401000000,19.69
426128331,300210000,25.71
426373993,401110200,55.37
426572005,300110000,63.96
426197776,300110000,51.27
426326766,200010300,48.82
426162463,300110000,50.42
426146990,300110000,49.24
426151840,300110000,64.98
426152631,401110200,55.96
426791881,401130000,37.17
426120844,401000000,48.47
426170984,300210000,5.00
426252862,300130000,68.65
426143228,300210000,48.52
426560830,401241000,83.08
426398355,401240000,55.16
426245952,401000000,25.66
426571249,300110000,47.40
426163086,300210000,20.48
426128331,600070100,55.48
426336504,401000000,43.71
426519337,401110200,58.15
426015089,401000000,34.96
426557213,300110000,56.29
426342458,401250100,5.00
426265999,200010300,60.03
426312351,300110000,67.29
426631009,300110000,57.29
426151736,401002000,42.13
426383930,300230000,58.97
426465384,300110000,65.08
426610303,600070100,37.45
426290575,600070100,66.52
426234111,300110000,71.53
426255114,401121000,5.00
426285468,300110000,59.83
426619478,401000000,23.91
426272598,300110000,70.18
426010280,300210000,21.88
426477717,300110000,60.01
426393415,300230000,38.52
426341623,401000000,46.93
426306002,401002000,42.32
426726066,401241000,65.05
426177129,401121000,42.63
426127699,401110200,59.05
426336755,300230000,44.40
426629644,401000000,55.68
426626844,600070100,46.67
426150533,401000000,23.73
426591033,401000000,31.99
426390953,401130100,39.73
426690103,401002000,45.72
426201469,401241000,76.82
426549996,300210000,29.76
426569300,600070100,55.91
426208577,300110000,52.99
426719879,300230000,41.79
426639261,300210000,38.61
426480181,300210000,26.13
426409696,600070100,62.02
426181282,300210000,24.10
426685946,401110200,52.16
426334384,401241000,61.18
426246108,300210000,18.59
426244497,401110200,43.89
426262474,401130100,35.40
426840943,600070100,58.03
426766972,401000000,46.44
426348194,300210000,27.22
426718114,600070100,45.91
426522007,300110000,51.43
426687960,300210000,5.00
426465487,401000000,49.12
426550225,401002000,57.72
426589587,401002000,38.01
426146409,300210000,30.91
426673240,300110000,68.41
426285927,401250100,36.37
426231736,300210000,29.54
426544147,401110200,88.17
426459738,300210000,19.62
426340329,401110200,87.43
426316087,401000000,66.65
426560362,300110000,68.23
426499404,401130100,27.50
426443406,300110000,65.61
426338318,300210000,21.41
426341595,401130100,31.73
426464159,401000000,42.89
426578399,401000000,34.46
426285514,300230000,58.81
426309524,300210000,19.87
426114668,401250100,38.82
426232808,401241000,76.18
426025075,300110000,53.49
426274021,300110000,45.13
426575002,401250100,18.20
426079484,401000000,48.62
426839576,401110200,49.90
426231351,300110000,46.90
426088298,401000000,47.02
426564355,300110000,47.39
426147257,401000000,45.31
426395176,401110200,79.75
426272598,401000000,45.21
426346307,401000000,30.36
426071182,401000000,18.14
426793808,401250100,40.00
426395689,300110000,62.11
426123653,401130100,43.09
426571459,401130100,35.12
426248554,401000000,56.61
426069801,300110000,61.36
426397159,401110200,78.75
426667725,401000000,39.90
426409166,300110000,52.17
426284380,401230000,72.54
426701607,401000000,39.04
426759309,300110000,62.65
426354498,401000000,39.36
426056069,300210000,5.00
426340924,300210000,34.75
426541477,401241000,49.41
426560055,300110000,56.81
426682093,300110000,62.69
426171269,300210000,27.68
426184061,401110200,43.60
426016047,401000000,25.90
426556779,401000000,32.08
426827570,600070100,37.63
426569687,401220000,72.18
426544993,300210000,22.75
426568048,401230000,62.58
426809188,401000000,33.32
426582469,401130100,36.25
426127876,401002000,22.19
426691813,401110200,52.23
426472299,401110200,57.07
426018885,300110000,49.27
426120844,300130000,71.77
426758281,300110000,42.93
426556890,600070100,52.27
426482877,401000000,29.67
426794227,401000000,35.33
426147257,300110000,79.06
426424063,401000000,36.97
426260602,300110000,56.96
426652737,401110200,45.25
426675829,401241000,72.83
426253462,401250100,26.96
426285468,300210000,25.21
426490716,401240000,48.78
426340696,300110000,59.12
426570769,401000000,41.30
426395745,401130100,56.96
426809917,600070100,41.36
426340329,300110000,40.78
426147220,401241000,77.17
426036794,300110000,53.35
426376135,401000000,30.96
426064878,600070100,45.67
426463032,300110000,41.19
426496153,300110000,70.32
426334342,300110000,46.43
426510308,300130000,85.91
426333407,300110000,32.21
426480181,401000000,27.80
426037460,401121000,5.00
426230722,300110000,38.37
426474916,300110000,56.07
426623453,300210000,27.52
426479349,401250100,35.81
426105566,401000000,37.32
426829046,300210000,20.34
426690862,401110200,48.92
426245113,300110000,60.59
426139451,600070100,58.17
426525276,401000000,22.78
426690846,401002000,24.38
426328921,300110000,41.30
426127104,401000000,50.91
426342593,401121000,65.44
426548334,401000000,25.75
426255285,401000000,44.74
426479509,300210000,56.62
426757037,401220000,79.07
426714516,401241000,67.55
426673171,401110200,72.53
426475621,300110000,5.00
426736983,200010300,45.67
426606188,401250100,27.96
426740558,401250100,26.08
426255189,401000000,37.92
426464112,300110000,58.34
426461698,300110000,49.83
426151814,401250100,28.67
426145609,401002000,28.91
426510308,300230000,62.68
426587324,300110000,40.09
426830979,401250100,5.00
426841088,300110000,52.92
426720028,300110000,43.05
426260635,401121000,31.63
426391575,300210000,18.89
426342618,401110200,89.66
426391693,200010300,64.40
426425179,401230000,69.25
426425269,300210000,22.27
426799205,401000000,28.05
426697595,300210000,5.00
426473755,401130100,31.10
426249111,401000000,57.54
426787542,401110200,53.01
426311989,300210000,29.93
426336403,401000000,44.42
426392553,300110000,52.53
426003441,401000000,35.86
426679042,300130000,56.21
426399588,401241000,76.15
426336130,600070100,66.54
426772644,300210000,22.68
426297113,300210000,38.92
426490547,401000000,22.32
426796613,401250100,41.41
426397176,401121000,27.85
426447862,401110200,53.98
426253481,300110000,5.00
426675655,300110000,39.42
426476776,401130000,30.02
426688804,300110000,57.93
426460817,401000000,61.37
426715369,300210000,5.00
426217150,300210000,35.82
426416640,200010300,58.67
426224945,401130100,43.39
426800513,300110000,54.56
426641168,401000000,37.65
426624351,401000000,41.63
426237982,401002000,74.88
426551537,300110000,50.73
426472299,300210000,17.73
426568258,401000000,29.25
426336197,401002000,51.26
426158228,401130000,28.05
426037460,401000000,37.54
426060723,300210000,30.98
426255231,401110200,46.69
426425179,300210000,5.00
426150942,300110000,65.66
426402189,300210000,25.73
426344314,300110000,51.40
426250552,300210000,18.37
426801402,401110200,43.94
426404847,300210000,18.99
426682635,300110000,64.02
426234141,300130000,78.21
426465472,401000000,23.27
426465876,401110200,59.29
426587940,401000000,36.62
426459738,300110000,57.28
426150068,300110000,49.04
426460817,401110200,81.41
426572985,401240000,84.37
426021642,300210000,5.00
426003552,300210000,24.90
426632238,401110200,55.06
426753766,401110200,79.03
426611475,300210000,24.74
426690846,300210000,19.01
426511919,401002000,37.90
426782305,401000000,35.96
426701234,200010000,50.56
426238288,401250100,34.51
426404905,401000000,39.03
426596919,300210000,9.75
426801402,300210000,5.00
426628048,300110000,52.42
426147220,300110000,35.96
426422785,401000000,37.62
426126883,401241000,85.26
426290429,401250100,27.97
426015089,600070100,64.83
426640226,300210000,16.90
426575901,600070100,44.99
426369561,300210000,22.85
426473507,300110000,72.63
426277154,300110000,58.83
426118420,300110000,63.97
426450692,401000000,33.61
426338414,300210000,18.83
426751872,600070100,52.85
426357222,300110000,60.21
426713921,300210000,23.43
426334514,300110000,39.31
426114391,300110000,49.13
426056069,200010300,70.64
426772619,600070100,57.46
426404905,300210000,5.00
426280613,600070100,61.55
426377310,401220000,62.70
426076792,401250100,26.06
426747254,300210000,21.00
426841088,401250100,31.81
426254636,300210000,5.00
426596098,200010000,47.33
426147220,401000000,30.64
426015299,300210000,37.18
426627004,300110000,55.02
426391028,401230000,72.78
426332163,401000000,28.84
426357222,401000000,35.80
426459738,401000000,21.36
426474158,300210000,5.00
426614168,401002000,25.51
426818388,300210000,29.02
426168373,300110000,35.28
426425179,401110200,50.89
426511919,300210000,5.00
426267352,401000000,61.22
426137117,600070100,81.32
426520914,300110000,57.90
426625704,300110000,54.92
426813750,401000000,20.63
426630078,401110200,75.11
426469621,300210000,25.10
426813750,300110000,55.20
426290615,300110000,66.56
426233122,300110000,55.50
426570853,401000000,33.24
426596919,401130000,21.90
426225084,401110200,55.40
426065148,300110000,47.46
426254737,300210000,5.00
426476020,401110200,62.55
426464811,401000000,22.85
426279770,300110000,52.74
426723970,401002000,66.92
426389319,300210000,22.48
426666514,401110200,62.17
426157076,200010300,72.79
426182243,300210000,18.68
426574434,300110000,44.79
426579434,401130100,30.65
426376135,300110000,58.05
426331061,300210000,23.00
426346307,300210000,5.00
426299903,300210000,37.80
426425269,401130100,31.17
426147251,300110000,65.72
426557213,401110200,55.38
426750680,300210000,20.42
426526161,401000000,22.06
426395211,300110000,49.54
426247321,401000000,32.30
426065826,200010000,62.10
426146940,300210000,5.00
426138784,401130000,37.17
426335248,401002000,73.95
426469526,300110000,44.56
426525368,401000000,37.93
426390950,300110000,56.14
426353492,300210000,5.00
426402189,300110000,40.73
426239185,300130000,71.79
426486612,401000000,40.59
426251442,401000000,33.20
426713091,401241000,46.73
426314612,401121000,27.31
426342130,401121000,18.85
426150533,401110200,44.89
426114668,300110000,48.84
426804293,401250100,31.20
426761183,300110000,31.60
426390863,300110000,78.15
426648083,401121000,65.70
426395251,300110000,50.55
426344383,401000000,29.42
426556347,600070100,45.03
426344673,300210000,5.00
426770817,300210000,22.78
426268286,300110000,70.17
426762352,401110200,49.57
426725295,401240000,54.11
426523615,401000000,47.13
426611287,300110000,52.31
426700341,401000000,49.00
426623515,401110200,52.54
426168985,401000000,55.82
426819452,401230000,82.89
426791124,300130000,81.04
426611740,300110000,55.23
426137153,401002000,36.71
426131340,300210000,23.97
426573025,401220000,62.48
426160714,300110000,51.28
426133049,300210000,5.00
426395504,300210000,42.29
426520205,401130100,29.37
426404016,401110200,79.39
426650432,300110000,68.12
426234901,300130000,84.89
426420761,401000000,31.22
426389616,200010300,44.15
426625356,300210000,30.31
426760920,401250100,32.93
426395298,401000000,44.23
426133049,401002000,36.97
426600985,401130100,63.36
426516592,401130000,22.76
426404016,401000000,52.17
426073046,300110000,65.16
426353492,401000000,35.75
426337104,401121000,85.88
426375455,300110000,41.60
426523862,401000000,24.31
426801402,401000000,7.59
426346476,401000000,31.23
426139664,401000000,16.31
426604161,401000000,31.80
426233122,401000000,25.69
426703167,300110000,59.59
426391761,401000000,36.79
426181200,300110000,42.58
426718993,401240000,43.84
426123357,401000000,26.36
426127861,300110000,61.44
426400847,401000000,22.97
426017974,300210000,30.21
426140815,401000000,29.92
426145649,401002000,33.34
426116046,401230000,76.32
426309524,401220000,64.32
426187422,300130000,74.42
426527599,300110000,56.44
426150046,300110000,50.76
426250954,300210000,46.87
426741910,401000000,39.01
426135799,401000000,44.90
426617445,300210000,32.53
426469621,401241000,67.85
426233122,300210000,5.00
426157204,300130000,76.47
426459764,300110000,41.45
426607937,300210000,24.82
426602296,401110200,49.98
426409466,401230000,59.24
426435988,300110000,62.56
426336905,300210000,21.72
426689208,300110000,70.62
426047341,600070100,51.58
426035734,401000000,36.66
426785903,600070100,53.22
426488114,300210000,23.97
426751872,300110000,34.85
426398446,401000000,32.62
426578449,401000000,29.91
426239185,300210000,5.00
426131654,401110200,61.64
426153643,300110000,49.99
426449491,300210000,38.38
426410701,300110000,69.73
426719641,600070100,66.57
426600985,401000000,55.68
426252744,401130100,61.20
426830979,401220000,61.74
426520641,401000000,44.75
426501220,401121000,39.81
426751672,300110000,36.72
426564172,401000000,39.35
426629644,401110200,52.73
426227700,401000000,36.25
426423388,401220000,60.45
426231051,300110000,58.27
426393550,300110000,59.62
426664200,600070100,45.52
426718325,401121000,36.13
426572985,401000000,53.95
426152899,401000000,5.00
426632169,401000000,33.18
426037663,300210000,32.56
426166678,600070100,45.41
426398262,401000000,24.46
426839622,401000000,27.56
426274021,401000000,25.80
426261636,401000000,33.47
426163934,300210000,16.72
426633311,401000000,29.28
426652537,401000000,33.10
426773453,300110000,67.64
426141980,300110000,54.27
426668776,300310100,46.93
426340329,300210000,5.00
426347281,401000000,22.59
426625668,300130000,68.50
426409395,300110000,65.41
426627294,401110200,44.18
426342458,401000000,26.85
426597969,300210000,22.92
426130688,401002000,61.01
426614187,300210000,52.44
426581327,600070100,55.73
426518352,300210000,26.01
426398789,300130000,77.60
426150689,300110000,67.07
426015218,401220000,88.12
426793808,401000000,36.09
426136244,401110200,87.42
426187422,401000000,30.84
426514856,300110000,48.67
426301756,300210000,45.64
426589170,401230000,85.64
426199443,300130000,53.53
426397338,401002000,44.08
426512152,401000000,26.29
426107522,300110000,45.67
426375455,401220000,66.34
426147847,300210000,5.00
426635194,401000000,39.72
426520082,300110000,53.73
426465487,300210000,17.36
426389227,300110000,68.15
426168373,401110200,47.09
426043452,300230000,40.46
426072541,401000000,49.42
426814281,300210000,31.45
426032862,300210000,19.91
426556779,401002000,40.26
426569913,401002000,26.49
426162254,300210000,29.20
426634985,300210000,22.97
426127425,401130100,20.15
426571459,300110000,53.49
426490500,300110000,43.30
426270024,300210000,24.25
426694386,300210000,15.78
426280613,300110000,75.99
426561299,300210000,55.58
426578399,300210000,23.95
426462133,300110000,51.54
426407929,300210000,21.65
426073142,300130000,69.70
426490532,401000000,26.20
426680978,300110000,5.00
426525404,401000000,24.55
426811638,401110200,59.74
426244455,401000000,26.48
426432719,401000000,42.25
426247321,600070100,45.74
426339521,300210000,21.60
426519202,300210000,44.20
426712713,401000000,49.03
426466541,401230000,61.60
426073046,300210000,20.41
426285468,401220000,89.33
426395569,401241000,60.63
426073805,401130000,26.36
426395569,300110000,71.60
426236634,300110000,52.51
426237523,401110200,86.41
426398873,300110000,34.61
426246281,300210000,48.78
426791422,300110000,42.69
426754417,401002000,35.91
426313522,401250100,39.91
426753766,300210000,31.62
426341608,300210000,22.86
426688633,401000000,29.36
426187507,401250100,40.27
426150942,300230000,41.50
426613192,300310100,49.05
426019729,300110000,38.90
426549458,300210000,18.95
426538509,401000000,32.12
426214562,300110000,54.14
426667725,300110000,31.33
426689495,300110000,55.54
426801074,300110000,49.58
426632238,300210000,11.44
426152941,300210000,16.02
426026426,300110000,67.34
426719974,300210000,46.07
426473515,300110000,48.13
426076792,401000000,40.74
426267352,401002000,53.38
426237594,600070100,44.84
426623667,300130000,72.51
426835315,200010000,52.22
426216442,300230000,50.90
426345020,300110000,53.88
426421134,401250100,47.11
426759927,300110000,68.56
426340213,300110000,55.77
426332163,401110200,82.74
426348605,200010300,61.70
426336511,401000000,36.83
426201874,300210000,28.79
426794227,300110000,54.22
426344564,401000000,33.03
426466580,401130100,47.16
426146957,401130100,40.25
426597969,300110000,54.10
426520655,401000000,26.56
426341608,300110000,71.88
426402661,300110000,36.91
426571997,401000000,33.00
426238672,401130000,27.86
426407929,300310100,75.15
426140485,401000000,36.87
426159445,401000000,53.13
426109745,401241000,65.16
426767060,300110000,50.39
426616839,300110000,51.84
426153631,401130000,24.38
426620333,300210000,42.33
426028908,401000000,36.97
426333045,300210000,17.73
426558047,401000000,29.32
426003441,300210000,27.13
426243330,300230000,33.72
426345317,401000000,39.23
426333054,401000000,48.58
426519281,300110000,58.09
426398262,300110000,48.18
426254737,401000000,23.37
426243866,401000000,31.34
426128977,401220000,69.72
426805182,300210000,26.96
426520205,401002000,30.75
426246300,401121000,5.00
426393936,200010300,68.20
426399588,300210000,47.76
426818388,401250100,17.56
426393415,401110200,74.64
426301756,401110200,81.94
426727489,401000000,34.48
426701234,401110200,42.08
426759145,401130100,23.52
426782357,401240000,52.20
426407229,401110200,79.95
426147586,401000000,42.05
426389616,300210000,22.68
426524639,300110000,57.84
426812405,401110200,75.97
426476509,401230000,85.64
426143464,401110200,42.31
426645945,401250100,57.84
426667692,300130000,55.97
426475943,300210000,27.48
426243819,401250100,34.28
426134350,401110200,71.71
426334384,300110000,51.52
426560556,401130000,42.13
426410701,300210000,32.82
426436325,300110000,60.19
426572788,300110000,48.05
426519202,401000000,36.00
426280627,401110200,87.88
426568258,200010000,62.79
426143070,300210000,5.00
426396554,300110000,50.35
426303377,300110000,66.51
426266590,401220000,89.39
426714132,401110200,52.91
426129299,401230000,51.48
426134885,401241000,60.85
426343547,300210000,55.54
426043452,300210000,26.70
426062287,300230000,60.12
426525276,200010300,52.46
426464821,300110000,59.09
426341623,401110200,59.06
426039326,600070100,62.40
426336130,401240000,61.91
426174900,401000000,24.31
426338491,401000000,5.00
426124425,300110000,39.96
426148033,401121000,46.48
426519384,401110200,47.79
426000613,401110200,51.98
426524514,300210000,21.43
426139077,600070100,72.50
426571007,401110200,45.67
426217609,300210000,34.68
426348768,300210000,20.82
426577607,300110000,44.42
426768816,401110200,57.76
426386964,300210000,18.77
426051492,300130000,72.46
426549458,300110000,37.04
426679042,300210000,19.14
426135568,600070100,65.42
426839642,300210000,5.00
426476785,300110000,57.97
426524914,401000000,29.88
426785694,200010000,86.13
426246300,300210000,21.93
426476974,300210000,29.55
426727640,401240000,51.87
426134579,401000000,24.27
426460180,300210000,47.60
426345756,401000000,44.60
426668776,401000000,23.72
426139664,600070100,39.72
426438900,401000000,44.31
426270427,300210000,5.00
426609980,300110000,79.59
426745224,401110200,49.62
426029087,401000000,37.37
426254015,300110000,70.61
426182351,300130000,67.95
426436940,300210000,5.00
426237523,300210000,54.78
426560394,300210000,5.00
426804306,600070100,45.91
426144313,401130000,42.75
426400695,300210000,21.68
426833562,600070100,68.39
426237982,300210000,22.66
426519384,300210000,17.88
426435369,300210000,7.95
426286043,300110000,45.30
426591033,300210000,27.39
426520641,300210000,25.00
426343725,300230000,39.23
426459764,300210000,28.31
426075314,401000000,20.21
426351356,401000000,44.17
426265838,401121000,5.00
426522391,401250100,20.54
426480677,401000000,39.13
426677046,300210000,5.00
426540771,401220000,70.45
426237597,401002000,42.99
426395511,300110000,68.52
426546798,401000000,30.52
426127061,300210000,24.49
426725295,300110000,62.39
426715369,300110000,60.14
426719879,600070100,60.74
426526161,300110000,42.29
426132034,401000000,35.17
426475313,300210000,20.21
426561057,401110200,43.29
426745537,401000000,36.44
426460728,401000000,41.86
426564200,300110000,5.00
426241131,600070100,50.06
426138986,401000000,31.72
426004350,401241000,43.54
426715684,300110000,58.48
426010203,401000000,37.46
426516940,401250100,5.00
426130368,300210000,27.79
426525404,401002000,36.02
426545008,401000000,5.00
426677046,401250100,22.26
426425269,401110200,42.94
426281738,401130000,63.68
426207141,401000000,32.24
426230360,401000000,38.50
426490889,300110000,40.95
426672776,401000000,49.26
426671330,300210000,5.00
426127699,300110000,73.43
426727640,401110200,48.71
426019859,300210000,5.00
426522504,300110000,46.40
426617106,600070100,54.61
426338491,300110000,65.09
426180066,401110200,52.89
426297113,401110200,64.16
426243874,300110000,47.89
426146957,401000000,46.61
426435369,300110000,47.21
426071182,401110200,50.53
426004245,300210000,24.09
426248792,300210000,22.28
426750680,300110000,61.89
426137705,401002000,26.46
426010488,200010300,67.95
426726370,300110000,49.58
426541237,401130000,31.38
426772971,401110200,55.28
426259516,401000000,35.69
426626835,401121000,50.00
426286043,401002000,37.71
426398446,300210000,5.00
426395781,401130100,65.18
426122730,401250100,27.63
426151840,300210000,56.15
426514663,401241000,55.69
426703230,401220000,88.89
426254636,401130000,37.39
426710174,300110000,46.39
426586991,401110200,79.93
426333452,300110000,43.80
426280838,401000000,44.62
426163086,200010300,66.64
426671330,600070100,58.32
426402661,300210000,5.00
426723376,401002000,30.86
426488114,401002000,34.06
426266795,401000000,62.32
426002957,401220000,62.84
426522479,300210000,31.38
426140775,401000000,33.45
426343725,300110000,60.55
426259557,401002000,26.32
426245113,401000000,34.72
426690727,401130100,26.86
426766967,401250100,35.69
426611573,300230000,39.91
426551537,401121000,37.48
426549996,300230000,73.04
426443406,300230000,62.96
426395251,401110200,51.34
426008949,401000000,33.51
426257642,401130000,35.92
426587524,401110200,85.63
426581080,401000000,42.45
426479058,401260000,56.18
426071761,300210000,23.26
426780226,401230000,54.76
426407229,401000000,50.17
426000613,401000000,21.82
426217609,300110000,63.05
426759927,401000000,43.56
426617463,300110000,51.62
426245788,401002000,26.68
426251442,300110000,61.49
426461698,401000000,35.78
426137086,401000000,36.89
426830498,300210000,5.00
426625668,401000000,38.69
426540688,401000000,35.50
426252897,401110200,81.45
426115960,401250100,19.45
426207002,300210000,20.78
426015299,401000000,32.70
426472452,300130000,65.52
426525739,300210000,22.86
426588865,401000000,37.28
426147715,300210000,5.00
426587524,401121000,83.50
426773453,401000000,57.48
426562241,300210000,7.32
426265175,401121000,17.99
426408797,300110000,50.81
426378805,401000000,23.29
426025075,401000000,27.71
426368046,300310100,81.53
426404566,401000000,36.42
426660953,300110000,58.11
426520883,401000000,36.50
426008617,300110000,70.48
426126751,401220000,67.92
426336511,300210000,21.00
426146762,401000000,30.47
426162121,300130000,55.97
426475943,401000000,26.41
426064878,200010000,56.60
426714387,401000000,50.42
426785984,300110000,49.66
426072541,300210000,25.94
426336701,300110000,41.89
426242547,401000000,45.98
426072861,600070100,57.89
426479315,401130100,57.35
426564172,300110000,61.02
426469576,401110200,39.79
426519588,300110000,64.18
426044381,300110000,40.26
426275493,300210000,23.60
426280627,300210000,51.70
426018712,401220000,67.60
426524435,401250100,41.64
426564703,401110200,50.54
426690103,300110000,82.74
426280838,401250100,48.21
426276642,401000000,34.88
426429152,300110000,56.14
426473233,300110000,31.59
426128508,300210000,19.41
426408797,401230000,78.81
426725917,401002000,34.01
426395211,401230000,96.52
426482877,401250100,26.08
426565408,300110000,47.01
426303377,401130100,33.93
426107522,401000000,45.11
426395211,401000000,43.80
426465472,200010300,54.81
426526260,401000000,29.36
426432248,401000000,48.77
426635194,300210000,36.61
426682784,300110000,60.44
426141142,300110000,48.57
426190307,300210000,11.54
426341769,401000000,28.18
426248554,300210000,59.42
426148033,300210000,20.23
426556566,401130100,33.84
426464811,401110200,43.93
426607763,401110200,58.88
426785694,300210000,19.08
426243482,300210000,26.23
426652737,300110000,56.70
426467417,300210000,19.67
426043452,401000000,32.81
426571459,401220000,79.38
426757497,300210000,18.52
426361398,300210000,18.87
426030667,401250100,35.22
426634985,300110000,62.96
426601277,401121000,37.64
426216047,300210000,5.00
426147708,401220000,84.46
426664278,200010000,71.13
426379524,401000000,24.16
426107184,401000000,38.04
426406525,600070100,54.81
426157127,401000000,21.85
426195829,300110000,52.99
426677530,300110000,60.13
426490716,401250100,26.57
426254737,300110000,58.09
426740186,401000000,26.47
426065148,401002000,29.59
426620219,401220000,57.09
426397871,401130000,48.42
426248490,300210000,26.79
426076743,300110000,47.65
426526448,300110000,43.19
426002004,300230000,41.68
426729998,300110000,48.79
426727407,401230000,49.29
426407929,401110200,41.99
426572007,401110200,56.31
426324056,401000000,34.46
426170026,300210000,30.31
426480677,300210000,19.78
426720028,401241000,44.38
426490500,300210000,5.00
426711998,300230000,39.57
426652410,300110000,51.68
426060286,401000000,5.00
426140543,600070100,62.24
426459764,401002000,31.59
426438900,401250100,5.00
426168642,600070100,52.71
426344383,300210000,23.13
426280627,300110000,59.42
426147847,300110000,49.14
426137302,401000000,23.42
426346476,401250100,30.27
426530338,300110000,57.88
426450429,300110000,54.16
426602296,300210000,26.18
426675829,401000000,52.58
426138229,401002000,34.09
426520641,401110200,50.13
426560055,401000000,41.18
426632169,600070100,49.33
426352214,300210000,26.98
426512124,401110200,38.63
426594964,401000000,37.95
426610303,401250100,23.52
426490716,300110000,53.83
426628048,401110200,85.26
426287274,300110000,50.80
426137555,300110000,69.88
426520326,300210000,31.52
426304493,401241000,59.65
426421927,300110000,46.80
426394852,401000000,39.05
426345098,300110000,50.75
426477100,401130000,37.13
426741910,401130100,33.73
426802560,300110000,52.87
426130292,401000000,35.51
426839622,401110200,67.18
426341694,401241000,67.88
426328921,600070100,44.58
426146537,300110000,39.64
426146409,300110000,60.35
426148270,401000000,36.39
426718315,401000000,30.39
426524914,600070100,55.87
426519452,401000000,52.69
426722363,401000000,23.48
426039326,401110200,38.01
426525135,401250100,5.00
426654242,401000000,45.54
426143747,401130100,5.00
426234111,401000000,28.12
426127876,300210000,28.35
426663125,401110200,37.90
426249111,300110000,58.91
426236351,300210000,5.00
426677530,401110200,85.97
426458207,300110000,48.48
426151886,401230000,59.49
426462133,300210000,23.64
426786777,300210000,22.29
426120311,300210000,5.00
426648083,300110000,68.23
426522504,401002000,42.67
426403363,401000000,45.42
426574434,300210000,5.00
426149325,401130000,49.17
426134743,401000000,26.95
426524514,401130100,29.35
426075314,300210000,25.89
426519337,300110000,60.00
426514927,401000000,34.62
426727081,401240000,51.91
426151189,300110000,57.51
426243330,401000000,36.89
426524786,401000000,33.56
426758436,300130000,60.73
426406075,300210000,21.40
426602296,401000000,50.55
426070852,401121000,21.96
426250429,401110200,39.16
426581327,300210000,15.37
426155506,300110000,42.95
426230480,300210000,21.27
426151862,200010000,59.12
426575901,300110000,45.03
426590860,300210000,22.90
426664278,401000000,30.88
426749173,401110200,42.83
426650571,300210000,53.37
426537937,401000000,40.08
426007195,600070100,55.97
426835315,401000000,45.18
426281763,401241000,87.77
426344828,401110200,40.40
426568766,200010000,55.01
426021642,401121000,42.22
426485825,300210000,20.41
426244497,401121000,19.26
426344383,300130000,62.78
426367754,401241000,76.50
426782357,401250100,5.00
426362608,300110000,41.69
426066204,300110000,59.74
426342618,401000000,60.86
426398873,401000000,27.10
426541237,300210000,16.49
426521038,300110000,45.94
426722427,401000000,35.57
426752958,300210000,5.00
426339140,401002000,43.86
426003643,300110000,67.05
426799206,401000000,40.80
426549458,200010000,53.09
426422531,401110200,39.67
426148143,401110200,89.91
426556566,401110200,40.00
426563841,300210000,17.43
426588816,300110000,79.08
426572788,600070100,35.24
426480181,300130000,56.99
426568048,300110000,56.68
426345800,401000000,26.78
426801074,300210000,17.41
426130102,600070100,44.53
426332269,300110000,44.93
426238615,401000000,38.28
426244455,300210000,17.14
426720226,300210000,5.00
426353473,401110200,41.71
426816790,300210000,5.00
426523862,401241000,65.74
426346019,401000000,33.23
426768428,401000000,35.12
426153178,300210000,23.20
426000542,401000000,25.21
426829260,401000000,51.63
426566532,300110000,39.86
426544080,300210000,26.51
426155579,401000000,26.67
426143551,401110200,40.15
426572007,300110000,53.45
426667813,300110000,58.01
426766972,300210000,5.00
426157127,401250100,27.47
426246281,401000000,52.06
426247446,401000000,42.19
426233753,300110000,46.51
426466541,300110000,43.62
426682619,300110000,51.40
426638742,300210000,29.27
426596098,300210000,25.93
426396672,401130100,31.41
426805182,300110000,39.56
426588816,200010300,68.42
426740117,300110000,45.88
426623027,300210000,20.87
426332782,300210000,25.29
426652410,401250100,5.00
426737568,401110200,5.00
426816790,300230000,34.77
426713921,600070100,60.66
426401588,300210000,19.87
426324056,300110000,62.80
426172482,300110000,63.75
426632156,600070100,37.61
426265175,401110200,48.78
426522457,401000000,26.05
426344828,401130100,32.46
426141613,401230000,55.84
426326175,300110000,62.73
426561381,401000000,36.13
426701607,401130100,28.50
426402126,401000000,25.24
426571731,401130100,39.21
426772559,300110000,48.64
426622988,300110000,53.11
426269355,300110000,63.70
426729627,401110200,73.35
426044325,300210000,18.41
426400205,401110200,40.89
426360027,300210000,24.28
426537562,300130000,58.24
426232808,401000000,58.10
426593268,300210000,26.68
426126302,401000000,35.13
426632156,200010300,42.33
426252862,300210000,5.00
426518352,200010300,58.11
426757889,401000000,35.59
426065148,200010300,53.70
426678281,300210000,5.00
426440861,401000000,19.05
426348194,300110000,45.88
426830498,401000000,33.51
426127876,401000000,33.82
426522688,300210000,5.00
426521038,401000000,27.97
426476509,401000000,61.92
426791422,600070100,49.99
426698323,401000000,26.33
426244713,300130000,57.01
426525368,300110000,40.55
426187507,401000000,38.41
426341477,300110000,44.73
426652118,401110200,61.49
426173051,401110200,60.35
426217407,401220000,59.78
426676198,300210000,21.59
426287274,300210000,28.44
426217407,300110000,63.51
426148788,401000000,32.72
426128874,600070100,57.55
426109745,401250100,25.76
426759309,300210000,5.00
426472452,300210000,21.19
426135568,401000000,29.13
426072861,401250100,22.21
426768816,401000000,34.62
426746256,300210000,28.16
426069743,600070100,46.40
426607937,401110200,43.49
426488298,300310400,60.41
426064543,401130100,26.87
426391028,401110200,56.35
426473175,401000000,32.90
426128593,401130000,28.44
426679446,401250100,16.31
426613738,300110000,69.73
426682784,300210000,14.76
426740965,401000000,42.22
426025805,401110200,44.83
426137555,401220000,64.37
426028717,300110000,69.96
426041468,300110000,76.05
426772559,600070100,70.17
426216047,300110000,54.48
426218958,401000000,44.74
426691636,401000000,29.75
426701234,300210000,5.00
426292110,300130000,73.33
426668442,401000000,34.20
426343725,300210000,23.38
426194433,300210000,5.00
426487101,200010300,77.90
426521144,300210000,19.59
426070582,401000000,44.62
426060272,600070100,43.61
426770817,300110000,51.82
426135850,401000000,31.22
426006353,401130100,28.79
426339619,300210000,22.56
426672965,401000000,28.52
426821298,401002000,28.19
426225084,401230000,68.18
426678376,401250100,47.66
426600327,200010300,59.84
426073194,401002000,28.76
426792520,401110200,57.36
426326175,401000000,42.67
426148033,300110000,54.07
426337383,300110000,62.67
426450692,300110000,35.86
426151886,401000000,26.18
426260428,300110000,52.49
426680978,401110200,48.76
426391497,401110200,63.76
426470673,401000000,28.33
426114028,401000000,5.00
426140485,401130000,46.45
426340924,401220000,63.85
426333054,300110000,68.35
426237239,300110000,44.35
426245961,401000000,29.98
426465753,401000000,23.79
426345020,401000000,31.93
426646188,401110200,57.33
426476968,401240000,48.58
426404566,200010000,57.76
426341604,300110000,51.73
426698294,401002000,39.25
426469561,600070100,55.46
426514130,401110200,46.27
426335427,401110200,90.39
426465384,401110200,54.82
426285514,401000000,32.50
426402189,401002000,31.36
426294100,300210000,24.85
426811638,300210000,26.82
426139201,300230000,31.49
426602296,300110000,57.59
426241598,300210000,5.00
426525276,401220000,70.93
426460981,401130100,5.00
426728112,401000000,22.01
426244455,200010300,47.83
426803871,401000000,31.83
426274723,401230000,71.59
426094440,300210000,22.02
426015089,300130000,70.58
426076505,300110000,49.32
426829260,300210000,22.10
426398873,200010000,58.59
426232710,401110200,51.80
426429099,300110000,48.02
426134895,401130000,35.69
426179348,401110200,66.36
426343725,401110200,46.80
426581327,401110200,45.83
426318891,300110000,52.15
426128833,600070100,66.92
426817782,401110200,43.38
426560556,300210000,29.32
426017974,300130000,66.28
426665059,300110000,30.83
426841088,401241000,53.08
426394059,300210000,36.53
426147659,300210000,21.59
426396554,401110200,48.32
426011023,401121000,5.00
426785694,300110000,5.00
426267352,300210000,36.52
426118420,401000000,52.52
426690103,401250100,35.86
426182351,401241000,65.79
426008949,401220000,67.72
426747952,401002000,42.52
426134613,401002000,39.62
426547961,401130100,47.71
426535869,401130100,48.86
426836238,200010300,68.07
426306684,300110000,49.97
426642910,300210000,22.45
426195829,300210000,5.73
426260497,401000000,65.60
426327747,600070100,62.84
426637538,401000000,30.74
426338491,300210000,5.00
426397010,401110200,89.47
426754878,300110000,67.32
426399588,401250100,46.34
426227700,401002000,45.77
426623667,401110200,76.59
426564172,300210000,20.37
426523615,401130100,38.97
426276642,300210000,5.00
426146283,401000000,22.48
426198270,401000000,31.21
426264697,401000000,46.44
426523250,300110000,51.17
426292110,401000000,30.37
426544147,300110000,62.14
426523862,300110000,41.27
426836765,300210000,24.56
426140775,300210000,21.72
426398599,401000000,28.59
426345647,300210000,25.55
426729060,401000000,44.92
426563841,300110000,55.43
426254737,401121000,32.34
426465472,300110000,48.49
426177950,300110000,48.71
426000542,401241000,52.37
426477717,600070100,60.35
426723081,300210000,25.32
426253666,401000000,29.52
426511774,401241000,61.00
426574556,300210000,9.35
426644158,401230000,94.20
426549458,401000000,32.17
426389029,300210000,23.50
426395504,401250100,64.87
426678376,300110000,71.30
426051016,401110200,45.33
426138533,401000000,48.71
426695712,300210000,20.92
426120353,300210000,23.52
426650571,300110000,60.44
426066748,401000000,26.37
426822375,300210000,20.88
426624351,300210000,28.37
426151189,401000000,49.18
426516414,401130000,42.17
426345317,300210000,29.50
426246066,300130000,73.92
426752905,401230000,64.06
426238288,401000000,59.47
426525739,401000000,39.00
426620219,401240000,53.64
426230795,300110000,41.22
426126883,300110000,54.77
426514495,401000000,32.89
426654242,401130100,42.85
426171194,300130000,62.70
426625704,300230000,47.02
426193764,600070100,47.92
426041679,300130000,67.72
426619753,300110000,50.36
426640226,300130000,84.70
426108363,600070100,48.20
426575901,401000000,27.76
426464646,401110200,56.56
426044325,600070100,58.35
426472361,300110000,60.47
426550225,300110000,58.15
426404847,401121000,73.10
426650046,300210000,25.43
426588865,401130100,40.98
426125993,600070100,65.90
426145649,401000000,27.14
426340696,401250100,56.46
426522457,300210000,30.36
426580856,401250100,61.15
426535924,300110000,62.53
426171109,401000000,49.44
426336511,300130000,76.43
426187507,300110000,68.99
426483951,401250100,25.72
426230360,300210000,18.67
426402812,200010300,59.02
426686886,401110200,82.62
426632902,300210000,5.00
426650432,401110200,58.90
426390950,401240000,64.81
426627004,401110200,51.33
426004245,401110200,55.52
426534184,600070100,52.03
426110983,300110000,50.62
426341291,401000000,58.14
426369103,401110200,54.91
426638966,300110000,77.91
426388798,600070100,46.92
426465670,200010300,55.08
426144688,401110200,56.07
426628897,401220000,84.48
426758630,401230000,83.95
426398624,401110200,45.76
426341604,401130100,35.54
426015089,300210000,19.92
426137117,401110200,87.83
426231753,300110000,67.61
426347205,300110000,47.91
426626844,300110000,43.78
426677046,300110000,58.80
426791881,401121000,5.00
426271892,300210000,5.00
426331061,600070100,66.11
426468206,300110000,37.10
426574434,401241000,64.33
426792520,401000000,27.45
426469160,300210000,52.21
426315566,300210000,24.80
426515234,401241000,78.46
426514927,401220000,68.85
426511025,300110000,34.86
426601277,300110000,69.68
426725917,300110000,54.34
426143464,300110000,38.48
426799206,401130100,57.37
426398789,401241000,68.94
426501220,401000000,29.13
426571731,300210000,23.56
426741028,300210000,23.84
426635412,401000000,60.37
426270024,300130000,77.85
426484631,300110000,50.10
426332269,600070100,32.71
426352292,401000000,65.56
426207141,401110200,37.47
426395944,401110200,78.94
426594964,300110000,67.78
426344949,300110000,51.53
426098528,600070100,46.73
426772619,300110000,36.46
426395504,401002000,46.33
426248554,401110200,87.96
426199443,300110000,47.57
426694145,300210000,18.22
426835315,300110000,59.24
426741028,300110000,48.74
426015716,401250100,17.24
426077794,401250100,25.36
426697595,401000000,31.72
426255910,401000000,51.91
426819259,300210000,23.56
426557737,401110200,38.61
426571249,300210000,48.96
426003441,401250100,15.54
426344828,401000000,44.70
426811638,401000000,41.89
426804377,300110000,55.68
426341625,401110200,51.87
426150332,401000000,50.72
426004070,300230000,41.25
426180246,401000000,38.94
426338414,200010000,68.27
426569300,300110000,39.92
426342458,300210000,5.00
426278470,401000000,43.48
426390953,401110200,38.25
426457834,401000000,30.78
426675118,300110000,42.90
426690383,401230000,69.58
426620507,300210000,5.00
426404608,401130000,42.60
426006353,300110000,36.05
426341676,401220000,81.92
426265838,300210000,13.63
426459764,401000000,23.26
426230110,300210000,28.55
426346476,600070100,67.27
426563793,300210000,21.70
426053137,401250100,35.37
426758281,401230000,66.09
426520326,401250100,39.71
426497223,300130000,88.45
426690210,300110000,5.00
426143228,600070100,50.29
426755118,300210000,37.82
426450276,300210000,55.76
426712713,300210000,39.16
426256329,401000000,37.54
426405941,401110200,50.75
426225096,300210000,5.00
426496153,401000000,42.87
426246609,401110200,47.26
426741028,401250100,37.18
426253462,401000000,46.22
426611740,401250100,52.84
426341583,401130100,29.29
426723081,300110000,54.55
426648083,401000000,52.33
426804788,401110200,39.31
426267352,300110000,47.31
426672776,300210000,26.37
426637538,600070100,60.27
426621232,300110000,50.79
426723376,300210000,5.00
426672026,300110000,36.74
426348124,300110000,71.51
426275446,300110000,54.24
426147189,300110000,47.08
426635412,401110200,59.06
426541237,401000000,34.12
426450692,600070100,49.61
426234141,300210000,5.00
426532130,300210000,17.86
426108363,300210000,21.65
426174546,401110200,39.90
426450692,300210000,24.67
426749970,401000000,64.60
426401588,401121000,38.32
426839576,401000000,28.20
426727081,300110000,66.27
426436940,300110000,55.04
426150689,401000000,61.40
426474916,401110200,54.16
426010203,401110200,51.84
426558047,401130100,43.95
426018712,401000000,30.11
426755626,300110000,33.28
426251132,401130000,33.28
426278028,300210000,21.55
426627294,300110000,49.73
426712713,401110200,59.37
426107654,401110200,57.43
426479055,300110000,70.39
426260497,300110000,66.99
426167955,300130000,56.84
426403401,401110200,83.83
426141980,300210000,23.75
426140485,300210000,5.00
426247135,300210000,26.20
426334384,401250100,29.45
426719974,300130000,60.18
426191161,300110000,57.38
426627004,401130000,5.00
426327750,300110000,41.57
426181200,300210000,21.64
426390863,401130000,26.76
426726370,600070100,42.46
426127861,401000000,21.82
426703230,300210000,34.37
426556699,401110200,45.02
426141212,401000000,25.14
426479055,401130100,49.30
426716951,300110000,41.13
426047341,401250100,32.72
426460408,200010000,53.13
426136297,401110200,85.35
426147220,300210000,60.50
426069973,300210000,25.34
426145609,300110000,54.87
426340924,401230000,49.16
426467284,401000000,40.92
426663463,300210000,28.56
426522457,300130000,58.34
426747254,401000000,32.49
426155506,300130000,64.52
426348124,401121000,45.48
426131124,401000000,42.04
426641168,300110000,54.27
426633311,401121000,33.30
426037460,300210000,20.98
426066748,300110000,56.42
426475697,300110000,64.52
426147293,401220000,63.53
426346246,300110000,35.53
426195090,401110200,43.12
426839622,300210000,5.00
426572005,401130100,48.07
426685946,401130000,28.46
426056069,300110000,55.55
426025805,401002000,37.99
426624058,401220000,63.02
426466580,300110000,39.09
426157204,300110000,63.55
426002004,300210000,23.63
426380261,401250100,31.54
426578633,401220000,61.86
426003489,401250100,19.55
426144491,401000000,37.85
426571741,401110200,47.45
426812292,401000000,25.42
426360027,401110200,58.98
426173051,300210000,28.26
426166678,401002000,20.36
426147037,300210000,21.78
426018314,300210000,34.33
426066204,401000000,38.70
426339140,300110000,48.33
426474158,300110000,48.77
426666625,401110200,82.52
426232944,600070100,49.98
426734862,300110000,59.06
426380261,401002000,41.37
426276642,300110000,57.96
426171194,300210000,16.87
426398789,300110000,52.86
426666625,401130000,60.00
426478900,401121000,78.13
426335427,401000000,52.24
426516940,401000000,31.88
426476174,300110000,45.87
426729627,401000000,44.09
426587524,300210000,54.66
426016047,300110000,62.94
426030667,300110000,63.53
426688633,401230000,68.14
426820776,300210000,5.00
426562241,200010000,54.04
426727835,300110000,27.67
426768815,401000000,35.68
426601619,401241000,69.62
426150332,300210000,34.26
426390843,401000000,40.41
426242054,401000000,32.93
426821298,401110200,47.16
426588865,401110200,51.53
426462521,300110000,55.31
426213370,200010300,62.62
426037460,401002000,36.59
426401203,300110000,29.80
426142253,401110200,48.37
426391544,300110000,65.04
426839622,300110000,60.74
426580856,300110000,53.38
426701234,300110000,49.39
426840943,401000000,19.74
426686065,401250100,23.60
426172482,401000000,49.20
426150046,300210000,22.30
426349620,300210000,20.88
426015936,401230000,82.23
426147257,401002000,61.15
426038617,401002000,37.70
426515234,401000000,64.36
426149305,401130000,31.00
426511211,300210000,37.06
426721558,300210000,5.00
426245952,600070100,40.49
426737568,300210000,22.96
426818388,401000000,34.29
426150942,600070100,50.90
426237751,300130000,66.88
426246281,300110000,65.08
426237982,300110000,69.38
426246081,300210000,16.92
426405941,300110000,39.69
426490547,300210000,0.00
426617463,401110200,54.23
426341291,300110000,68.37
426143747,300110000,55.64
426729998,401000000,40.56
426265825,300210000,21.41
426190307,300110000,60.25
426332163,300210000,48.46
426128977,300110000,53.38
426395341,300110000,36.02
426652410,401000000,32.79
426233122,300130000,81.42
426587324,401000000,35.20
426135568,300210000,5.00
426202748,401110200,79.94
426728408,300110000,37.66
426210404,401000000,31.98
426243160,401130000,27.64
426210155,401241000,68.49
426058054,401130000,52.04
426044381,300210000,21.16
426296652,300110000,36.42
426544080,300110000,69.92
426131124,300210000,31.72
426560689,401000000,39.38
426217402,401000000,42.45
426250429,300210000,5.00
426547961,401000000,31.24
426342618,300110000,71.30
426821140,401002000,40.89
426114391,401000000,29.28
426202748,300210000,44.32
426398446,300130000,62.48
426162463,300210000,21.66
426290575,300110000,63.48
426718695,300210000,5.00
426475697,300210000,30.64
426274021,300210000,20.03
426551305,401110200,45.10
426621232,401000000,34.41
426443109,300210000,22.33
426717777,401241000,63.97
426412823,300110000,50.90
426671330,401000000,19.47
426623515,300110000,67.48
426147264,401241000,81.78
426363390,300210000,23.60
426533321,401110200,46.83
426141745,401000000,25.26
426135008,300210000,25.93
426130102,300210000,31.60
426440861,300210000,19.63
426563841,401250100,15.13
426340213,401250100,16.68
426194433,401000000,29.18
426602330,401002000,39.27
426057808,401000000,24.81
426632902,300110000,50.89
426044325,401000000,32.63
426465753,200010300,44.36
426421134,401000000,29.91
426476509,401240000,77.51
426394852,401110200,41.18
426802135,401000000,32.90
426290429,401000000,31.93
426690727,401000000,36.13
426555267,401241000,74.37
426047341,300110000,59.37
426151386,401220000,64.40
426146990,401000000,29.79
426110016,600070100,37.79
426107810,300210000,27.79
426587324,200010300,70.00
426341625,300110000,46.60
426690727,300110000,63.41
426698294,300210000,31.72
426669216,401000000,40.78
426535782,401121000,5.00
426243482,300110000,41.74
426596098,401220000,65.42
426138533,300130000,83.64
426114668,300210000,5.00
426758436,300210000,5.00
426152941,401000000,30.35
426228854,401000000,32.14
426396695,300210000,27.50
426133250,300130000,67.88
426436940,401110200,42.75
426512124,401130100,29.54
426399588,300110000,73.48
426473233,401110200,59.86
426819503,300210000,5.00
426343547,300130000,81.11
426836765,401000000,37.61
426147586,300110000,71.24
426030783,300210000,38.35
426719879,300210000,35.56
426718695,401000000,22.76
426830826,401000000,40.39
426171269,300110000,45.14
426147189,401110200,51.08
426139664,300210000,22.06
426712859,401130100,29.34
426225084,300210000,29.10
426794037,300210000,5.00
426233126,300110000,52.48
426563841,401000000,24.52
426791422,300210000,22.94
426264635,401000000,25.23
426195090,401240000,53.87
426140665,401110200,51.08
426390843,300110000,48.37
426050866,401250100,55.98
426231051,401110200,81.17
426230795,401110200,46.38
426015716,600070100,32.93
426564172,300230000,26.86
426697595,401110200,52.49
426338491,401241000,75.49
426469026,300210000,21.55
426718993,300210000,30.69
426018885,300210000,24.74
426402189,401000000,39.67
426537562,401000000,22.61
426329424,401000000,30.85
426145921,401000000,38.67
426814109,401000000,32.78
426292890,401000000,37.41
426465384,200010300,66.68
426228854,300110000,43.67
426350383,300210000,63.23
426716355,300210000,52.08
426749173,401130100,43.28
426189810,401000000,23.99
426589587,300110000,49.07
426212726,401000000,43.79
426809917,200010000,48.07
426240070,200010000,53.40
426703167,401000000,27.32
426276642,300130000,73.65
426809188,300110000,29.72
426017125,401130100,47.66
426395689,401000000,62.80
426395919,401110200,40.02
426691130,300110000,60.68
426171269,401110200,56.12
426609980,401220000,90.93
426345800,300210000,16.17
426391938,300210000,26.39
426403401,401000000,53.20
426348768,401130100,33.45
426070852,300210000,5.00
426535782,401130100,23.51
426398599,300110000,53.36
426731301,300110000,71.42
426617547,300110000,55.02
426701234,401000000,33.35
426432686,401110200,42.72
426315952,401000000,37.29
426587041,401000000,50.25
426132450,401110200,43.15
426153403,401000000,19.68
426148203,300110000,46.46
426727489,401121000,35.64
426069297,300130000,65.52
426127425,401000000,41.58
426625668,401230000,70.94
426170155,401110200,47.91
426532130,401110200,38.18
426626217,401130000,27.87
426334342,300210000,5.00
426719641,300110000,65.98
426341770,401000000,33.16
426754417,300210000,20.10
426623668,300210000,32.26
426125993,401000000,38.48
426650571,401110200,84.25
426341677,300210000,25.40
426246694,401110200,44.94
426003552,401110200,63.19
426589170,300110000,50.41
426836765,300130000,71.55
426545705,300210000,5.00
426127859,300210000,41.13
426464159,401121000,58.30
426717545,401220000,68.95
426669482,401110200,79.80
426029087,300130000,73.47
426335427,401130100,59.86
426786777,401240000,38.43
426231326,300110000,72.71
426230360,600070100,44.69
426344564,401220000,63.11
426652118,401000000,38.61
426459410,401000000,70.53
426528261,401130000,36.26
426519202,401110200,77.81
426193764,401000000,30.32
426342452,401250100,24.51
426667692,300110000,38.34
426597969,401000000,44.51
426233237,401000000,28.33
426248490,401130000,32.00
426264458,300110000,63.82
426260497,300210000,43.95
426671916,300210000,45.51
426667231,401000000,33.02
426838471,300210000,36.11
426329536,300110000,47.52
426572985,401250100,45.34
426328319,300130000,56.64
426827570,300110000,51.39
426315479,401220000,69.75
426582413,300110000,45.18
426519337,300210000,40.86
426136297,401000000,41.79
426620333,401230000,71.70
426560689,401230000,62.69
426377406,401110200,55.61
426703167,200010300,73.09
426616262,401110200,46.87
426740515,401002000,30.70
426522479,300110000,59.80
426619203,401000000,52.91
426127859,401000000,36.38
426132450,401000000,39.24
426255025,300210000,26.53
426677530,300210000,51.25
426445301,300210000,5.00
426725594,401110200,36.70
426396554,300210000,25.17
426345756,300210000,48.65
426533321,300210000,5.00
426479349,300110000,58.17
426149325,401110200,36.28
426151840,401250100,65.85
426488529,200010300,82.88
426257127,401250100,47.52
426772964,300110000,46.47
426383018,300210000,20.49
426158228,401121000,25.82
426137153,300210000,5.00
426770839,401000000,33.09
426054046,300210000,39.26
426345800,300110000,52.68
426368046,401110200,66.80
426602330,401250100,76.47
426640226,401000000,47.08
426147496,300110000,40.54
426391693,300210000,29.84
426390706,401000000,47.39
426060286,300130000,55.56
426285514,300130000,88.56
426391938,401000000,44.36
426472532,401000000,42.23
426803871,300210000,22.75
426801074,401000000,15.89
426255910,401220000,95.93
426149616,300110000,52.64
426395504,300110000,56.59
426350723,401110200,91.93
426330185,300110000,44.72
426029087,300210000,31.41
426162121,300110000,46.61
426286201,401000000,24.67
426397819,300210000,19.63
426232272,401000000,34.22
426148422,600070100,52.60
426479058,300210000,27.39
426694803,600070100,46.65
426025805,401000000,25.22
426745224,401000000,30.36
426130112,600070100,39.96
426565464,300210000,25.06
426665827,300110000,69.31
426794227,401110200,53.66
426716951,401241000,64.42
426217275,300210000,16.31
426704850,401110200,51.47
426341291,401250100,57.69
426557737,401130100,47.14
426667813,401000000,37.52
426278028,401000000,5.00
426164688,300110000,73.85
426132641,401110200,61.40
426726370,300210000,15.64
426332269,401000000,24.48
426177129,300210000,39.65
426616839,300210000,19.96
426736983,300110000,71.65
426755626,401110200,49.41
426594964,401241000,69.31
426639261,401002000,32.42
426632169,300210000,30.22
426231093,600070100,45.53
426281738,300110000,49.84
426691813,401000000,32.06
426143765,300210000,5.00
426198270,401121000,22.70
426138784,401000000,46.11
426334399,401002000,39.55
426315965,401000000,39.90
426556890,300110000,53.64
426550038,300210000,28.33
426402777,401241000,64.66
426234111,401110200,60.69
426752196,401130100,32.25
426304493,300110000,63.56
426341810,300230000,34.56
426347102,401240000,54.38
426519452,300210000,35.84
426809917,300210000,23.88
426520645,401110200,50.36
426247135,300130000,90.64
426420761,401220000,71.56
426382669,401000000,45.66
426588816,300210000,48.82
426669482,300110000,75.06
426315965,300210000,28.80
426688543,401002000,30.42
426255910,300110000,58.13
426369561,401000000,23.65
426030783,401110200,85.52
426635412,300210000,34.24
426511727,401002000,45.53
426127699,401000000,36.28
426341477,401241000,56.60
426719974,401250100,56.76
426301756,401000000,32.72
426390953,300110000,5.00
426171109,200010300,81.90
426309077,600070100,60.72
426047571,300110000,56.61
426563793,300230000,28.21
426140486,401241000,77.64
426169870,300110000,50.73
426134743,300210000,5.00
426409073,401250100,58.13
426516940,300110000,50.43
426740186,200010000,60.93
426275446,300210000,56.22
426237751,401000000,49.17
426208577,401000000,30.85
426830193,300210000,30.55
426550277,300210000,19.76
426398437,300110000,64.55
426138229,401000000,32.32
426306002,401000000,26.66
426258518,600070100,58.49
426476103,300210000,23.12
426245995,300110000,58.93
426643487,300110000,70.24
426152631,300210000,28.24
426354498,300210000,22.58
426397763,300110000,50.70
426334939,300110000,47.73
426127859,300110000,66.70
426519337,300230000,50.00
426230480,401000000,55.51
426143070,401121000,5.00
426457834,401220000,67.27
426817782,401000000,21.30
426342593,401110200,90.40
426729075,401000000,34.29
426423388,401241000,47.20
426127307,300110000,50.35
426394733,300130000,58.46
426835088,401220000,60.98
426534184,401000000,36.07
426766053,401130100,21.01
426147189,401000000,18.71
426257127,401110200,87.68
426305160,300210000,22.67
426673240,300210000,27.77
426623027,401241000,71.80
426002957,401241000,52.03
426138480,600070100,44.38
426137604,401000000,23.96
426424335,300110000,52.00
426279230,300130000,50.32
426306569,401002000,31.54
426747952,401110200,83.47
426239185,300110000,54.99
426255025,401000000,18.44
426249027,401241000,67.52
426684812,401110200,51.29
426003643,401220000,79.96
426124425,401121000,5.00
426329536,300210000,21.71
426534184,300110000,37.55
426726066,300210000,19.87
426347569,300110000,63.96
426476776,401000000,25.12
426238615,300210000,5.00
426459795,401000000,30.05
426216442,401220000,70.97
426600492,300110000,51.83
426122730,401230000,56.15
426795962,300110000,61.27
426768816,300210000,24.28
426217609,300230000,53.42
426672776,300110000,59.75
426394805,401000000,23.79
426015218,300210000,41.85
426051016,401130100,43.17
426809917,300110000,40.13
426766967,300110000,47.99
426254636,300110000,48.52
426465384,401000000,19.61
426180246,300110000,70.26
426804377,300210000,25.40
426342130,401130100,27.22
426778085,300110000,70.47
426162254,300110000,67.40
426462521,401000000,42.47
426407229,300110000,48.34
426472361,401130000,65.46
426785903,401002000,28.38
426583018,401000000,38.40
426839642,300110000,39.40
426578633,300110000,48.03
426237751,300210000,19.03
426400847,300110000,69.15
426254015,300210000,18.02
426345317,401110200,54.91
426604161,401250100,31.03
426523250,300130000,70.99
426667231,401002000,32.61
426296652,401110200,43.60
426150001,300110000,48.71
426520723,300210000,5.00
426482896,300110000,41.62
426151189,300210000,48.54
426417322,401241000,59.46
426316087,300210000,57.34
426770160,401241000,61.95
426128874,300110000,55.41
426256329,401250100,23.35
426609505,300130000,58.67
426151886,401240000,54.55
426486612,300110000,40.12
426267352,401130100,59.38
426716355,300110000,61.47
426134579,300110000,45.49
426044325,300110000,61.01
426145843,401241000,46.46
426395745,300110000,67.11
426568766,300110000,55.46
426676198,300110000,63.76
426169605,401250100,27.60
426064878,300110000,38.50
426488529,401241000,82.64
426747952,401000000,71.55
426217609,401000000,27.82
426520725,401110200,85.83
426218307,300110000,72.89
426010393,401121000,59.59
426280838,401002000,34.57
426363390,401250100,38.31
426147659,401002000,43.88
426725917,401000000,19.91
426395176,401000000,32.09
426784069,401002000,44.38
426839642,401241000,59.35
426520898,300110000,74.23
426475943,300110000,41.23
426527599,401000000,46.32
426128977,401000000,28.93
426121231,401110200,59.71
426331154,401130100,29.59
426341768,401241000,59.13
426141745,300210000,28.50
426662269,300210000,53.79
426336086,200010300,83.47
426772971,401000000,24.80
426515234,300110000,48.03
426611573,300210000,5.00
426839622,401121000,41.82
426815380,300130000,82.81
426169052,401220000,76.45
426157076,300210000,18.19
426525404,600070100,64.34
426524970,401000000,35.28
426761065,300110000,57.44
426011055,300110000,46.35
426155155,401000000,43.37
426734862,401000000,56.10
426476241,401000000,29.66
426465753,300110000,43.08
426811638,401250100,28.49
426029909,300210000,17.80
426077324,401241000,66.09
426346476,300210000,5.00
426258518,300110000,51.46
426400695,300110000,40.62
426473233,300210000,5.00
426169605,300110000,51.20
426332563,300210000,50.06
426382669,300110000,44.27
426624032,300130000,70.43
426341582,300210000,27.36
426137117,300210000,23.65
426684812,300110000,44.48
426245961,300210000,20.33
426301756,401130100,63.87
426078113,401002000,35.66
426772978,401121000,5.00
426232808,300210000,22.60
426569913,401000000,38.86
426449003,401240000,71.13
426397338,401000000,50.12
426266045,401110200,38.10
426252744,401000000,50.17
426556566,300210000,23.34
426537169,401240000,60.46
426195622,300210000,20.53
426836238,401000000,44.50
426747254,300110000,55.39
426341604,401110200,64.91
426126351,300210000,20.66
426751872,401000000,43.36
426147708,401000000,28.62
426390262,300210000,5.00
426490547,401130000,25.94
426449491,401121000,5.00
426265175,401000000,34.65
426339619,401220000,80.10
426233126,600070100,51.76
426548812,300110000,65.82
426792520,300210000,39.40
426548334,300210000,5.00
426120844,300210000,15.64
426158920,300210000,49.42
426741341,401000000,29.20
426686203,300110000,60.49
426163934,401230000,62.84
426231093,300110000,51.53
426318891,300210000,30.64
426275493,401000000,29.55
426332782,300110000,55.73
426335248,401000000,42.81
426511774,300110000,63.14
426566532,401000000,5.00
426511774,300210000,5.00
426757572,401000000,44.65
426466541,401000000,29.26
426613738,600070100,63.77
426764104,300110000,68.85
426140638,300110000,51.31
426135850,300110000,41.22
426540771,401000000,25.94
426550038,401110200,51.19
426004245,401000000,37.52
426686886,401130000,58.79
426527814,401110200,37.47
426712215,401002000,40.51
426132034,401110200,84.18
426132641,300210000,33.45
426060272,401000000,32.17
426469160,401000000,40.02
426429152,300210000,31.92
426277929,401000000,48.99
426472140,401250100,32.49
426390262,600070100,43.11
426164688,401000000,24.56
426740965,200010000,64.60
426839576,300210000,5.00
426342452,300110000,63.65
426105566,600070100,52.30
426510586,401000000,22.10
426560362,300210000,33.64
426342593,401000000,56.58
426244713,300110000,46.51
426613192,300110000,51.01
426345756,300110000,63.38
426449491,401000000,36.00
426713026,401240000,82.32
426010393,300210000,68.63
426019729,300230000,34.35
426514856,401230000,71.48
426405625,300110000,50.81
426516592,401110200,46.45
426835315,300210000,21.14
426662608,401241000,72.40
426345064,401000000,33.91
426367754,300210000,5.00
426397010,401130100,53.14
426713921,300130000,75.34
426582413,401121000,33.51
426475697,401110200,64.35
426127732,401002000,37.50
426717828,401000000,30.62
426246081,600070100,49.07
426345098,401000000,5.00
426000613,300210000,26.17
426677046,600070100,56.21
426147218,300210000,5.00
426341790,300210000,16.01
426341291,300210000,53.00
426820222,401002000,21.97
426796613,300210000,29.62
426479055,401000000,41.04
426623027,401000000,35.16
426237505,401110200,55.96
426152941,401230000,56.48
426459410,401002000,49.56
426153631,401121000,42.95
426251323,401000000,17.66
426510586,300210000,5.00
426316087,300110000,64.14
426830826,401110200,44.76
426146409,401000000,37.70
426183055,401220000,78.00
426441080,401110200,75.37
426766053,300210000,18.19
426339721,401000000,19.52
426625356,401000000,41.62
426404847,300110000,60.29
426753398,300110000,60.86
426056069,600070100,45.99
426168373,401250100,5.00
426030783,401121000,76.24
426572133,300110000,62.15
426157076,401000000,30.21
426104913,401000000,34.81
426716951,300210000,19.80
426623667,300110000,66.20
426620507,401000000,29.34
426550225,401110200,81.86
426691636,300210000,5.00
426469026,300110000,71.40
426512393,401000000,37.33
426757497,300110000,51.64
426133473,401000000,49.76
426341623,300210000,24.58
426143411,401002000,37.65
426404414,401240000,59.69
426250429,401130000,37.58
426214562,401110200,56.83
426250954,401000000,47.24
426404937,300110000,70.63
426819454,401000000,43.55
426424063,401002000,41.38
426326175,300130000,77.86
426429304,401110200,43.34
426469026,401000000,36.50
426290615,401241000,72.59
426035734,300130000,73.97
426214654,401000000,47.11
426464112,401000000,35.53
426254737,401250100,5.00
426830193,401121000,35.93
426786777,401230000,56.30
426123357,300210000,21.71
426286774,401130100,39.82
426161024,300110000,46.54
426025075,401110200,61.00
426260428,300210000,41.07
426237982,401250100,66.37
426650571,401121000,55.05
426015936,401241000,72.33
426550308,300130000,46.69
426046366,401000000,26.18
426166678,401000000,39.17
426516427,401110200,82.38
426023770,401000000,46.99
426070582,401002000,34.51
426574583,300210000,5.00
426141142,300210000,21.90
426528261,300210000,28.25
426345005,401220000,93.70
426330185,401000000,42.03
426167955,300110000,56.74
426725026,300210000,22.44
426327882,401000000,38.63
426716355,300130000,78.83
426072861,401000000,20.65
426158920,300110000,53.25
426521635,401110200,37.68
426768428,300110000,58.63
426052726,300110000,54.80
426721558,401241000,62.75
426586905,300110000,53.25
426582413,401000000,36.51
426621302,600070100,50.52
426736983,300210000,24.81
426802560,600070100,48.59
426497223,300110000,68.47
426136340,401121000,36.23
426257360,401110200,39.38
426047588,401110200,54.07
426564049,300210000,24.27
426772978,401110200,61.03
426181200,401121000,35.74
426725026,401000000,31.59
426625375,401121000,67.74
426261764,300210000,45.97
426466580,300210000,18.45
426757037,401110200,44.91
426749970,300210000,23.04
426342130,401000000,39.19
426723376,401000000,34.18
426690862,401000000,35.33
426762352,401241000,49.21
426432248,300210000,27.82
426179348,300110000,37.08
426334384,401000000,32.93
426114028,401250100,20.20
426047341,300210000,23.72
426520723,401250100,5.00
426286043,401121000,5.00
426408005,300110000,39.49
426755593,401000000,18.71
426551537,401000000,42.29
426842246,300110000,49.84
426150046,401000000,36.55
426482877,300210000,20.58
426476020,200010300,68.97
426523499,300210000,20.06
426682635,401000000,23.99
426767060,300210000,18.23
426449792,401000000,33.02
426336403,401002000,40.53
426551305,300110000,54.41
426072861,300210000,30.64
426441413,300110000,88.52
426515234,300210000,28.27
426003489,300110000,57.63
426395176,300210000,36.40
426341762,401220000,65.09
426140543,401000000,26.50
426237974,600070100,59.08
426521144,401000000,25.97
426250429,401000000,37.17
426511727,300210000,22.62
426328319,401000000,28.67
426416260,300110000,63.77
426727835,401220000,64.68
426344314,300210000,33.98
426450429,401000000,17.90
426234048,401130100,44.70
426130112,300110000,34.84
426416832,401241000,52.28
426830826,300210000,5.00
426572133,300210000,34.90
426480181,401230000,64.19
426140216,300210000,17.12
426533321,401130100,30.34
426142374,300110000,45.93
426015218,401000000,51.65
426147037,401110200,40.40
426619203,401110200,57.62
426561299,401000000,53.51
426617547,401241000,56.60
426791422,401000000,27.11
426488298,300130000,69.23
426470230,401241000,62.29
426345106,300110000,53.24
426140543,300110000,36.33
426662608,300210000,36.10
426515687,401000000,41.71
426028717,401130100,55.96
426803506,401220000,74.64
426210404,300130000,62.82
426633311,300110000,61.92
426646188,401000000,45.14
426711097,401000000,31.17
426140485,401110200,45.66
426163012,300110000,67.74
426580856,401002000,55.50
426638742,300110000,48.51
426264458,401250100,37.00
426417322,300210000,26.25
426235373,300110000,59.26
426019859,401250100,34.53
426547961,300110000,53.55
426137924,401000000,34.63
426772964,401130000,23.89
426820776,401000000,37.02
426131654,300210000,44.93
426340025,300210000,44.19
426755593,401241000,49.97
426405312,401110200,88.20
426393936,401250100,25.54
426770839,300110000,47.21
426140775,300110000,65.07
426785903,300110000,47.38
426421927,300210000,24.27
426600492,300230000,46.36
426128977,300210000,5.00
426171109,300210000,47.44
426682619,200010300,63.52
426132641,300230000,46.65
426254553,300110000,41.73
426398831,401130000,46.20
426469621,401250100,27.71
426720226,300130000,55.47
426714516,401000000,42.32
426052726,401130100,24.90
426336701,600070100,52.08
426343267,401241000,58.06
426479349,300210000,27.88
426170026,401000000,55.34
426771516,300110000,37.76
426150001,600070100,59.20
426148726,300110000,61.88
426326766,401000000,42.32
426140486,401250100,40.24
426663125,300110000,47.93
426236699,300110000,70.93
426145921,401250100,25.99
426180066,300210000,22.44
426017125,401110200,59.83
426548812,300210000,38.57
426598348,300110000,52.96
426394059,300110000,47.58
426108363,300110000,43.70
426189810,300210000,11.30
426624032,300110000,51.58
426417023,401110200,56.69
426556890,401000000,36.89
426535869,300110000,55.25
426768815,300210000,22.66
426127307,401110200,48.75
426449003,401250100,52.43
426252862,300110000,45.70
426391575,401110200,39.42
426349620,300110000,50.23
426343725,401000000,37.17
426767082,401000000,45.22
426620507,300110000,43.76
426457824,300110000,59.82
426574583,300110000,50.89
426397763,200010000,47.62
426342130,300110000,44.84
426623477,300110000,56.96
426488298,401000000,35.87
426469621,401000000,29.84
426558047,300110000,64.83
426665827,401000000,47.14
426476974,401130000,31.59
426479509,401000000,63.94
426569300,401000000,35.32
426520725,401000000,72.69
426159445,401110200,92.59
426723035,300210000,5.00
426310837,300210000,5.00
426757889,401250100,26.85
426341762,300210000,25.30
426473233,401000000,34.60
426377310,401250100,27.98
426737568,401130100,42.26
426147218,401241000,47.70
426057808,401250100,31.58
426010488,401130100,54.85
426722363,401130100,28.18
426194756,401000000,29.28
426105566,300110000,58.18
426822375,300230000,34.59
426406456,300110000,47.15
426213370,300110000,56.67
426773307,600070100,50.33
426785903,300210000,5.00
426587041,200010000,56.47
426286125,300110000,65.45
426341769,300210000,22.90
426799206,300210000,41.67
426429152,600070100,56.26
426766888,401230000,93.12
426373993,200010300,71.72
426468206,401000000,20.16
426266590,401000000,43.84
426720028,300130000,70.75
426478379,300210000,5.00
426018314,401002000,36.71
426060286,300110000,46.42
426621232,300210000,19.44
426221194,200010000,51.93
426549996,401000000,24.81
426041639,300110000,39.46
426336504,200010300,49.11
426405941,401000000,26.61
426345800,401130100,35.74
426734862,300210000,45.06
426231753,401000000,64.31
426458207,401110200,49.42
426396695,401240000,52.27
426212726,401250100,22.52
426524435,300110000,51.30
426237523,300110000,80.43
426459764,401110200,48.58
426690210,401250100,20.11
426800513,401000000,19.58
426261764,401121000,79.38
426127876,300110000,65.49
426558676,401110200,53.05
426044381,401000000,24.53
426766008,401002000,43.78
426144313,300110000,64.59
426306684,300210000,5.00
426527814,300110000,53.11
426511393,300210000,5.00
426402777,401000000,24.46
426167955,600070100,56.23
426728112,200010000,53.77
426432719,401241000,76.06
426421927,401220000,63.56
426771029,300110000,56.12
426450645,300210000,34.40
426028908,401110200,52.67
426166695,401000000,48.28
426711699,401220000,75.53
426147847,600070100,50.31
426002004,401000000,5.00
426408797,300210000,23.80
426392553,300210000,22.00
426685904,401000000,41.04
426472299,401121000,35.29
426672350,401000000,30.16
426675118,401000000,44.92
426441907,401000000,39.13
426395523,401230000,59.63
426332269,300130000,50.48
426755118,600070100,38.22
426423388,300210000,19.13
426614168,401000000,36.63
426107654,401130100,16.35
426631009,401000000,27.93
426613738,300130000,92.25
426720226,600070100,56.24
426265999,401121000,31.48
426077794,300210000,16.95
426609505,300210000,26.40
426197776,600070100,49.49
426347205,600070100,76.26
426336905,401110200,50.44
426548812,401250100,34.30
426339065,401000000,28.95
426663192,401121000,45.36
426675118,300210000,22.94
426395341,401002000,34.90
426521924,600070100,53.67
426614567,300110000,45.88
426024722,300110000,63.27
426037460,300110000,60.16
426065826,300210000,25.74
426606898,300110000,49.32
426827570,300210000,16.74
426572486,300210000,20.42
426508041,300110000,52.27
426388863,401130100,36.53
426713108,300210000,5.00
426398831,401000000,32.07
426352292,401110200,75.47
426142374,401000000,34.04
426254620,401130000,29.04
426512577,300110000,49.89
426391938,401002000,41.31
426460817,300210000,43.70
426406075,300110000,56.11
426377406,300110000,54.67
426393415,401000000,49.54
426347718,300210000,25.58
426146283,401110200,41.51
426163012,401110200,80.33
426376135,300130000,58.38
426225084,401000000,36.36
426393936,300110000,46.52
426673206,401000000,30.71
426623453,401000000,36.57
426804996,300230000,39.73
426028717,401121000,66.21
426838102,401000000,55.67
426150332,401110200,53.18
426142374,300210000,15.98
426247386,300130000,54.36
426293123,300210000,21.86
426533321,300110000,56.55
426772619,401250100,61.75
426220697,600070100,60.23
426141613,300210000,23.08
426516940,300210000,22.93
426232944,300110000,61.36
426473507,600070100,79.62
426728112,300210000,36.74
426163012,401000000,57.70
426402777,401110200,59.95
426690236,300210000,24.44
426483951,401000000,32.88
426196434,401000000,43.55
426395523,300110000,70.36
426405625,401121000,66.02
426336504,401250100,25.92
426535869,401110200,78.25
426664278,300210000,19.25
426251132,300210000,22.18
426717603,300210000,19.59
426167887,600070100,68.86
426663463,300110000,62.28
426143228,300130000,83.05
426094440,401110200,39.94
426562241,401240000,47.67
426015218,300110000,34.98
426199443,401000000,33.25
426560362,600070100,67.35
426150533,300210000,16.15
426632395,401130100,24.99
426690097,300110000,43.79
426476020,300110000,79.95
426069297,401000000,48.60
426272598,300230000,52.16
426564703,300110000,43.78
426623012,401002000,37.28
426128833,300110000,58.00
426820222,300110000,53.32
426191161,401000000,37.26
426751872,200010300,66.66
426003489,600070100,51.76
426787542,300110000,59.53
426292890,300110000,64.58
426391544,200010300,68.85
426467417,300110000,50.29
426011023,300210000,24.33
426346019,300210000,24.59
426562241,300110000,44.89
426698323,401130100,33.82
426196434,401130100,26.51
426766477,401000000,35.78
426234901,300110000,42.77
426520914,300230000,40.80
426582413,401110200,38.61
426694145,401000000,42.24
426247321,300210000,5.00
426619203,401130100,23.94
426620507,600070100,68.10
426460981,401110200,55.56
426739184,401240000,52.47
426717777,401000000,33.44
426124425,300210000,24.42
426686980,300110000,52.11
426141745,200010300,73.59
426345064,300110000,49.38
426140638,401000000,25.92
426140372,300110000,63.53
426350084,300110000,62.88
426579434,401000000,45.66
426395745,401110200,90.74
426763140,300110000,49.97
426131124,600070100,49.87
426745224,300210000,5.00
426130102,401230000,56.48
426660953,300210000,38.21
426589587,300210000,18.64
426331674,300210000,23.20
426153403,300130000,64.75
426108363,401000000,31.97
426435988,300210000,16.93
426132450,401130000,33.55
426727407,300210000,21.10
426015089,300110000,61.97
426128002,401000000,50.29
426638742,401000000,29.93
426327747,300210000,19.53
426277929,300230000,76.81
426137604,300110000,5.00
426575002,401241000,44.44
426000542,300210000,18.74
426197776,401002000,24.73
426238722,300210000,19.22
426409466,401000000,26.55
426147005,300110000,60.73
426004749,600070100,34.85
426026426,401000000,34.64
426383018,300130000,50.51
426180066,401000000,27.13
426561925,401110200,54.48
426280613,300210000,28.42
426151736,401130100,52.36
426488114,600070100,52.09
426765398,401000000,30.64
426341608,401110200,63.29
426719235,401230000,60.80
426281738,401000000,50.31
426475697,401000000,43.96
426424063,300110000,52.80
426690097,401002000,38.17
426076505,401110200,57.04
426565019,401110200,46.98
426244455,300110000,54.42
426248792,401110200,49.47
426800513,401220000,63.25
426257127,401000000,23.07
426157127,300130000,82.76
426475621,401000000,30.72
426660953,401000000,40.62
426243866,300210000,5.00
426804788,200010300,56.76
426766053,401110200,53.44
426136652,401110200,42.60
426673206,300110000,52.57
426734981,300130000,68.75
426150689,300210000,48.05
426675655,401002000,42.73
426133049,300110000,45.65
426395251,300210000,26.47
426170155,600070100,58.42
426468728,401230000,53.20
426716951,401000000,50.59
426560394,200010000,72.35
426780226,300110000,55.64
426116046,401250100,33.81
426151736,300210000,36.91
426234723,300210000,5.00
426690383,401000000,42.67
426313522,300210000,21.20
426187422,401241000,56.76
426629644,300110000,60.33
426762329,300110000,58.79
426398873,300210000,18.68
426718315,300130000,69.24
426148143,401130000,67.03
426561057,401130100,28.22
426388798,300110000,34.27
426473507,300210000,49.06
426146283,300210000,32.78
426336701,401000000,45.09
426297113,401130100,32.05
426246281,300310100,50.78
426400847,300210000,22.38
426336101,401002000,43.04
426341790,300110000,44.40
426138784,401110200,64.29
426394733,401002000,51.91
426771029,401000000,33.78
426583965,300130000,84.57
426349386,200010300,53.04
426571997,401250100,28.88
426407229,300210000,48.11
426663192,300210000,42.63
426285927,401000000,47.73
426716430,200010300,66.60
426130292,300210000,36.70
426213370,401000000,41.46
426690097,300210000,23.14
426575901,401110200,47.14
426050866,401241000,68.85
426447837,300110000,40.63
426514663,600070100,53.88
426341790,401220000,88.22
426132659,401000000,25.77
426698323,401110200,45.64
426766053,401000000,43.98
426152941,300110000,64.85
426759145,300210000,22.34
426140638,300130000,59.48
426046366,401002000,37.89
426281254,300210000,21.53
426544080,401000000,46.20
426557213,401000000,36.94
426207002,600070100,48.30
426687960,401002000,36.30
426237974,300210000,29.76
426248792,401000000,20.97
426571742,300110000,57.21
426260635,300110000,38.14
426577589,300210000,20.02
426465472,300210000,17.08
426341582,401130100,49.91
426104913,300130000,74.66
426035734,300210000,5.00
426537169,401000000,40.67
426023018,300110000,57.23
426658872,401000000,53.35
426520725,300110000,81.15
426010393,300110000,64.09
426341578,401000000,25.90
426214562,300210000,33.53
426571741,300110000,50.54
426467284,300210000,5.00
426772971,300210000,23.66
426151886,300210000,5.00
426464811,200010300,51.94
426077324,401000000,5.00
426000009,300230000,25.84
426128508,401000000,33.10
426344828,300210000,5.00
426757572,300110000,73.49
426571750,401230000,84.33
426638966,300210000,28.76
426688774,401230000,88.21
426691636,300110000,55.77
426266795,300110000,79.89
426341571,300210000,5.00
426004350,300210000,5.00
426602330,300210000,28.46
426662608,401220000,81.75
426253613,600070100,56.30
426181417,401220000,77.32
426606188,401241000,71.32
426561299,401250100,58.58
426173051,401000000,46.60
426338318,300110000,51.44
426150068,401000000,37.74
426758436,600070100,43.92
426008949,300110000,50.26
426490532,300210000,5.00
426667692,300210000,20.49
426146409,401121000,17.98
426181417,401000000,34.43
426611740,401000000,25.31
426522945,300210000,5.00
426628897,401000000,59.16
426254553,401121000,24.84
426136244,401000000,37.67
426480677,401130100,35.57
426820222,401000000,31.56
426676198,401002000,33.20
426404937,401220000,90.97
426140815,401230000,60.12
426408005,300310100,75.51
426314612,300210000,17.40
426752905,300110000,58.83
426327882,300210000,5.00
426666514,401130100,32.57
426527814,300210000,5.00
426243819,401000000,29.65
426406075,401110200,45.43
426629644,300210000,24.80
426558676,300210000,22.31
426287274,401000000,38.06
426160714,401000000,36.09
426395211,600070100,65.43
426825848,401000000,41.89
426522945,401000000,34.28
426614187,300110000,65.89
426070852,300110000,46.41
426525404,300110000,57.02
426626217,300210000,26.10
426819454,300110000,55.00
426339521,401130100,29.29
426761065,401002000,17.94
426684812,401241000,57.72
426139077,401110200,71.11
426749344,401130100,39.13
426329985,300210000,50.04
426397776,401000000,35.36
426695712,401000000,46.30
426267110,401000000,33.92
426546798,401121000,5.00
426573526,300210000,39.07
426065826,300110000,50.46
426475621,401110200,42.25
426740117,401000000,46.49
426177950,401110200,63.88
426572133,401000000,47.02
426335095,401000000,39.56
426246108,401000000,35.20
426813750,300130000,66.56
426315479,401000000,23.40
426474158,401110200,63.84
426173436,401000000,24.64
426345555,401130100,18.67
426041639,401002000,27.21
426469160,401110200,73.31
426127732,401110200,56.76
426329985,401000000,59.03
426523499,300110000,42.07
426195829,401000000,40.83
426772644,300110000,50.09
426825848,300210000,28.93
426398437,401000000,41.46
426621302,300210000,19.12
426171194,401000000,20.06
426623668,600070100,61.19
426243160,300210000,19.92
426637538,300210000,24.59
426163086,401000000,16.66
426562175,401000000,17.00
426207002,401000000,28.62
426110983,300210000,22.47
426527555,401230000,45.38
426333045,600070100,56.47
426763140,401250100,26.04
426391761,300210000,45.37
426690099,401121000,43.73
426394843,200010300,55.56
426666428,401121000,39.69
426132659,401002000,36.75
426167887,300130000,78.31
426625375,200010300,80.17
426460465,200010300,61.38
426241343,300210000,5.00
426839151,300130000,59.87
426818388,401220000,72.21
426555267,401000000,26.24
426218307,401000000,38.19
426076535,401241000,55.58
426688774,300210000,36.79
426476776,401110200,42.28
426690579,300110000,52.01
426028908,300110000,63.18
426727640,300210000,19.23
426766888,300110000,62.77
426299903,401000000,50.27
426249366,300110000,52.28
426280613,401000000,29.39
426686886,300110000,44.57
426146990,300230000,32.86
426515316,401250100,28.27
426143747,300210000,28.83
426686980,401241000,52.15
426264458,600070100,59.38
426116046,300110000,70.80
426249111,401110200,64.85
426463032,401110200,47.57
426613738,300210000,48.15
426673206,401250100,24.42
426124052,300130000,86.07
426511211,401130100,50.89
426127425,300110000,52.13
426056069,401000000,32.07
426593268,300110000,47.94
426342458,300110000,40.46
426537169,300210000,19.24
426348441,300210000,5.00
426071761,401000000,45.97
426535924,401130100,24.32
426479270,300210000,51.48
426731301,300210000,26.12
426624351,401220000,67.39
426346307,300110000,67.67
426719641,401110200,79.21
426713026,401000000,43.77
426429099,401000000,37.91
426169052,300110000,54.07
426771516,300210000,16.67
426752958,300130000,69.89
426350084,401000000,38.20
426474916,401002000,39.42
426469561,300210000,5.00
426520914,401230000,64.88
426747254,401220000,66.13
426251442,300130000,74.84
426726678,300110000,45.17
426267110,401130100,32.80
426564049,401250100,5.00
426538509,300210000,5.00
426687928,300210000,52.14
426230722,300130000,80.88
426153631,401000000,41.31
426342593,300210000,42.13
426281763,300110000,69.39
426502420,600070100,48.91
426174546,300210000,5.00
426169870,401000000,34.24
426127859,401110200,57.11
426178761,300230000,36.18
426635412,401130100,55.79
426255508,401130100,27.54
426286774,401000000,45.00
426248193,300210000,26.38
426522007,401230000,63.34
426069973,200010000,52.94
426328921,401002000,30.20
426070582,300110000,61.47
426341578,401241000,63.66
426130102,300110000,50.26
426194142,300210000,29.51
426771029,401220000,61.73
426521924,300110000,55.54
426378096,300130000,84.73
426596098,300110000,42.40
426416260,401230000,80.92
426404905,200010000,53.33
426404016,401130100,60.22
426689495,300210000,20.38
426140815,401110200,41.05
426833562,401000000,57.94
426021642,300110000,55.14
426140485,300110000,47.99
426771029,401241000,52.39
426571731,401000000,23.08
426466102,401000000,33.07
426772978,300210000,55.09
426488529,300110000,68.90
426532130,300110000,45.79
426435988,300130000,70.55
426690383,300110000,69.48
426406456,401110200,42.70
426073194,401121000,25.00
426669540,401000000,44.92
426036794,401110200,77.44
426803387,401230000,57.74
426672965,300210000,25.65
426642320,300110000,59.97
426336101,401000000,32.36
426041639,401000000,19.50
426078463,401110200,72.77
426665059,401241000,70.28
426126718,401110200,43.51
426429304,401000000,28.27
426281763,401000000,36.97
426132641,401000000,37.10
426555889,300210000,5.00
426582048,300110000,63.50
426571364,300210000,28.24
426545008,300130000,49.02
426722427,300210000,5.00
426157332,300210000,25.98
426237597,300110000,43.39
426341563,401241000,68.57
426269355,401000000,38.26
426766888,401000000,32.13
426277154,401241000,65.25
426126883,401000000,41.03
426805182,401230000,51.48
426836765,600070100,50.33
426153178,600070100,47.89
426135008,401000000,26.34
426072541,401002000,30.14
426607937,600070100,56.10
426150332,300110000,71.03
426141931,300110000,70.50
426398624,401000000,37.20
426645945,300110000,66.74
426341571,300110000,53.69
426218307,600070100,71.04
426266590,300110000,60.44
426127699,401130100,32.08
426772644,401250100,30.56
426541477,300210000,5.00
426255910,300210000,50.14
426345098,401240000,55.22
426234901,401000000,50.11
426410701,401121000,53.85
426719641,300210000,47.06
426348441,401000000,31.75
426451396,401002000,33.77
426336197,401000000,63.98
426341770,300210000,25.60
426512577,401230000,52.34
426469924,300210000,30.72
426607763,401000000,36.10
426409166,300210000,24.76
426217275,300110000,52.54
426429304,300110000,52.40
426560462,600070100,69.41
426421134,401110200,88.09
426042027,300110000,60.68
426334514,401000000,31.63
426401203,300210000,23.21
426838134,300110000,79.39
426162254,401000000,38.75
426192014,300110000,60.42
426714516,600070100,53.12
426004070,401000000,25.76
426751805,300210000,21.34
426390953,401000000,22.47
426758436,401000000,19.25
426690236,401121000,34.71
426532130,401130000,39.29
426132957,300110000,49.28
426648493,300110000,36.83
426115960,600070100,48.27
426280627,401000000,57.44
426524639,401250100,26.16
426177129,401002000,29.02
426780226,401000000,41.37
426520326,401000000,35.85
426698294,401000000,38.26
426070852,401000000,39.05
426718695,300110000,56.20
426290575,300210000,31.30
426233753,200010300,59.92
426623477,401250100,32.73
426698294,300110000,77.67
426369103,401000000,35.78
426169870,200010300,80.96
426819503,401250100,32.69
426315559,401000000,32.85
426563793,401002000,32.69
426116046,401000000,43.71
426723081,401000000,30.55
426345555,401110200,42.48
426461698,300210000,29.78
426716248,401000000,25.31
426391761,401250100,45.99
426236634,300210000,21.63
426642320,401110200,53.39
426778085,401110200,78.56
426143464,401000000,35.67
426033315,401000000,33.67
426155155,300110000,66.44
426769597,401130100,41.23
426346019,401250100,24.34
426447862,300310100,73.75
426236699,300210000,5.00
426347102,300210000,5.00
426104913,300110000,62.28
426278470,401230000,45.52
426331794,401250100,20.58
426023770,300210000,39.29
426198270,300210000,48.65
426252862,600070100,49.84
426341625,401250100,31.50
426060286,300210000,15.06
426682093,300210000,23.87
426675829,401220000,82.08
426727081,300210000,17.27
426245113,200010000,39.83
426523499,401000000,26.97
426336701,401002000,44.37
426246694,401000000,21.22
426587041,300210000,5.00
426623668,300110000,61.66
426520914,300210000,18.64
426191161,600070100,57.12
426146990,300210000,19.10
426216442,300110000,64.04
426717777,200010300,66.59
426549996,300110000,53.92
426247135,401000000,44.92
426457834,401110200,44.41
426391028,300210000,30.07
426469160,401130000,61.11
426333407,300130000,44.80
426137086,401002000,27.11
426723035,401000000,42.44
426519337,401000000,24.13
426237597,401250100,26.03
426475313,401110200,43.55
426348441,401230000,53.10
426547961,300210000,5.00
426000009,401250100,23.48
426556890,300210000,27.16
426328127,300110000,51.20
426624058,300110000,57.30
426829046,300110000,44.90
426725026,200010000,53.90
426128002,401002000,56.26
426017125,401000000,36.86
426677530,401000000,52.21
426742107,300110000,60.93
426266795,401250100,33.36
426435870,401110200,78.87
426290615,401000000,37.46
426278028,401110200,50.82
426166695,300110000,66.05
426201469,300210000,44.94
426424335,300210000,17.46
426181417,300110000,63.14
426571750,300110000,48.96
426544993,300110000,46.56
426149305,401110200,53.20
426079484,200010300,55.37
426131124,300110000,58.70
426306569,401000000,33.82
426690099,300110000,71.78
426058054,300110000,53.64
426039326,300110000,71.48
426250552,300110000,53.36
426065826,401000000,29.54
426819259,401000000,34.15
426831271,401250100,32.49
426803387,401000000,33.78
426076792,300210000,24.15
426404016,300210000,29.73
426230722,300210000,16.39
426557213,300210000,29.71
426151562,300210000,19.38
426265838,401000000,17.77
426404608,300110000,52.52
426686980,300210000,28.25
426098528,401000000,28.51
426240070,300210000,28.80
426351356,401241000,58.88
426342593,300110000,61.75
426340025,401241000,84.16
426182243,401000000,43.97
426367754,401000000,31.12
426727407,300110000,44.25
426243160,401110200,60.95
426675655,300210000,21.82
426255508,401000000,35.50
426121231,401130100,33.54
426187875,300210000,21.90
426286125,300230000,53.07
426151862,401000000,45.67
426132957,600070100,69.47
426347102,300110000,48.05
426168985,300210000,16.41
426782501,401130100,45.86
426804996,300110000,50.44
426150068,401110200,44.35
426476103,401130100,32.17
426124052,401000000,34.45
426258518,300210000,31.00
426757497,401000000,30.72
426212726,300110000,50.02
426326766,401110200,39.09
426168373,401000000,40.95
426514495,300210000,25.17
426524786,300210000,22.19
426416640,300110000,60.46
426038617,300210000,24.46
426064006,401000000,42.60
426083408,401002000,32.22
426107184,300210000,20.41
426107654,300110000,73.66
426435870,300210000,31.73
426127104,401110200,53.97
426465876,401250100,34.37
426451396,401000000,51.34
426187422,300210000,27.38
426736983,401000000,44.05
426470475,300210000,35.30
426787542,300210000,20.93
426804377,600070100,52.94
426690210,401002000,36.23
426348768,401000000,25.33
426476020,401000000,23.44
426010280,300110000,65.96
426270024,300110000,68.58
426612814,401110200,48.51
426218958,300210000,23.05
426540688,300110000,67.02
426476974,401000000,38.52
426136338,401000000,48.60
426555889,401000000,32.05
426339721,401220000,67.49
426473755,300210000,27.19
426448509,300110000,60.55
426024722,401002000,45.45
426450429,300210000,18.48
426126718,401000000,35.67
426242547,401110200,73.00
426272598,300130000,90.82
426420761,300210000,5.00
426484631,300210000,22.40
426303377,401002000,29.94
426408182,401110200,48.24
426568766,401260000,57.73
426741341,401110200,59.51
426470673,401130100,31.79
426148143,300110000,66.12
426746256,401110200,54.10
426406456,300210000,5.00
426141212,300110000,48.83
426821140,300210000,42.60
426249111,300210000,28.30
426754878,401000000,40.38
426638742,401220000,67.90
426234901,401130100,47.75
426251442,300210000,20.55
426801074,401110200,35.36
426768815,401130100,35.15
426193764,300110000,61.68
426003489,300210000,28.37
426143464,300210000,10.10
426261764,401000000,55.69
426757497,401130100,43.04
426147586,401121000,5.00
426394843,300110000,49.62
426520655,401241000,64.26
426403363,300110000,70.49
426234723,401000000,37.29
426404847,401000000,38.62
426691130,300210000,23.24
426148422,300210000,25.40
426716248,200010300,63.73
426331794,300110000,5.00
426077794,401000000,33.78
426726678,401250100,26.04
426465384,300210000,24.97
426346307,401002000,47.93
426397871,300210000,22.79
426135211,401000000,33.62
426341595,300110000,59.30
426610993,300110000,47.67
426564355,300210000,28.86
426148788,401230000,65.81
426799205,300210000,20.86
426396672,300110000,55.45
426646188,300110000,48.53
426621302,300130000,59.07
426565464,401000000,25.97
426804306,401250100,36.39
426231051,401000000,60.46
426791422,401250100,25.77
426232710,401000000,32.92
426550371,300110000,46.88
426347718,200010000,69.02
426400695,401000000,43.51
426406525,300210000,5.00
426574556,300110000,47.18
426029883,300210000,5.00
426480176,300110000,67.98
426337383,401250100,56.68
426398831,300110000,56.63
426390208,401000000,25.71
426687643,600070100,59.87
426790281,200010300,77.01
426544721,300210000,26.60
426060272,300110000,34.62
426293123,401000000,27.03
426011307,300210000,17.97
426669216,300210000,21.62
426139451,300110000,54.84
426351356,300210000,22.23
426671916,401130000,55.14
426766477,300210000,30.42
426564049,300110000,47.64
426071761,401110200,60.01
426755626,401241000,48.77
426140543,300130000,57.81
426113479,300130000,69.12
426582048,200010300,83.53
426464821,300210000,26.72
426583965,300110000,60.96
426329424,300110000,71.72
426530000,401130100,38.98
426694803,401000000,21.18
426315804,401000000,30.31
426449003,401000000,68.13
426047571,401002000,25.22
426061790,300110000,47.84
426564230,401002000,38.38
426254636,401000000,20.95
426083408,300110000,76.43
426011055,300130000,83.29
426711699,300210000,5.00
426401588,600070100,70.91
426123357,401110200,54.53
426094440,401000000,41.95
426142253,401000000,18.58
426658872,300110000,71.96
426501220,300110000,43.66
426619753,401240000,63.22
426294100,300110000,65.63
426334514,300210000,20.83
426134350,401130100,31.42
426304493,300210000,5.00
426385130,401000000,43.73
426351356,300310100,77.57
426544857,200010300,72.34
426137086,300210000,27.98
426207002,300130000,82.09
426447862,300210000,5.00
426093540,300110000,34.67
426306569,300110000,52.37
426039326,401000000,44.13
426229076,401110200,56.28
426231351,401000000,30.96
426714387,401250100,33.84
426234399,300110000,57.20
426580020,401240000,48.37
426367754,300110000,76.77
426134885,300210000,19.44
426299903,401130100,35.26
426537169,401250100,31.46
426519588,300210000,51.64
426030667,300210000,18.89
426054046,401250100,32.82
426376143,401110200,88.10
426123357,401130100,45.02
426538509,401110200,56.41
426152099,600070100,54.49
426361460,401240000,52.27
426135799,401250100,5.00
426409073,300110000,47.15
426393550,401121000,36.73
426830979,401000000,5.00
426476973,300210000,21.45
426146940,401110200,46.93
426714132,300110000,49.74
426336905,300110000,53.70
426140535,401000000,29.74
426201469,401250100,64.86
426830498,300110000,57.46
426352214,401000000,42.70
426133250,300110000,36.82
426138107,300110000,62.50
426150001,300210000,20.93
426246066,401000000,38.22
426393550,401000000,37.83
426327750,600070100,49.57
426348464,401250100,37.71
426249366,401000000,57.83
426251323,300110000,43.64
426669216,300110000,41.67
426671916,401110200,83.88
426687928,401230000,82.99
426002957,300210000,17.08
426079484,300210000,5.00
426679042,600070100,36.80
426524970,300110000,47.11
426306002,300110000,43.02
426140775,401002000,39.28
426765398,401110200,55.26
426284380,401000000,35.50
426729075,600070100,53.03
426652118,300110000,63.33
426079667,300130000,76.19
426556890,401110200,52.18
426309524,300110000,59.82
426465876,401000000,34.65
426682619,300130000,68.23
426236634,401000000,25.50
426558047,300210000,17.57
426725295,401250100,5.00
426620333,401000000,45.13
426229452,300110000,64.14
426147251,200010300,71.55
426243330,300130000,63.85
426147715,300110000,72.75
426799205,300110000,44.62
426137117,401000000,33.90
426395944,401000000,45.24
426703230,401000000,34.62
426261636,401110200,34.94
426523076,401230000,64.10
426469526,401110200,85.12
426078463,401000000,74.68
426230195,300110000,47.71
426336755,300110000,57.08
426827570,401000000,37.44
426353473,300210000,28.86
426673206,300210000,5.00
426230195,200010300,75.54
426550277,300110000,40.96
426720226,401000000,32.67
426345064,300130000,75.04
426390843,401110200,48.31
426327882,300130000,63.97
426550277,401000000,21.43
426825848,401002000,38.97
426146762,401130100,23.16
426227700,300210000,19.53
426555889,300110000,49.45
426488529,401000000,35.11
426235373,300130000,72.08
426400468,300110000,54.84
426265175,300110000,55.70
426691130,401110200,46.53
426480985,300110000,41.03
426077324,401110200,44.19
426029449,401000000,22.35
426311989,300110000,63.76
426669540,401240000,61.94
426130102,401000000,28.02
426727407,600070100,53.19
426601619,300110000,71.56
426130368,401110200,40.38
426766967,401000000,36.56
426675655,401000000,30.94
426478379,401250100,20.98
426139077,300110000,53.82
426143551,401220000,60.41
426050866,401000000,47.25
426600327,401110200,49.11
426004749,401230000,53.43
426665827,300210000,32.71
426574885,600070100,41.44
426173436,300130000,54.43
426663533,300210000,18.15
426408005,401110200,36.88
426658123,401250100,31.25
426671330,300110000,49.39
426136652,401130100,30.40
426389029,401002000,37.28
426669540,401250100,32.90
426758630,300210000,20.66
426331674,300110000,44.49
426625356,300110000,52.82
426225096,300110000,70.23
426340329,401000000,25.50
426152099,300210000,25.84
426236694,300130000,67.08
426476973,300110000,65.74
426623668,401121000,41.64
426340993,300210000,45.19
426519094,401000000,34.41
426398262,300210000,5.00
426578449,401250100,39.13
426051016,401000000,36.54
426249027,401220000,69.66
426544147,401000000,30.12
426124052,300110000,51.77
426672965,300130000,89.53
426477717,401000000,21.18
426480985,401000000,24.52
426168985,401110200,53.94
426556699,300210000,19.24
426246609,600070100,48.48
426768428,401110200,54.77
426341578,401220000,69.76
426571007,401130100,19.63
426801402,200010000,56.64
426352292,300210000,48.77
426232710,600070100,52.57
426039326,300210000,20.05
426137117,300110000,53.51
426441040,401121000,44.06
426672965,401241000,57.73
426071182,300110000,53.04
426128593,401110200,43.18
426625704,401000000,36.67
426466580,401121000,32.22
426583965,300210000,5.00
426236351,300110000,55.41
426256329,300210000,5.00
426652410,401241000,48.73
426331794,300210000,21.37
426124052,600070100,58.63
426336130,300110000,49.51
426157070,401000000,27.79
426247446,300210000,24.10
426148203,401250100,28.15
426147208,300110000,50.04
426809917,401000000,40.40
426312501,300210000,36.90
426026426,300210000,27.87
426704850,300110000,62.83
426480176,300210000,22.63
426152099,401000000,32.96
426328319,300210000,5.00
426147293,300210000,27.62
426380261,300110000,5.00
426012007,401002000,38.52
426583965,401110200,47.71
426134613,401250100,22.52
426079667,300210000,22.66
426673240,401000000,37.15
426396672,300210000,28.33
426716355,401000000,44.75
426544857,300110000,67.77
426573526,300110000,63.48
426524514,401220000,63.34
426751805,200010300,66.20
426611475,401000000,34.61
426377938,401241000,58.37
426159445,300110000,71.89
426402661,401000000,19.39
426688543,600070100,66.89
426144491,401110200,46.61
426412823,600070100,47.98
426459738,401110200,56.76
426286201,200010300,50.70
426041639,600070100,43.34
426685904,300110000,42.19
426468728,300110000,52.87
426386964,401000000,22.80
426140665,300210000,5.00
426621302,300110000,51.02
426737568,300110000,36.06
426260428,401000000,58.33
426327747,300110000,56.96
426714387,401241000,77.67
426658872,200010300,57.09
426598806,300110000,60.17
426238288,600070100,62.77
426429152,401000000,40.12
426306684,401241000,46.82
426402126,300110000,49.03
426755593,300210000,19.69
426561057,401000000,46.90
426782305,200010300,61.52
426151862,300110000,56.46
426168642,300210000,23.50
426385130,300210000,5.00
426571364,300110000,66.34
426398599,300210000,17.93
426391693,300110000,57.85
426804293,300110000,44.92
426310837,600070100,64.09
426245804,401110200,64.43
426514663,300210000,35.23
426180246,401002000,37.27
426694683,401110200,39.37
426149616,401110200,40.05
426336905,401000000,20.52
426350838,300110000,74.23
426469474,300110000,63.53
426235373,300210000,21.02
426482896,200010300,80.12
426157332,401130100,20.66
426341571,401220000,66.41
426400695,401220000,64.94
426329424,401250100,33.85
426098528,300130000,55.06
426378805,401130100,32.73
426734823,401110200,44.25
426189810,401241000,50.05
426416260,401000000,39.61
426817782,300210000,56.93
426174900,401002000,29.86
426502420,300110000,55.66
426270427,401110200,49.19
426012007,401000000,41.22
426476174,200010300,58.99
426253613,300230000,24.62
426146537,600070100,59.63
426512577,401002000,27.20
426145609,600070100,54.52
426835315,600070100,53.61
426131340,300110000,45.26
426575002,401000000,54.93
426057808,300210000,5.00
426515316,401000000,38.64
426178761,401000000,29.25
426115157,401000000,46.05
426403744,401240000,54.78
426540960,401000000,50.28
426409395,401220000,78.53
426469924,401000000,39.41
426828192,300210000,5.00
426083408,401000000,35.34
426011197,300210000,36.07
426833562,200010000,81.62
426070582,600070100,33.78
426074141,300210000,16.42
426271892,401002000,28.10
426472532,401130000,51.78
426173436,300210000,20.10
426032862,300110000,65.14
426244455,401110200,50.80
426457824,401110200,82.73
426251442,401110200,47.93
426714132,401000000,25.78
426689208,300210000,37.96
426502420,401000000,34.79
426279230,300210000,5.00
426128977,401250100,32.85
426587324,401230000,69.47
426341770,300110000,47.20
426460728,401110200,89.02
426161594,600070100,47.49
426469576,300110000,57.56
426790281,401250100,45.28
426520725,401130000,50.33
426395251,401000000,26.12
426232944,200010000,58.44
426334544,200010300,52.02
426163012,401241000,67.62
426252897,300210000,51.01
426474916,300210000,22.71
426069743,300130000,52.21
426568048,401000000,30.75
426591689,300210000,21.86
426643487,401000000,40.89
426137705,300110000,60.81
426804306,300210000,20.25
426406456,401000000,40.60
426469924,401110200,62.25
426336197,300110000,43.43
426231351,401250100,27.36
426527599,200010000,69.49
426541237,401110200,43.34
426397776,300210000,5.00
426511393,401000000,42.97
426127732,300110000,61.73
426012007,401250100,33.51
426395745,300210000,39.36
426351561,401000000,33.36
426621232,401121000,75.05
426530718,401000000,29.31
426130688,401000000,70.46
426238615,300110000,56.80
426556347,200010300,59.95
426133250,401002000,26.42
426476241,401110200,39.39
426010203,300230000,41.66
426146940,300110000,33.26
426123357,300110000,67.26
426812292,401110200,59.35
426711097,300110000,60.89
426341595,300210000,25.39
426409073,401000000,28.25
426397776,300110000,46.41
426417322,401000000,32.99
426691130,401130100,32.75
426717777,300110000,64.14
426242054,401121000,35.01
426770839,401002000,33.61
426739184,300110000,47.76
426047571,600070100,42.97
426147037,401250100,25.28
426174900,300110000,47.39
426668442,401250100,25.38
426334399,401000000,31.16
426386207,401121000,48.53
426225096,401110200,57.00
426397871,300110000,48.89
426114028,300210000,5.00
426296652,300210000,5.00
426763140,600070100,35.39
426745537,401110200,61.54
426687960,300110000,51.97
426143464,401130000,43.18
426214562,401130000,41.14
426766888,300210000,29.23
426141745,300110000,55.20
426210404,300110000,42.13
426658872,401130100,53.71
426666625,300210000,54.78
426761183,300210000,25.62
426255285,300110000,65.18
426217275,401130000,44.13
426018008,300130000,71.39
426472532,300210000,47.68
426138229,300210000,5.00
426345647,300110000,53.29
426115960,401000000,16.75
426145649,300210000,27.21
426479349,600070100,60.60
426246609,300110000,54.95
426056469,401130100,29.87
426306684,401220000,61.37
426524970,300230000,33.19
426802560,401000000,18.47
426153643,401220000,70.34
426341769,300110000,59.18
426266795,300210000,31.34
426132450,300210000,27.31
426519281,401250100,27.52
426601619,300210000,45.29
426522688,300110000,51.35
426066204,300210000,21.12
426524435,401000000,35.83
426150001,401110200,56.52
426520740,401230000,79.32
426520655,300110000,36.05
426064543,401110200,59.75
426589170,300210000,50.81
426571459,300210000,31.14
426135850,300130000,62.65
426290575,200010300,69.18
426209306,300110000,46.60
426345555,300110000,54.51
426036794,401000000,53.20
426107522,600070100,55.26
426002957,300110000,39.95
426195829,600070100,66.04
426147264,401000000,17.09
426772559,300130000,82.20
426137555,401000000,33.82
426010280,401130100,5.00
426148203,401000000,37.64
426622988,300310100,49.21
426421927,401110200,46.33
426511919,401000000,31.80
426838102,300110000,75.06
426246002,401002000,38.68
426071761,300110000,32.07
426341810,401000000,33.79
426418237,401130100,41.64
426036794,300210000,54.51
426564653,300210000,28.05
426338414,300110000,58.58
426713449,401110200,40.86
426514495,401002000,43.44
426140372,401220000,87.61
426073805,401000000,45.52
426642910,401000000,32.55
426397039,300110000,34.05
426246281,401240000,78.09
426291159,600070100,39.23
426138533,300210000,27.45
426466102,401121000,38.82
426579785,300210000,44.97
426587041,300110000,65.02
426476973,401130100,5.00
426140535,300130000,64.47
426227905,300210000,17.87
426209306,401240000,71.89
426291191,300210000,24.00
426812292,300110000,75.94
426248490,401000000,27.89
426502420,300130000,68.87
426353473,300110000,50.55
426324056,600070100,75.68
426143070,300110000,66.29
426422785,401110200,57.94
426408797,401000000,44.65
426017974,300110000,50.98
426476785,401000000,38.48
426469160,300110000,71.40
426333054,300210000,45.16
426400205,300110000,56.91
426829046,600070100,39.81
426060723,300110000,44.26
426727640,300110000,42.73
426693417,300210000,5.00
426406525,401000000,34.14
426686203,300210000,45.29
426231051,300210000,56.02
426130112,401000000,31.46
426289155,401220000,77.14
426723035,401110200,47.68
426460180,600070100,69.64
426157070,300210000,17.55
426246108,300130000,77.10
426378096,300110000,61.63
426464576,401121000,43.79
426409696,300210000,25.33
426389227,401250100,39.53
426396695,300110000,59.77
426390208,300210000,20.45
426447837,401110200,44.51
426512152,300110000,48.61
426755118,300110000,45.15
426016354,300310400,55.71
426357906,300110000,50.97
426293123,300110000,52.37
426217407,300210000,5.00
426060723,401250100,16.65
426163934,300130000,57.64
426638742,401250100,25.89
426574885,300210000,30.91
426400609,300110000,66.65
426284380,300210000,23.00
426166695,300210000,17.16
426791124,300110000,64.75
426114028,600070100,55.59
426436940,401000000,36.88
426152899,600070100,66.51
426404608,401110200,51.48
426394733,401000000,20.04
426514130,300210000,30.95
426572005,300210000,20.11
426682784,401241000,68.28
426664200,300110000,57.47
426280627,300130000,83.72
426740965,300210000,5.00
426210404,600070100,39.08
426336924,300110000,38.26
426397176,200010300,53.27
426511727,401110200,54.49
426682093,401002000,33.96
426663192,401000000,43.95
426153178,300230000,39.00
426766053,300110000,50.82
426462151,200010300,49.15
426461698,401121000,33.09
426704850,300210000,5.00
426363390,300110000,5.00
426076743,401110200,36.71
426512152,401250100,33.95
426714516,300110000,64.90
426561299,300110000,57.53
426737408,401130100,62.54
426262637,401110200,43.86
426515234,401110200,78.32
426126751,401110200,47.60
426345106,401000000,45.27
426726066,401250100,34.22
426041468,401230000,83.04
426160935,401002000,65.94
426544993,401000000,23.46
426263105,300110000,66.86
426265999,300110000,53.63
426147257,300210000,33.39
426194433,300110000,54.35
426233237,600070100,48.48
426772978,300110000,51.18
426169605,401000000,34.05
426441080,401000000,47.62
426018008,300210000,18.33
426830193,300110000,55.90
426588865,300110000,53.47
426819454,300130000,78.54
426093540,401000000,34.82
426624032,300210000,46.33
426565464,300110000,40.65
426784345,300110000,55.66
426541477,401000000,33.49
426292698,300210000,18.90
426711774,300110000,30.84
426511393,300130000,68.89
426249027,401000000,25.73
426675118,401241000,84.45
426679446,300210000,22.25
426472140,300210000,11.48
426328319,300110000,53.01
426508041,401130100,31.47
426804542,300110000,39.43
426510586,300110000,51.22
426569217,401250100,38.60
426341582,300110000,60.89
426614567,300210000,30.12
426249111,401130100,43.19
426652537,401130100,32.42
426246300,401000000,19.85
426249366,401220000,84.24
426710872,401002000,5.00
426436940,401250100,5.00
426767082,300210000,48.36
426250552,401110200,44.77
426665014,401000000,37.21
426473507,200010000,86.74
426167887,401000000,28.73
426723365,300110000,42.96
426047571,300210000,26.62
426328127,300210000,10.29
426757889,300110000,53.45
426235373,200010000,54.78
426840562,401241000,68.30
426791124,401000000,43.08
426429304,300210000,21.78
426609980,300210000,22.40
426341762,300110000,50.39
426474070,401000000,32.00
426184061,401220000,77.40
426571750,300210000,31.48
426463032,401000000,43.67
426754690,300130000,53.92
426315817,401000000,24.00
426752905,401000000,21.45
426488417,300110000,72.49
426828192,401000000,47.13
426794037,401000000,37.97
426561381,401130100,24.75
426710872,401110200,52.99
426755118,300130000,62.06
426580856,300210000,48.99
426143228,300110000,71.97
426480181,300110000,45.82
426122730,300110000,41.04
426752958,300110000,52.06
426127732,401000000,33.17
426210155,300110000,73.01
426017125,300110000,69.15
426058054,401000000,35.15
426834127,300210000,17.30
426623515,401000000,43.02
426230195,300210000,25.81
426345106,401110200,58.49
426726066,401000000,33.99
426476103,401000000,27.71
426626844,300210000,27.42
426622988,300210000,45.50
426232272,300110000,71.89
426535869,300210000,24.13
426064006,401130000,46.08
426147708,300210000,49.86
426395511,300210000,30.67
426723365,600070100,51.72
426239185,401000000,24.92
426342452,300210000,44.19
426347102,200010000,57.18
426729075,300210000,19.98
426838471,401000000,44.13
426394805,300110000,46.48
426814109,300110000,47.95
426395176,600070100,65.56
426141367,300110000,54.07
426804542,401000000,22.22
426470230,401000000,38.94
426560689,300210000,21.07
426409395,401110200,68.00
426234399,401250100,5.00
426524652,401000000,27.57
426689208,401110200,85.41
426571007,401000000,39.38
426600327,401000000,37.85
426395298,300210000,21.00
426255114,300110000,50.68
426115157,300110000,45.19
426361460,300110000,63.53
426462151,401110200,43.81
426334544,401000000,26.11
426695712,300110000,52.14
426718114,401000000,34.45
426137153,300110000,55.38
426274723,401000000,21.83
426672026,600070100,54.23
426007195,401250100,21.48
426127859,401002000,40.66
426425179,401000000,48.47
426830193,401110200,44.42
426689495,401000000,38.81
426799014,600070100,42.31
426450645,300110000,64.86
426316087,401121000,45.15
426234111,300210000,32.22
426268286,401000000,38.90
426299903,300110000,59.82
426347569,401250100,29.43
426128050,401130000,34.61
426485825,401130000,36.61
426341790,401241000,72.01
426025075,401002000,5.00
426140486,401000000,44.43
426290615,401250100,27.04
426274723,401250100,22.65
426127394,300210000,28.44
426479270,401110200,90.39
426135211,401110200,44.72
426757497,401110200,43.73
426238722,300110000,52.73
426000542,401110200,50.95
426549996,401250100,58.09
426335095,300110000,50.86
426255114,300210000,24.24
426772964,401000000,35.70
426772964,401110200,33.32
426573526,401000000,33.51
426723081,600070100,62.43
426525276,300210000,26.40
426803387,401241000,56.88
426476509,300110000,51.91
426249366,300210000,30.28
426623453,401110200,56.20
426160714,300210000,29.15
426011197,401110200,49.81
426140216,401002000,30.17
426346990,401110200,44.16
426128593,300210000,21.77
426341578,300110000,66.67
426003643,401250100,24.52
426711998,401000000,32.71
426077794,300110000,64.46
426561381,300110000,42.02
426737381,401000000,28.35
426754417,300110000,52.49
426516940,401240000,46.46
426244497,300110000,49.99
426627294,300210000,24.15
426246066,300110000,60.34
426688774,401250100,32.47
426669482,300210000,47.25
426147264,300210000,24.25
426564172,401250100,28.57
426556779,600070100,34.99
426767060,401000000,31.24
426766477,300110000,62.39
426388798,401000000,36.67
426565408,401000000,34.23
426772644,401220000,67.27
426548334,300110000,68.43
426757037,300110000,57.91
426003552,401000000,27.13
426236634,401220000,59.49
426254015,401000000,27.60
426236699,401110200,43.42
426227700,401241000,48.75
426678281,401000000,24.70
426312351,300210000,27.38
426151386,401250100,26.25
426170560,401002000,69.35
426405312,300210000,23.24
426792520,300110000,71.78
426315479,300110000,43.52
426348384,401230000,66.77
426155506,600070100,63.44
426398599,401110200,32.70
426769597,300210000,27.00
426079667,300110000,59.95
426244713,401000000,21.60
426388863,401241000,60.72
426473175,401110200,40.05
426257890,401130000,32.58
426340213,300210000,5.00
426782357,401000000,29.06
426435369,401000000,44.69
426253647,300110000,56.79
426624032,401000000,35.36
426047571,401000000,34.17
426127394,401000000,34.90
426395511,401000000,28.47
426462133,401110200,60.61
426214654,300210000,39.66
426126351,600070100,69.14
426349386,401110200,38.66
426475621,300210000,33.14
426637538,300110000,47.38
426333407,600070100,36.30
426148270,300210000,5.00
426469526,401130000,59.46
426361398,300110000,51.65
426286125,401000000,38.68
426604161,600070100,65.42
426610993,401241000,51.32
426475618,401130100,31.10
426575002,300210000,16.32
426184061,300110000,53.62
426840562,300210000,24.47
426120311,401110200,46.39
426397338,300210000,18.72
426694683,300210000,5.00
426799014,401000000,31.10
426814109,401110200,60.15
426289155,300110000,67.95
426767060,401110200,69.60
426341677,401000000,38.09
426074141,300110000,50.98
426617106,300110000,69.20
426650046,300110000,63.59
426766008,401000000,24.71
426412823,300210000,20.94
426350383,401000000,55.80
426248792,300110000,65.20
426460981,401000000,34.67
426574556,401000000,5.00
426237982,401000000,52.08
426029883,401000000,33.46
426441080,300210000,37.12
426520645,300110000,66.80
426604161,300110000,72.23
426341477,401220000,62.50
426350084,401121000,35.33
426459795,401110200,42.05
426652118,300210000,5.00
426054046,401002000,32.67
426128002,300210000,50.49
426327180,300110000,55.16
426139714,300210000,44.22
426569300,401002000,37.45
426404414,401250100,36.52
426117970,600070100,51.92
426518235,401250100,48.08
426716684,401000000,5.00
426395781,401000000,68.57
426714437,300110000,56.94
426758630,300110000,55.94
426147659,600070100,39.59
426690097,401000000,23.91
426840562,401110200,49.92
426731301,401230000,80.07
426519382,401250100,28.00
426762329,300210000,21.13
426571741,401000000,27.88
426560830,300210000,33.21
426194756,300210000,34.30
426712215,300110000,61.20
426066748,300130000,63.53
426377938,300110000,39.28
426613960,300130000,78.82
426757572,401110200,51.31
426060272,300210000,5.00
426648083,300210000,51.81
426397338,401121000,47.05
426069743,300110000,5.00
426094440,300110000,56.35
426458207,300210000,5.00
426519382,300210000,19.97
426620219,300210000,5.00
426541237,300110000,41.32
426201874,401002000,31.32
426231736,401000000,31.28
426061790,600070100,65.11
426253481,401130100,33.90
426167887,300110000,64.76
426392553,401230000,84.66
426557737,300210000,13.73
426330185,300210000,21.84
426056469,401110200,57.16
426650432,300210000,19.51
426382669,300130000,89.22
426390706,300110000,58.19
426245995,401000000,27.80
426025068,300110000,73.22
426771516,401000000,39.40
426740515,300110000,65.28
426335427,300210000,41.87
426030783,300110000,56.02
426069801,300210000,5.00
426395689,401110200,80.30
426136338,600070100,59.91
426385130,300110000,56.38
426519202,300110000,57.26
426282875,300310100,78.69
426253613,300110000,63.78
426191161,300210000,22.04
426632268,401110200,50.42
426467284,300110000,54.84
426004350,401220000,61.60
426638334,401110200,42.90
426216047,401000000,16.77
426490716,300210000,33.41
426245406,300110000,47.99
426687960,401000000,39.36
426266045,300110000,65.18
426537462,401130000,40.77
426163086,300110000,60.41
426341694,300110000,61.48
426600492,401002000,41.05
426819259,300110000,79.39
426480985,300130000,69.33
426210155,300230000,59.98
426582469,300210000,17.75
426759145,401000000,40.83
426686065,300210000,25.84
426136244,300210000,35.74
426139471,300110000,54.73
426682635,401220000,73.37
426497223,600070100,59.31
426416832,401220000,71.01
426441040,300210000,53.52
426197141,300110000,61.01
426475618,300110000,60.01
426146283,300130000,60.86
426259068,300110000,55.93
426126883,300210000,5.00
426246694,600070100,44.08
426279770,600070100,64.15
426171561,401000000,31.69
426614567,600070100,75.12
426135850,300210000,5.00
426217150,401000000,46.08
426740186,300110000,54.94
426574583,401110200,50.62
426806222,401110200,68.80
426564230,300110000,58.19
426749344,401000000,38.43
426626835,300210000,24.42
426264697,401241000,54.15
426192014,401110200,59.95
426170026,401250100,32.29
426152941,200010000,61.55
426130112,401230000,70.60
426348605,401000000,32.23
426691636,401121000,14.46
426069297,401002000,41.11
426488417,401110200,52.89
426143765,401000000,24.10
426787542,401000000,25.15
426676198,401121000,41.57
426360027,300110000,59.08
426327750,401110200,42.17
426145329,401110200,49.85
426352292,300110000,66.03
426734823,300210000,5.00
426145050,300210000,18.91
426291159,300130000,63.70
426076505,600070100,51.44
426690727,300210000,21.99
426138784,300210000,36.22
426394733,300210000,21.78
426228854,300210000,30.36
426667725,401220000,60.28
426791124,300210000,20.01
426025539,300110000,61.19
426243482,401110200,5.00
426398624,300110000,60.81
426739184,401000000,37.31
426490889,401000000,36.48
426480176,600070100,59.15
426662608,300110000,66.47
426237597,401000000,49.93
426139840,401000000,35.53
426718325,401002000,37.05
426530718,300210000,18.33
426335248,401250100,56.69
426240070,300110000,5.00
426351561,401110200,70.46
426390208,401241000,48.75
426147189,300210000,18.69
426393550,300210000,5.00
426121231,300210000,30.03
426725295,300210000,18.99
426690846,300110000,65.15
426742107,401000000,27.62
426132957,401002000,60.97
426711774,401230000,52.78
426717777,300210000,24.53
426613192,401000000,15.21
426369103,300110000,52.73
426571997,200010300,60.61
426294100,401220000,65.14
426391544,401110200,45.23
426586905,401000000,41.00
426073194,300110000,44.60
426147293,300110000,55.09
426447862,300110000,56.89
426138986,300210000,20.77
426829260,200010000,60.50
426464600,200010300,71.03
426475313,401000000,34.99
426378750,401250100,36.70
426018314,401000000,24.29
426400596,300210000,19.31
426255025,401220000,86.30
426520205,300110000,52.82
426487101,401110200,68.19
426231753,401241000,83.90
426793384,300110000,45.61
426274021,300130000,63.89
426544080,401002000,35.04
426396695,401000000,37.89
426425269,401000000,24.51
426638334,401000000,45.51
426469576,401000000,42.26
426488417,401130100,44.03
426341563,300110000,65.05
426242547,300210000,40.48
426253647,300210000,22.92
426110983,401000000,36.37
426754878,300210000,27.77
426635194,401241000,78.67
426378096,300230000,40.56
426673240,401250100,31.17
426754417,401000000,32.55
426404608,401000000,43.03
426236238,300210000,33.51
426347205,300210000,18.92
426181417,401110200,47.24
426073194,401000000,29.59
426377310,300210000,14.92
426245995,300210000,29.58
426614187,401002000,31.84
426740558,300110000,49.70
426462521,300210000,28.99
426812405,300110000,50.05
426606188,401000000,29.35
426133049,401000000,5.00
426642910,401130100,42.78
426309077,401000000,16.17
426464600,300210000,26.24
426521144,401250100,5.00
426265838,300110000,46.94
426234048,300210000,21.54
426260635,401110200,41.15
426291191,300110000,45.05
426318891,401110200,40.42
426571249,401110200,88.15
426227905,300110000,37.27
426464600,401000000,44.35
426257360,300210000,5.00
426793808,300210000,16.88
426514495,600070100,45.41
426147708,401250100,35.56
426136652,300110000,57.66
426232272,401130000,32.55
426716355,401110200,73.71
426566532,600070100,44.92
426018314,300110000,48.64
426135008,300110000,44.62
426177950,300210000,21.64
426583965,401000000,32.96
426327750,401000000,41.92
426520883,300210000,5.00
426245961,401002000,26.95
426069743,401000000,27.26
426680978,300210000,22.66
426231326,300210000,37.37
426171109,401250100,45.95
426571997,300210000,5.00
426004350,401000000,39.29
426128874,300210000,5.00
426770160,300110000,47.92
426311989,200010300,76.35
426527555,300110000,42.96
426490547,401110200,46.25
426243482,401130000,32.32
426139714,401110200,70.86
426377406,300210000,28.59
426029449,401130100,56.00
426737381,300110000,36.57
426286125,401002000,29.89
426690477,300210000,18.25
426345005,401000000,46.68
426718325,401000000,53.47
426579600,600070100,46.57
426682784,401220000,72.72
426369583,401250100,28.31
426545705,401000000,40.32
426394852,300210000,16.57
426336755,300210000,23.25
426189810,300110000,63.35
426254620,401000000,24.58
426331154,300210000,30.98
426460180,401000000,42.94
426690099,401000000,33.44
426564230,401250100,28.66
426755593,300110000,48.66
426665827,401002000,28.77
426841088,300210000,24.99
426128593,401000000,27.21
426589170,401250100,46.82
426241131,300210000,13.01
426611573,401000000,22.29
426740186,401110200,51.89
426725026,401230000,63.35
426339721,300110000,60.57
426139471,401000000,33.64
426311989,401000000,30.22
426330042,401002000,57.40
426740186,300210000,19.02
426350383,300110000,78.26
426516414,401110200,59.68
426174900,300210000,21.22
426624058,300210000,23.35
426326729,401250100,45.28
426395511,300230000,42.64
426555889,401220000,79.54
426315479,200010300,50.10
426120311,401000000,34.67
426315566,401000000,41.94
426214562,401000000,38.10
426666625,300110000,37.85
426510308,300210000,43.16
426572007,401130100,29.54
426729627,300110000,66.00
426758281,401000000,33.40
426465670,600070100,57.06
426395223,300210000,39.47
426147496,401250100,30.51
426405625,401000000,60.24
426772644,401000000,33.81
426033315,401250100,23.88
426213370,401230000,66.68
426286201,300210000,30.95
426525135,401000000,36.35
426041468,300130000,92.87
426600327,300210000,44.39
426432248,300230000,48.68
426265838,401130100,28.11
426407262,401110200,46.75
426684812,401000000,33.92
426740117,401121000,43.77
426168642,401000000,28.06
426393550,401002000,20.53
426390950,401000000,32.47
426386207,300210000,36.31
426107184,300110000,50.70
426339619,300110000,50.87
426231051,401130100,58.00
426151386,401000000,37.55
426233122,600070100,50.49
426573025,401110200,45.64
426338491,401250100,31.12
426029449,600070100,57.77
426505457,401000000,24.57
426560462,200010300,80.29
426754690,401250100,12.96
426669216,401220000,57.39
426838102,300210000,23.19
426336511,600070100,64.53
426652537,300210000,33.89
426795962,300130000,77.40
426476103,401002000,44.02
426162254,401110200,52.96
426524914,300210000,5.00
426691130,401000000,45.80
426153631,300210000,5.00
426569217,300110000,48.02
426162463,401110200,52.73
426550371,401250100,63.67
426568766,300210000,5.00
426687643,401002000,25.54
426297113,401000000,38.13
426468728,300210000,5.00
426042027,300210000,24.79
426754824,401250100,27.01
426690236,401000000,32.29
426806222,401000000,5.00
426678281,300110000,51.05
426334342,401250100,51.95
426248193,401000000,46.97
426218307,300210000,27.47
426238722,401110200,49.94
426260602,300210000,20.68
426011197,401000000,48.55
426713449,401000000,37.90
426396554,401130100,24.02
426028908,300210000,39.97
426737568,401000000,19.61
426331154,401110200,55.15
426390706,300210000,5.00
426671330,300130000,66.18
426740558,401000000,31.76
426473755,401000000,31.68
426544857,300210000,5.00
426344383,300110000,66.56
426710174,401110200,55.81
426011384,300210000,18.62
426115157,401250100,25.68
426070582,300210000,5.00
426590860,401250100,23.18
426611740,300210000,15.75
426334342,401240000,82.60
426159445,401130100,57.76
426339721,401002000,40.59
426341604,300210000,20.05
426341625,300210000,16.02
426623668,401000000,25.94
426519452,300110000,73.56
426052726,401110200,55.52
426556347,300110000,39.22
426255114,401000000,47.85
426246694,300210000,25.05
426147251,300210000,8.97
426184061,401000000,33.41
426008617,401000000,51.94
426344673,300110000,45.41
426556566,401000000,25.12
426715684,401240000,51.69
426690097,401110200,52.51
426610303,401000000,33.54
426243330,300110000,61.95
426803506,300210000,47.38
426135568,300130000,56.36
426467284,200010300,90.97
426390950,300210000,17.23
426616262,401000000,24.99
426047588,300210000,39.56
426339721,300210000,26.41
426470475,401241000,52.91
426181282,300130000,71.00
426161024,401000000,45.33
426331061,300110000,50.96
426476785,300210000,23.36
426400468,300210000,22.56
426522504,401130100,35.93
426246706,300110000,45.30
426569687,300210000,5.00
426643487,401002000,41.41
426137555,401002000,41.77
426236238,600070100,42.14
426251132,401000000,46.11
426835088,401000000,46.61
426398446,401002000,24.76
426459738,401002000,26.05
426520723,401121000,5.00
426712859,401000000,41.91
426130292,300230000,73.59
426488298,300110000,47.83
426236694,300210000,28.37
426145329,401000000,36.83
426727489,401110200,46.06
426480176,300130000,58.98
426600492,401000000,39.77
426728112,300110000,65.60
426645945,300210000,54.08
426828602,401250100,60.96
426544721,401002000,28.50
426291191,401000000,42.74
426739184,300210000,20.96
426255508,300110000,42.05
426658123,401000000,30.34
426174546,401000000,22.11
426667231,300110000,63.75
426127061,401130000,33.74
426784345,300210000,5.00
426251323,600070100,39.57
426334514,401230000,70.33
426664200,300210000,21.17
426397039,401000000,53.01
426234473,401110200,58.99
426497223,401000000,31.02
426591033,300110000,45.04
426673171,401130000,59.92
426441907,401121000,74.93
426023770,401241000,63.91
426147220,401250100,54.73
426469474,401250100,26.28
426458207,401230000,56.44
426346019,300110000,53.11
426540688,300230000,56.41
426571503,401110200,31.95
426642910,200010300,75.83
426253481,300210000,23.60
426149325,300110000,50.53
426624032,401110200,81.16
426734823,200010300,62.26
426711998,300110000,57.84
426164688,401250100,33.12
426217150,300110000,70.23
426140535,300110000,59.56
426277154,401000000,38.09
426581080,401110200,59.24
426716430,401000000,30.92
426336403,300210000,56.89
426237239,300210000,23.00
426672350,300210000,5.00
426275493,300110000,63.11
426252897,401000000,56.67
426391544,401000000,33.95
426341583,401110200,59.99
426472361,401000000,43.60
426478900,401220000,71.27
426665059,401250100,5.00
426762352,401000000,16.85
426338414,401000000,17.41
426236694,300110000,48.87
426523499,401130100,27.70
426291159,300110000,46.92
426160714,401130100,26.01
426460180,300110000,63.71
426688804,401000000,45.36
426225096,401000000,43.08
426198270,300230000,59.13
426722363,300210000,21.60
426257642,300210000,31.23
426025805,300210000,22.00
426337104,401002000,61.08
426352292,401002000,53.02
426613960,300110000,61.63
426336924,401000000,39.45
426004749,300110000,65.28
426259516,300210000,25.91
426349386,300110000,39.39
426025075,300210000,32.87
426700341,401110200,51.07
426158228,401000000,27.42
426614168,300210000,26.66
426664200,401000000,35.41
426685946,300210000,5.00
426151189,401121000,52.69
426537462,300210000,26.91
426140775,401121000,34.61
426143765,300110000,50.53
426217402,300110000,44.60
426749970,401110200,63.99
426729075,300110000,52.26
426712215,401000000,29.59
426572985,300110000,64.38
426360607,300230000,49.96
426577607,401000000,29.18
426073142,600070100,46.54
426389029,401000000,39.89
426672026,300210000,23.39
426490547,300110000,52.28
426173051,401002000,46.71
426351356,300110000,63.79
426107810,600070100,59.74
426113479,401000000,34.08
426441907,401002000,38.73
426693417,401110200,46.09
426632902,401250100,31.70
426312501,401000000,57.76
426535924,401000000,18.85
426216047,600070100,41.06
426395251,401130100,23.71
426236694,600070100,68.78
426346246,401121000,30.15
426247446,300110000,49.87
426399588,401000000,40.80
426334939,300210000,20.64
426520326,401110200,40.96
426236351,401110200,35.61
426139471,300210000,19.62
426264458,300210000,5.00
426634985,200010300,64.37
426583018,300110000,58.00
426690579,401000000,48.48
426261636,300110000,64.02
426244497,401000000,35.67
426694683,401000000,19.73
426662826,401130000,63.96
426341571,401000000,25.29
426315559,300210000,5.00
426476241,401130100,37.81
426060286,600070100,44.82
426050866,300110000,76.68
426397338,300110000,67.74
426230360,300130000,71.14
426829046,300130000,51.06
426078113,300210000,27.19
426151562,300110000,43.78
426029449,300210000,20.89
426271892,401000000,30.93
426408182,300110000,51.75
426315559,300110000,42.96
426569217,401002000,55.98
426134211,401240000,63.39
426729998,300210000,25.02
426525135,300210000,5.00
426229076,600070100,58.88
426598348,300210000,27.14
426672776,401110200,52.32
426149305,300210000,21.45
426139664,300110000,52.87
426571364,401130000,29.55
426006353,300210000,19.22
426181200,401000000,24.84
426476974,401110200,59.67
426537562,300210000,5.00
426326729,300110000,49.76
426237505,401121000,39.59
426577589,401220000,76.85
426537462,401000000,30.02
426029087,600070100,71.24
426332163,401130100,64.42
426839151,300110000,50.75
426416640,300210000,22.59
426678376,401241000,80.41
426479058,401000000,42.62
426054046,300110000,66.46
426600492,300210000,33.19
426157127,300210000,5.00
426571007,300210000,23.63
426520898,200010300,77.23
426336101,300210000,25.97
426228854,200010000,40.92
426197776,300210000,28.24
426524970,300210000,17.84
426586905,401130000,26.95
426579785,401110200,75.37
426127307,401130100,26.24
426400205,401000000,36.56
426571742,401220000,72.81
426145931,401250100,50.14
426152631,401000000,38.88
426479315,300210000,41.83
426522945,401121000,51.87
426793384,401250100,23.78
426405312,200010300,47.06
426305160,401000000,29.83
426368046,300210000,38.64
426475313,200010300,59.05
426714437,401220000,68.76
426478900,300210000,18.41
426613960,600070100,50.50
426093540,401110200,52.11
426438900,401241000,52.22
426750680,401110200,46.97
426363390,300230000,48.71
426512577,300210000,23.09
426347281,401241000,56.27
426230110,200010300,73.47
426611573,600070100,51.79
426643487,300210000,25.63
426047341,401000000,27.69
426351561,401241000,81.54
426133250,401000000,19.71
426148726,401002000,36.50
426028717,401000000,72.74
426126751,300110000,62.80
426757889,300210000,22.93
426391761,401241000,68.62
426378750,300110000,70.44
426416260,401241000,82.64
426147715,401240000,61.07
426524639,401000000,37.04
426723376,401130100,21.73
426582048,401121000,54.11
426187875,300110000,40.20
426819454,300210000,35.34
426631009,401241000,52.36
426256521,401110200,57.48
426394843,401002000,25.56
426564703,300210000,5.00
426632156,401000000,48.94
426723365,401230000,62.83
426623477,300210000,19.01
426390953,300210000,22.61
426688804,401002000,40.80
426160714,401121000,40.85
426249027,300110000,66.84
426701607,401110200,46.55
426778085,300210000,24.09
426715369,200010000,67.85
426395523,300210000,20.43
426115960,300210000,5.00
426292698,401000000,32.81
426120311,300130000,70.51
426812292,300230000,65.09
426270427,401000000,41.98
426075314,401130100,54.99
426678281,401230000,62.05
426158920,401000000,43.92
426476509,300210000,42.53
426073046,401002000,35.27
426821140,401000000,36.96
426278470,300210000,5.00
426341608,401000000,55.26
426383018,300110000,53.31
426400609,600070100,66.77
426632169,300110000,56.48
426577589,300110000,49.48
426390262,401000000,36.72
426665014,401130000,30.35
426522391,300210000,28.76
426485825,300110000,64.34
426141142,300130000,71.68
426289155,401000000,41.22
426148270,401241000,50.59
426025539,401000000,53.69
426397871,401000000,33.97
426141931,401000000,45.50
426394852,600070100,57.37
426078113,401000000,20.59
426342618,300210000,46.94
426716951,401250100,32.60
426727489,300110000,54.95
426519094,300210000,22.01
426703167,401241000,63.72
426229076,300110000,61.95
426012007,300210000,33.32
426441080,401130100,42.55
426294100,401230000,55.90
426155579,401250100,30.67
426558676,401000000,40.71
426395341,401250100,25.43
426476174,300210000,5.00
426139840,600070100,55.20
426253440,401000000,36.08
426083408,600070100,70.96
426129660,401110200,74.02
426564230,300210000,5.00
426478379,401110200,44.18
426309077,300110000,61.73
426405941,300210000,26.22
426397010,300210000,21.19
426523076,300210000,20.44
426521635,600070100,43.72
426627004,300210000,26.74
426386964,401110200,46.65
426722427,401130100,25.06
426820222,300210000,5.00
426061790,401000000,35.77
426391938,401250100,38.67
426398437,401241000,46.19
426146152,300210000,5.00
426524652,401121000,39.01
426570853,401002000,41.87
426242312,300210000,30.08
426421134,300110000,38.02
426469621,300110000,51.69
426450645,401000000,40.91
426700341,200010300,81.13
426417322,200010300,63.82
426337383,401000000,30.76
426362608,300130000,83.32
426409466,300110000,55.25
426348384,401000000,32.81
426000613,300110000,63.20
426654242,300210000,31.00
426558676,300110000,51.18
426044381,401130100,39.36
426545705,401240000,45.90
426350383,300230000,73.43
426522504,401000000,44.04
426339065,401241000,64.92
426178747,300130000,66.59
426690103,300210000,33.28
426182243,600070100,38.58
426137705,401000000,24.61
426262474,300210000,24.28
426839576,300110000,46.11
426285514,300110000,65.14
426677530,401130100,58.73
426019729,300210000,5.00
426024722,401000000,32.68
426339065,300110000,43.83
426663463,401241000,62.85
426737408,401110200,77.70
426632395,401110200,60.09
426259068,401110200,56.47
426518235,401000000,45.17
426451396,300230000,41.88
426614168,401250100,26.90
426520082,300210000,23.02
426344949,401000000,28.14
426842246,401002000,33.65
426336101,401250100,24.05
426088298,300210000,32.21
426128508,401002000,43.05
426400468,401250100,50.52
426528453,401241000,58.61
426243874,300210000,22.05
426207141,300210000,24.25
426812405,401241000,74.09
426026426,600070100,68.59
426268286,401121000,36.61
426662608,401000000,36.36
426637538,401002000,30.60
426114391,300210000,17.85
426673171,401000000,39.10
426329536,401110200,65.77
426243874,200010300,57.05
426785984,401121000,28.85
426312501,600070100,80.45
426151814,300210000,5.00
426713449,300210000,35.35
426268286,401002000,42.10
426550371,401220000,89.56
426729627,300210000,29.64
426312351,401000000,40.70
426393936,300210000,22.80
426330657,401110200,36.74
426794037,401110200,56.96
426043452,300110000,63.75
426734862,401002000,49.48
426073805,401250100,29.30
426350838,300210000,20.27
426667813,300210000,33.80
426764104,401110200,54.85
426784069,300110000,76.37
426259516,300110000,66.98
426132686,401000000,27.73
426795962,401110200,43.73
426122730,300210000,18.34
426344314,401130000,56.85
426138533,600070100,69.20
426162121,300210000,5.00
426534184,300210000,18.77
426485825,401000000,44.78
426094440,600070100,48.90
426522007,300210000,5.00
426828602,300110000,36.08
426718315,300110000,48.45
426524652,300210000,5.00
426178761,600070100,50.96
426578633,401000000,38.07
426465670,401000000,46.87
426408797,600070100,71.92
426132957,300210000,26.64
426150533,300110000,47.73
426255189,300230000,36.28
426441413,600070100,73.87
426528453,300110000,49.56
426520645,300210000,26.94
426229452,401110200,43.05
426799205,401110200,48.76
426269355,401110200,43.52
426407262,300110000,42.76
426396554,401000000,18.32
426667813,600070100,56.15
426402126,300210000,5.00
426243819,200010300,55.99
426256329,401130100,36.90
426345020,300210000,25.36
426025068,300210000,21.91
426470673,300210000,25.82
426524435,401002000,31.95
426250552,401000000,34.04
426107654,401000000,47.35
426139201,401000000,19.76
426127307,401000000,37.53
426332163,300110000,67.85
426140216,300110000,36.83
426261764,401002000,50.47
426611287,401000000,34.55
426713449,300110000,34.73
426047588,300110000,54.22
426613192,300130000,49.61
426018885,401002000,29.50
426713108,300230000,27.02
426606898,401000000,37.54
426238672,300210000,28.74
426334544,300210000,21.58
426772971,401130100,35.80
426329985,401220000,95.49
426782305,300210000,25.61
426666625,401000000,50.45
426787542,401121000,31.48
426133049,401121000,33.70
426538509,401002000,42.06
426286774,401110200,57.87
426772619,300210000,17.76
426560055,401240000,57.31
426472452,401000000,35.63
426476974,300110000,53.29
426146762,401121000,38.08
426749344,300110000,51.05
426327882,300110000,39.28
426246706,401002000,26.48
426328921,300210000,22.97
426522479,401230000,70.95
426129660,300210000,27.65
426224945,300110000,64.11
426342618,401121000,53.19
426072541,401121000,45.84
426127307,300210000,5.00
426246706,401000000,13.89
426390706,401230000,69.80
426173436,600070100,41.64
426802135,401110200,47.80
426717545,300110000,51.02
426132659,401121000,27.95
426520645,401250100,31.59
426395341,401000000,30.02
426315817,300130000,60.76
426073142,300210000,22.27
426706025,300110000,49.39
426395919,401000000,26.15
426488417,401000000,40.24
426782357,300210000,23.69
426147293,401250100,31.93
426443406,300210000,24.23
426666514,300110000,66.60
426762329,401000000,41.82
426623453,300110000,38.59
426523615,300110000,51.66
426046366,401250100,34.62
426007195,401000000,22.86
426420761,300110000,53.45
426254620,300110000,51.24
426828192,600070100,56.35
426241598,300110000,62.28
426041679,300210000,21.49
426002957,401000000,24.44
426838134,300130000,88.77
426746256,300110000,63.51
426147586,401110200,53.09
426523615,300210000,23.63
426230110,401000000,5.00
426139201,401002000,50.28
426247135,401110200,57.97
426126883,300130000,94.11
426253462,300210000,23.87
426403744,401000000,5.00
426749970,401130100,34.25
426652737,401000000,30.73
426285927,300210000,33.90
426333045,300110000,42.24
426526448,401000000,32.89
426838134,300210000,39.70
426140665,401130000,41.81
426336086,300110000,62.27
426522007,401241000,46.82
426155579,300110000,40.04
426652118,401130000,45.30
426037663,401250100,39.55
426340696,300210000,21.05
426183290,300110000,64.30
426060723,401000000,27.77
426327180,300210000,42.74
426281254,300110000,5.00
426197141,401110200,68.32
426663125,401000000,29.49
426293123,401241000,65.06
426004070,300110000,36.98
426395523,401000000,36.31
426008949,401110200,62.89
426528453,401000000,29.70
426201874,600070100,47.25
426708771,401130100,30.93
426010280,401110200,49.16
426379295,401110200,42.36
426254553,401250100,23.04
426398624,401130000,44.58
426395944,300130000,78.67
426556566,300110000,53.28
426162463,401000000,28.24
426270427,401250100,25.75
426015299,300110000,74.25
426231753,300210000,52.61
426127861,401121000,35.99
426520205,401000000,35.40
426628048,300210000,65.47
426145931,401241000,75.25
426236694,401000000,55.43
426255508,300210000,25.65
426145609,401000000,23.84
426341810,300110000,65.74
426522504,300210000,5.00
426689208,401121000,78.72
426438900,300210000,51.08
426257127,300210000,44.22
426422531,300110000,51.82
426580020,300210000,5.00
426540688,401241000,72.22
426469446,300210000,5.00
426512393,401110200,44.63
426478900,300110000,40.09
426563793,401000000,31.10
426518352,300110000,51.16
426126302,600070100,66.20
426402661,401002000,35.80
426441413,300210000,32.18
426512393,300110000,50.83
426241598,401000000,30.30
426341677,401220000,61.75
426594964,300210000,27.06
426259557,401000000,34.55
426130368,300110000,29.95
426395781,401110200,86.30
426632238,401130100,24.68
426166695,300130000,68.73
426346990,401000000,30.79
426425179,300110000,40.13
426129299,401000000,31.18
426368046,401000000,32.94
426544857,401241000,76.65
426687928,300110000,53.98
426134211,300110000,59.71
426642320,401130000,36.74
426398437,401220000,70.54
426201469,300110000,68.62
426383018,600070100,5.00
426761183,401002000,23.57
426238722,401130000,24.64
426264697,300110000,44.19
426515687,300210000,5.00
426514927,401240000,39.22
426520655,200010300,52.20
426557213,401130100,26.75
426230195,401002000,51.58
426153178,300110000,38.91
426586991,300110000,59.80
426341762,401000000,37.07
426771516,401241000,47.87
426137302,300110000,65.64
426514856,401000000,25.77
426336101,300110000,61.61
426254620,300210000,5.00
426315804,300210000,21.22
426638334,300110000,5.00
426018885,401110200,41.67
426168985,300110000,55.14
426758630,401000000,18.97
426118420,401121000,71.45
426391693,401220000,70.74
426761065,600070100,55.47
426794037,300110000,48.31
426074141,401230000,57.05
426530338,401000000,26.64
426575901,300210000,25.05
426717828,600070100,39.44
426397159,401000000,42.78
426574583,200010300,52.08
426512152,401241000,54.60
426231753,300130000,88.35
426409073,300210000,34.76
426157332,300110000,53.10
426153178,401000000,27.76
426565019,300210000,5.00
426544721,401121000,5.00
426713108,300110000,5.00
426398831,300210000,24.70
426394805,300210000,20.12
426345106,401130000,45.06
426464821,401250100,45.56
426409696,300110000,61.62
426435988,600070100,50.86
426742107,600070100,55.16
426573526,401130100,39.34
426617463,401220000,81.20
426648493,401110200,83.31
426768815,401121000,32.27
426773307,401250100,27.45
426143411,300210000,5.00
426229076,401000000,34.64
426716430,300210000,5.00
426341583,300210000,22.56
426077324,300110000,80.45
426778085,401000000,31.10
426508041,300210000,29.06
426155155,401110200,62.47
426328127,600070100,52.18
426145050,401000000,32.14
426520723,401000000,30.06
426038617,401000000,36.72
426151862,401230000,51.14
426167955,300210000,20.07
426191161,401121000,35.35
426334399,300130000,78.44
426006353,401000000,22.86
426676875,300210000,25.80
426266590,200010300,61.22
426171194,300110000,45.63
426550371,401000000,17.09
426734981,600070100,43.78
426766477,401230000,91.86
426141142,401110200,51.21
426018314,401110200,61.34
426718803,401250100,30.87
426137924,300210000,5.00
426255114,401250100,28.09
426589170,401000000,61.82
426727489,300210000,25.40
426564703,401130100,31.30
426672026,401121000,5.00
426114391,401241000,76.86
426688884,401110200,59.56
426838471,200010300,71.33
426349386,401000000,39.73
426487101,300110000,74.11
426629644,401002000,40.41
426772619,401000000,37.56
426161594,300110000,67.50
426474070,401110200,45.62
426511211,300110000,57.72
426395569,401110200,56.70
426718114,300210000,5.00
426526260,300110000,52.63
426515316,300210000,5.00
426238672,300110000,42.20
426511919,401130100,35.95
426526161,600070100,50.39
426478900,401000000,23.37
426402189,600070100,36.65
426519094,600070100,51.89
426565019,401130100,31.53
426579600,401000000,44.67
426715369,401110200,67.05
426118420,300210000,47.42
426340993,401110200,63.17
426391938,300110000,72.90
426303377,300210000,27.13
426149325,300210000,5.00
426139077,401000000,38.35
426336086,401000000,61.13
426251323,401002000,36.91
426727640,401000000,21.97
426016047,300210000,18.85
426606898,401110200,47.18
426565464,401130100,25.22
426041468,300210000,39.90
426488114,401000000,38.30
426340025,401000000,66.74
426404414,401000000,31.34
426178747,401000000,30.73
426341571,401241000,59.38
426402812,401250100,35.15
426136244,200010300,81.06
426230795,401000000,32.42
426799205,300130000,73.37
426127861,300210000,20.17
426348441,200010000,40.68
426256521,300110000,52.74
426395944,300110000,36.05
426550308,300110000,38.82
426718325,300210000,53.01
426163934,401000000,23.14
426550933,300230000,45.97
426341291,401220000,96.05
426241343,401130100,38.53
426617463,300210000,22.94
426249366,401002000,52.04
426565408,401220000,67.05
426667231,300210000,5.00
426782501,300210000,30.75
426694386,401250100,34.47
426524639,300210000,27.76
426144688,300210000,5.00
426333054,401121000,88.40
426540960,401002000,31.53
426468206,300210000,18.20
426771029,300210000,16.69
426613192,300210000,22.00
426334939,401250100,15.81
426773307,401000000,47.54
426383930,401000000,34.14
426548194,401241000,71.45
426360027,401000000,48.71
426170026,300110000,55.97
426561925,300210000,20.42
426221194,401240000,60.55
426630078,401000000,35.21
426477100,300210000,24.52
426007195,300210000,16.66
426804293,401000000,40.50
426398355,300110000,54.01
426650432,401002000,39.84
426343547,401000000,52.16
426132686,300210000,25.43
426216047,200010300,58.33
426145931,401000000,63.98
426515687,401241000,83.52
426639261,300130000,81.03
426265999,401000000,26.17
426138480,401110200,41.80
426128593,300110000,49.87
426710174,401000000,29.31
426582469,401000000,48.13
426155506,401000000,32.36
426267110,401220000,65.02
426521635,300110000,57.59
426194756,200010000,60.36
426259516,401002000,28.83
426259557,200010300,69.99
426460465,401000000,21.40
426248193,401250100,44.53
426312351,401250100,30.72
426712215,401121000,35.26
426761183,401000000,28.10
426804788,401000000,41.94
426566532,300210000,5.00
426376143,300210000,24.55
426722363,600070100,42.19
426516592,401000000,18.03
426505457,300210000,29.61
426714437,401250100,22.57
426836238,600070100,57.44
426716684,401240000,72.34
426723365,401000000,24.08
426725917,300210000,14.72
426770839,600070100,59.54
426018712,300210000,5.00
426633311,300210000,24.58
426021642,401000000,36.91
426394059,200010300,88.04
426688543,300110000,67.18
426369561,401130100,31.24
426460465,300110000,52.08
426341770,401250100,26.03
426667725,401240000,47.86
426530338,300210000,24.08
426587524,300110000,65.56
426409166,401000000,39.56
426281738,401110200,78.40
426332269,300210000,5.00
426601619,401000000,40.78
426347281,401250100,30.24
426672350,600070100,55.43
426383018,401000000,26.85
426464576,300110000,44.49
426333452,401230000,64.82
426465670,300110000,53.49
426389616,401000000,26.01
426294100,401000000,21.58
426147659,300110000,57.52
426395223,401000000,47.94
426648083,401110200,74.50
426150001,401000000,41.65
426613960,300210000,23.93
426148033,401130000,24.44
426770839,300210000,22.48
426395919,600070100,40.18
426264458,401000000,47.75
426137604,401130100,33.52
426051492,300210000,5.00
426253613,300210000,24.86
426550225,401000000,49.38
426418237,300210000,19.85
426350723,300210000,46.63
426530338,401110200,67.94
426341582,401000000,40.65
426353492,200010300,49.97
426646188,401130000,29.63
426479509,300110000,67.36
426652737,300210000,19.72
426260497,401110200,78.15
426336701,300210000,21.36
426274723,300210000,18.42
426497223,300210000,27.35
426350838,401000000,33.10
426484631,401250100,31.79
426524514,300110000,46.98
426564703,401000000,23.60
426143228,401000000,57.75
426109745,300210000,5.00
426480985,401130100,27.18
426076505,300210000,18.83
426405312,300110000,58.07
426250552,300230000,33.93
426561925,401130100,34.03
426512577,401000000,54.59
426571249,401130100,62.37
426821298,300110000,43.43
426345647,200010000,65.28
426685904,401002000,42.06
426464646,600070100,58.11
426768816,401130100,31.51
426151386,300110000,42.09
426469924,300230000,38.52
426668442,300210000,5.00
426403363,401241000,88.48
426337104,300210000,58.16
426153403,300110000,52.17
426395944,300210000,54.43
426609505,401000000,41.48
426535869,401000000,66.50
426591033,401130100,32.99
426192014,401000000,34.43
426462151,300110000,5.00
426220697,300130000,65.44
426474070,300210000,24.54
426331674,401110200,36.63
426292110,600070100,61.45
426610993,401121000,32.25
426710872,401000000,26.10
426632169,300130000,84.94
426345098,300210000,5.00
426586991,401130000,51.51
426486612,600070100,50.04
426665014,300110000,71.24
426128874,401000000,32.27
426296652,401000000,42.34
426158228,300210000,19.39
426148788,300110000,5.00
426124425,401000000,35.43
426725594,300110000,5.00
426316087,401250100,39.71
426401588,401000000,31.41
426245113,300130000,59.00
426230110,600070100,65.45
426142253,300110000,57.08
426137705,300210000,27.90
426463032,300210000,21.89
426260428,401110200,82.21
426155155,300210000,51.35
426238672,401000000,26.06
426665014,300210000,40.08
426685946,300110000,39.74
426574434,401000000,38.24
426821140,300110000,77.31
426251323,300210000,24.44
426266795,600070100,56.99
426153643,300210000,5.00
426811638,300110000,41.62
426076535,401220000,66.98
426264697,300210000,21.01
426130323,300210000,20.94
426125993,300110000,65.24
426141367,401240000,63.73
426043452,401110200,54.91
426015936,300210000,24.36
426245804,401121000,37.42
426687928,401000000,62.52
426259068,401220000,90.91
426827570,300130000,57.00
426398262,401110200,45.56
426195622,401000000,38.18
426315965,300110000,50.39
426230360,300110000,52.65
426126351,401000000,41.12
426145921,300210000,38.02
426490532,300110000,51.88
426581327,401000000,31.07
426270024,401000000,37.40
426230722,401000000,25.96
426347205,401000000,42.07
426133473,401110200,43.19
426511025,401121000,18.53
426598806,401241000,52.37
426626844,300130000,50.30
426409073,401110200,72.25
426333045,401000000,39.06
426520740,300110000,44.17
426790281,401000000,25.82
426470673,401110200,53.67
426120353,300110000,63.58
426758281,300210000,5.00
426641168,300210000,19.48
426475621,401130100,34.48
426672350,401121000,21.79
426146152,401000000,26.72
426685946,401000000,23.77
426134350,300210000,24.23
426551305,300210000,5.00
426690862,300210000,5.00
426345005,401110200,93.11
426044325,300130000,75.43
426708771,300110000,62.58
426436325,401110200,54.46
426474158,401000000,33.05
426147037,401000000,29.12
426620219,401000000,38.75
426253481,401000000,25.81
426140638,300210000,5.00
426167955,401000000,25.70
426128331,300110000,60.32
426449491,300110000,54.83
426148033,401000000,25.44
426512124,300110000,62.97
426580020,401000000,24.88
426336924,300210000,26.19
426712859,300110000,45.70
426710872,300210000,19.97
426476973,401000000,33.43
426126302,300110000,45.46
426703681,300110000,42.74
426713026,300130000,91.00
426587940,300110000,80.11
426244713,600070100,42.55
426130292,401002000,59.26
426170560,300210000,16.56
426326175,600070100,63.47
426357222,401250100,24.73
426145921,600070100,75.64
426525135,401230000,61.31
426763140,401000000,27.90
426795962,401000000,38.33
426390262,300110000,49.15
426814281,600070100,56.71
426155155,401250100,45.94
426389319,401000000,31.98
426246609,401000000,27.75
426345005,300210000,43.82
426148203,401220000,74.51
426026426,401250100,34.04
426170984,401000000,36.02
426737381,300210000,5.00
426570853,300110000,59.12
426429099,300210000,19.18
426344828,300110000,53.11
426770160,401220000,71.11
426478379,401000000,29.71
426770817,200010000,49.78
426253666,401110200,53.44
426604161,300210000,21.71
426141980,401220000,73.37
426658123,300110000,55.21
426747952,300210000,37.12
426571731,300110000,45.31
426078113,300110000,53.78
426138986,300130000,55.03
426245961,300110000,69.63
426253647,401130100,27.14
426328319,600070100,48.73
426349386,300210000,22.41
426400847,401240000,58.93
426711097,300210000,5.00
426612814,401000000,34.84
426017974,600070100,52.22
426174546,401002000,49.64
426523250,401000000,46.02
426265999,300210000,5.00
426187875,401000000,31.97
426623027,300110000,54.18
426143765,401110200,58.35
426482896,401000000,38.08
426182243,200010000,57.30
426248554,300110000,58.81
426162121,401000000,33.97
426479315,300110000,54.52
426264230,401250100,5.00
426361398,401000000,36.29
426060272,300130000,57.93
426375455,300210000,18.66
426465487,401250100,32.07
426305160,300110000,49.33
426029087,300110000,65.78
426688633,300110000,56.39
426344564,401240000,54.39
426560055,401110200,45.79
426694803,300210000,17.82
426700341,300110000,65.16
426785984,401000000,32.42
426284380,300110000,54.53
426754417,401220000,69.13
426473755,300110000,74.58
426310837,300110000,50.00
426002004,300110000,31.27
426038617,600070100,49.16
426023018,401000000,24.28
426560830,300110000,74.24
426260497,401130000,57.94
426108363,401250100,25.91
426632156,300110000,40.84
426134895,300110000,70.92
426729075,300130000,73.18
426791881,300110000,5.00
426131654,300110000,81.83
426759309,401130100,33.00
426721558,401220000,65.79
426170155,300110000,49.25
426339140,401110200,52.05
426688884,300210000,32.48
426004350,300110000,35.87
426114668,600070100,59.06
426253666,401250100,34.61
426457834,300210000,5.00
426255285,300210000,25.86
426473515,401121000,42.49
426501220,600070100,49.58
426349620,200010300,58.56
426624058,401000000,27.51
426314612,401110200,48.41
426318891,401240000,49.95
426473515,401110200,48.56
426463032,401250100,33.68
426135799,600070100,54.12
426015716,300110000,40.02
426306569,300210000,19.55
426202748,401000000,56.25
426663533,401240000,84.12
426146990,401230000,53.79
426772978,401000000,39.95
426168373,300210000,21.98
426262474,401110200,37.08
426690862,300110000,46.70
426327180,401000000,40.22
426315817,300110000,31.30
426663463,401000000,30.86
426617547,300210000,28.90
426254620,401110200,43.18
426151886,300110000,53.96
426255910,401110200,90.89
426398789,300210000,47.11
426171561,300110000,53.19
426232710,300110000,56.23
426151562,401241000,45.63
426261764,300110000,67.08
426799014,300210000,24.95
426755118,401000000,41.40
426023770,300110000,59.28
426397763,300210000,32.51
426782305,600070100,64.56
426682619,300210000,17.69
426819452,200010000,79.86
426252744,300210000,49.24
426740965,401110200,45.88
426712633,401000000,26.45
426250954,300130000,74.98
426687643,300110000,38.34
426779299,401000000,37.85
426251132,300110000,58.56
426450276,401241000,74.03
426753766,401000000,30.29
426548194,300210000,25.48
426234048,300110000,71.77
426350383,401110200,58.49
426804996,300210000,21.94
426331154,401000000,40.26
426548334,401002000,30.41
426540960,300110000,67.16
426064006,401110200,76.66
426718114,300110000,50.84
426248193,300110000,59.33
426404414,300110000,46.51
426726066,300110000,55.41
426151814,401000000,35.04
426341676,300110000,47.09
426147715,401250100,31.64
426572133,401121000,79.53
426336924,401241000,66.89
426614187,401000000,48.85
426003643,401000000,36.86
426617106,401000000,32.40
426396695,401220000,76.65
426505457,300110000,78.79
426237594,300210000,28.48
426627294,401130100,29.12
426306569,401121000,5.00
426253462,300110000,35.88
426546798,300110000,70.89
426460728,300210000,61.49
426207141,300110000,47.04
426138986,300110000,67.63
426264230,300210000,36.86
426719641,401000000,44.26
426269355,300210000,27.71
426292890,401130000,45.75
426126718,300110000,52.64
426286774,300110000,60.25
426821140,401110200,39.11
426076792,401220000,65.30
426530718,300110000,41.47
426093540,401002000,29.65
426036794,401130100,49.83
426201874,401000000,32.27
426822375,300110000,57.70
426666514,401000000,41.87
426405941,401130100,32.23
426619753,300210000,23.73
426579600,300110000,41.71
426290429,300210000,5.00
426042027,401000000,49.31
426243819,300110000,38.40
426245113,300210000,27.60
426021642,401110200,50.68
426157204,600070100,66.50
426161024,401121000,54.41
426337383,401241000,72.15
426164688,300130000,82.46
426329536,401000000,20.37
426340025,401250100,67.05
426435988,401000000,27.96
426715684,401220000,61.55
426561057,300110000,57.21
426424063,300210000,28.13
426245995,600070100,49.01
426183290,401000000,26.19
426145050,300110000,49.64
426399135,401110200,70.04
426403744,401250100,31.00
426672965,300110000,42.45
426691636,401002000,42.88
426555267,300210000,31.23
426028717,300210000,41.40
426266045,401000000,18.18
426818388,300110000,42.61
426571750,401000000,28.46
426625704,300210000,20.78
426195090,300210000,19.14
426397819,401000000,27.66
426395511,401110200,50.76
426347718,300110000,48.66
426424335,401000000,19.58
426237594,300110000,57.27
426133473,300210000,21.48
426152631,401130100,48.19
426619753,401250100,30.06
426834127,300110000,45.63
426144491,300210000,28.00
426842246,300210000,21.11
426143551,300210000,26.77
426767082,401230000,87.78
426341769,401002000,40.38
426544721,300110000,64.46
426253666,300210000,17.74
426128050,300110000,52.24
426708771,401110200,70.08
426357906,300210000,20.89
426782501,401220000,71.09
426312501,200010000,84.08
426163012,300210000,40.78
426727835,300210000,18.44
426136652,300210000,5.00
426511393,300110000,51.09
426391575,401130000,30.84
426476103,300110000,55.87
426247386,300210000,23.15
426560556,401000000,21.70
426485825,401121000,39.82
426025068,401000000,34.56
426231093,401000000,29.38
426329424,300210000,5.00
426335248,300210000,56.51
426550933,401000000,23.18
426596701,401000000,35.34
426654242,401110200,65.32
426556699,401000000,30.49
426562175,401250100,10.22
426551537,300210000,27.36
426394805,401240000,77.66
426397871,401110200,41.58
426233753,300210000,28.96
426594981,300110000,62.79
426694145,200010300,78.80
426768816,300110000,57.90
426759927,600070100,62.77
426127061,300110000,45.09
426519588,401000000,55.31
426230110,300110000,70.85
426246706,300210000,5.00
426830498,200010300,50.28
426716248,300110000,42.98
426804788,300210000,16.91
426473507,401000000,54.41
426550308,300210000,27.23
426008617,401121000,60.03
426546798,401002000,36.83
426397010,401000000,42.20
426032862,401000000,5.00
426573025,401000000,31.93
426521038,300210000,5.00
426139451,401000000,25.22
426335095,401110200,89.10
426336086,401110200,95.24
426400695,401250100,27.78
426799206,401110200,84.53
426520883,401110200,48.23
426561057,300210000,19.01
426179348,300210000,27.85
426479509,401130100,53.05
426641168,401250100,28.48
426445301,401130100,27.99
426673206,401220000,68.69
426596919,300110000,55.41
426246066,300210000,5.00
426253462,401220000,58.08
426333407,401000000,14.86
426159077,401000000,51.49
426236699,401000000,37.71
426616839,401250100,25.38
426759309,401110200,59.30
426834127,401000000,29.38
426252862,401000000,35.31
426170026,401002000,37.30
426016047,401110200,63.16
426348464,600070100,60.92
426782501,300110000,58.45
426586905,300210000,26.38
426771516,401110200,55.34
426342130,300210000,5.00
426591689,401250100,24.34
426515687,300110000,38.38
426682093,401250100,35.85
426625375,300110000,44.79
426689495,401110200,48.97
426392553,401250100,45.77
426646188,300210000,5.00
426139451,300210000,24.95
426416640,401000000,41.04
426609980,401130100,34.46
426706025,600070100,67.60
426287274,200010000,58.43
426583018,401110200,68.02
426285468,401230000,91.45
426071182,600070100,52.88
426690862,401130100,44.46
426258518,300230000,28.49
426341987,300210000,42.57
426764104,401130100,43.61
426159077,300110000,61.47
426519452,401121000,78.94
426550038,401121000,14.03
426537462,300110000,41.33
426690099,200010300,60.02
426499404,300110000,49.33
426754824,300110000,48.39
426514856,300210000,17.12
426483951,300210000,27.02
426809188,300210000,30.79
426791881,401000000,25.02
426340924,401000000,39.68
426804293,600070100,55.94
426151862,300210000,20.66
426616839,401240000,49.39
426152099,300110000,55.81
426678281,200010300,59.65
426245804,401000000,19.05
426398789,401000000,58.02
426717603,401002000,51.11
426301756,300110000,67.98
426006353,300230000,38.14
426421134,300210000,20.08
426723970,401000000,49.32
426341810,401002000,27.59
426011197,300110000,62.64
426220697,401000000,28.68
426549458,600070100,55.69
426389227,200010300,68.46
426245406,401241000,85.67
426153643,401000000,47.82
426821298,300210000,5.00
426556347,300210000,15.11
426663533,401250100,37.73
426110016,300110000,35.68
426487101,300210000,26.97
426625375,401000000,37.30
426406525,300110000,59.44
426825848,300110000,52.26
426825848,600070100,53.87
426739184,401250100,24.53
426202748,401130100,53.33
426162463,401130100,27.42
426152899,300230000,35.16
426464811,300110000,39.00
426612814,300110000,52.15
426132034,401002000,39.02
426668776,300210000,19.31
426521635,300210000,27.87
426766972,401121000,16.37
426600985,300210000,51.14
426180066,300110000,59.58
426076743,300210000,25.19
426348464,300110000,60.13
426313522,401110200,58.26
426540771,300210000,5.00
426514130,401130000,24.23
426512393,401250100,21.77
426725594,600070100,44.71
426460981,300110000,43.70
426282875,300110000,57.59
426352214,300110000,77.68
426194756,600070100,66.02
426795962,300210000,23.62
426671916,401000000,39.43
426525276,300110000,47.69
426399135,600070100,76.00
426141212,401110200,52.74
426402777,300210000,33.40
426741341,300210000,23.88
426388863,300110000,67.54
426234723,401110200,44.71
426725295,401000000,5.00
426718695,401250100,30.31
426729060,401110200,50.68
426253440,300210000,36.74
426246002,401000000,18.51
426407929,401000000,33.38
426151562,401110200,37.18
426137302,300230000,24.54
426284380,200010300,68.34
426182351,401000000,32.59
426134743,300110000,62.68
426326729,401230000,88.11
426632395,300110000,64.68
426476968,300110000,5.00
426141931,401130000,55.85
426749173,401000000,21.82
426628048,401000000,72.42
426616262,300110000,52.66
426521924,300210000,22.19
426389319,300130000,55.91
426762329,401220000,62.94
426519452,401002000,58.95
426678376,300210000,49.54
426109745,300110000,52.42
426391497,300110000,53.85
426574885,300130000,65.54
426479315,401110200,87.86
426160935,401000000,41.32
426645945,401230000,89.78
426291191,600070100,45.77
