nomor_pendaftaran,no_prestasi,jenis_prestasi,jenjang_prestasi,individu_berkelompok,lembaga_pemberi_prestasi,tahun,nilai_prestasi,deskripsi,file_sertifikat
426000542,1,Pramuka/Organisasi Ekstrakurikuler,Internasional,Individu,District 1 sumbagut,2024,45,Kursus pengembangan kepemimpinan,426000542_1
426003552,1,Olimpiade Astronomi & Astrofisika,Kabupaten/Kota,Individu,Dinas Pendidikan Cabang Dinas Wilayah Kabupaten Aceh Barat.,2025,35,juara 1 lomba osn astronomi,426003552_1
426003643,1,Seni Rupa/Lukis,Kabupaten/Kota,Individu,Cabang Dinas Pendidikan Wilayah Aceh Barat,2025,30,Juara 2 Lomba Fotografi Tingkat Kabupaten Dalam Ajang FLS3N,426003643_1
426003643,2,Olimpiade (Lainnya),Nasional,Individu,Lembaga Kompetisi Indonesia,2026,45,Medali Emas Kompetisi Bahasa Inggris SMA Tingkat Nasional 2026 yang diselenggarakan oleh Lembaga Kompetisi Indonesia,426003643_2
426008949,1,Olimpiade Ekonomi,Propinsi,Individu,Kompetisi Festival Olimpiade 2026. PT. Talenta Muda Bangsa.,2026,40,Juara 1 tingkat provinsi,426008949_1
426008949,2,Olimpiade Geografi,Propinsi,Individu,Kompetisi Festival Olimpiade 2026. PT. Talenta Muda Bangsa.,2026,40,Juara 2 tingkat provinsi,426008949_2
426008949,3,Olimpiade Ekonomi,Nasional,Individu,Kompetisi Festival Olimpiade 2026. PT. Talenta Muda Bangsa,2026,45,Predikat Medali Emas.,426008949_3
426010203,1,Olimpiade Fisika,Kabupaten/Kota,Individu,CABANG DINAS PENDIDIKAN KABUPATEN ACEH BARAT,2025,35,Juara 2 OSN Fisika Kabupaten Aceh barat Tahun 2025 dan Peserta OSN FISIKA tingkat Provinsi,426010203_1
426010203,2,Penelitian,Propinsi,Berkelompok,UNIVERSITAS TEUKU UMAR,2025,25,"Juara IV 3rd Virtual Engineering, Science and Technology innovation competition",426010203_2
426010203,3,Drama/Sastra,Kabupaten/Kota,Individu,DINAS PERPUSTAKAAN DAN KEARSIPAN KABUPATEN ACEH BARAT,2025,30,WAKIL 1 RATU BACA ACEH BARAT TAHUN 2025,426010203_3
426010280,1,Olahraga,Kabupaten/Kota,Individu,cabang dinas pendidikan wilayah kabupaten aceh barat,2025,30,sebagai peserta lomba (O2SN) cabang olahraga karate putri,426010280_1
426010280,2,Seni Suara/Musik,Kabupaten/Kota,Individu,cabang dinas pendidikan wilayah kabupaten aceh barat,2025,30,sebagai peserta (FLS3N) bidang lomba gitar solo,426010280_2
426010393,1,Olimpiade Matematika,Propinsi,Individu,PEMERINTAH ACEH Dinas pendidikan aceh barat,2025,40,Juara 1 OSN-k MATEMATIKA (blm diberi sertifikat) LOLOS sebagai grand final OSN-P,426010393_1
426010393,2,Penelitian,Propinsi,Individu,LINGKAR INSPIRASI BANGSA,2025,35,DUTA SISWA ACEH 2025 KEPRIBADIAN UTAMA PUTRI,426010393_2
426010393,3,Olimpiade Matematika,Kabupaten/Kota,Individu,CIVIL RACE AND EXHIBITION KE-8TH Himpunan mahasiswa teknik sipil Fakultas teknik UNIVERSITAS TEUKU UMAR,2025,35,PESERTA OFIKA BIDANG MATEMATIKA CRANE KE-8TH,426010393_3
426011384,1,Olahraga,Propinsi,Individu,Pengurus Ikatan Pencak Silat Indonesia Provinsi Riau,2026,35,Juara 1 kejuaraan Pencak Silat Riau Championship IV,426011384_1
426011384,2,Olahraga,Kabupaten/Kota,Individu,"Dinas Kebudayaan, Pemuda dan Olahraga Serta Pariwisata kabupaten Deli Serdang",2024,30,juara 2 Pekan Olahraga dan Seni Pesantren,426011384_2
426015089,1,Pramuka/Organisasi Ekstrakurikuler,Kabupaten/Kota,Berkelompok,Badan Pembinaan Ideologi Pancasila,2024,20,Berperan Sebagai Pasukan Pengibar Bendera Pusaka (PASKIBRAKA) Tingkat Kabupaten tahun 2024,426015089_1
426016354,1,Olimpiade (Lainnya),Nasional,Individu,PUSAT OLIMPIADE SAINS INDONESIA,2026,45,PERAIH MEDALI PERAK DARI 305 PESERTA DALAM KOMPETISI YANG DISELENGGARAKAN OLEH POSI,426016354_1
426016354,2,Olimpiade Matematika,Nasional,Individu,PUSAT OLIMPIADE SAINS INDONESIA,2026,45,PERAIH MEDALI PERAK DARI 400 PESERTA DALAM KOMPETISI YANG DISELENGGARAKAN OLEH POSI,426016354_2
426016354,3,Olimpiade Fisika,Nasional,Individu,PUSAT OLIMPIADE SAINS INDONESIA,2026,45,PERAIH MEDALI PERUNGGU DARI 203 PESERTA DALAM KOMPETISI YANG DISELENGGARAKAN OLEH POSI,426016354_3
426018314,1,Olimpiade Astronomi & Astrofisika,Propinsi,Individu,Cabang Dinas Pendidikan Wilayah Kabupaten Aceh Barat,2025,40,Finalis Olimpiade Sains Nasional (OSN) Tingkat Provinsi Aceh Jenjang SMA/MA Tahun 2025,426018314_1
426021642,1,Olimpiade Ekonomi,Propinsi,Individu,Politeknik Negeri Media Kreatif Medan,2024,40,Peraih Medali Perak Bidang Ekonomi Olimpiade Sains Dan Teknologi Yang Di Selenggarakan Oleh Politeknik Negeri Media Kreatif Medan,426021642_1
426023770,1,Pramuka/Organisasi Ekstrakurikuler,Kabupaten/Kota,Individu,Sma plus alwahid,2024,30,Menjadi ketua pramuka di pangkalan,426023770_1
426023770,2,Pramuka/Organisasi Ekstrakurikuler,Nasional,Berkelompok,institut pendidikan indonesi,2025,30,menjuarai barak terbersih dan peserta terfavorit,426023770_2
426023770,3,Pramuka/Organisasi Ekstrakurikuler,Kabupaten/Kota,Berkelompok,Sma plus alwahid,2025,20,menjadi pasukan pengibaran,426023770_3
426025068,1,Olimpiade Geografi,Propinsi,Individu,Dinas Pendidikan Aceh,2025,40,Peserta Olimpiade Sains Nasional (OSN) Bidang Geografi tingkat Provinsi Aceh tahun 2025,426025068_1
426029449,1,Drama/Sastra,Kabupaten/Kota,Individu,CABANG DINAS PENDIDIKAN WILAYAH KABUPATEN ACEH TENGGARA,2025,30,"&#34;Saya adalah Juara 1 Lomba Monolog pada ajang FLS2N Tingkat Kabupaten Aceh Tenggara yang diselenggarakan oleh Dinas Pendidikan pada Juli 2025. Pencapaian ini merupakan bukti kemampuan saya dalam seni peran, penguasaan panggung, serta komunikasi publik yang efektif. Melalui kompetisi ini, saya telah mengasah kedisiplinan dan kepercayaan diri untuk tampil secara profesional di depan audiens.&#34;",426029449_1
426029449,2,Olahraga,Kabupaten/Kota,Individu,CABANG DINAS PENDIDIKAN WILAYAH KABUPATEN ACEH TENGGARA,2025,30,"&#34;Saya adalah Juara 2 cabang olahraga Renang pada ajang Olimpiade Olahraga Siswa Nasional (O2SN) Tingkat Kabupaten Aceh Tenggara yang diselenggarakan oleh Dinas Pendidikan pada Juli 2025. Pencapaian ini merupakan hasil dari dedikasi dan latihan fisik yang disiplin, serta mencerminkan kemampuan saya dalam berkompetisi secara sportif dan berorientasi pada target di tingkat daerah.&#34;",426029449_2
426029909,1,Olimpiade (Lainnya),Kabupaten/Kota,Individu,"Direktur kurikulum, sarana,kelembagaan, dan kesiswaan madrasah",2022,35,Juara 1 tingkat kabupaten/kota,426029909_1
426029909,2,Olimpiade (Lainnya),Kabupaten/Kota,Berkelompok,MAN 1 Aceh barat,2023,25,juara harapan,426029909_2
426029909,3,Olimpiade (Lainnya),Kabupaten/Kota,Individu,Mtss SERAMBI MEKKAH,2022,35,Juara 1,426029909_3
426037663,1,Olimpiade (Lainnya),Kabupaten/Kota,Individu,osn,2022,35,peringkat pertama osn bidang ips dari SMP se-Aceh barat,426037663_1
426041679,1,Olahraga,Kabupaten/Kota,Individu,kabupaten aceh barat,2019,30,juara 1 atletik,426041679_1
426043452,1,Olimpiade (Lainnya),Kabupaten/Kota,Individu,Kpm dri 4 uin ar Raniry Banda aceh,2021,35,Juara 2 lomba adzan tingkat tpq,426043452_1
426043452,2,Pramuka/Organisasi Ekstrakurikuler,Kabupaten/Kota,Individu,Puskesmas Johan pahlawan dan SMA negeri 2 meulaboh,2026,30,Ketua pmr SMA negeri 2 meulaboh,426043452_2
426043452,3,Olimpiade (Lainnya),Kabupaten/Kota,Individu,TPQ Ar rafif,2021,35,Juara 2 adzan,426043452_3
426051492,1,Penelitian,Kabupaten/Kota,Individu,Andrias Eko Susanto,2025,30,Pelatihan Memasuki Dunia Kerja,426051492_1
426054046,1,Pramuka/Organisasi Ekstrakurikuler,Kabupaten/Kota,Berkelompok,BADAN KESATUAN BANGSA DAN POLITIK,2024,20,Pasukan Pengibar Bendera Pusaka,426054046_1
426056469,1,Olimpiade (Lainnya),Nasional,Individu,SMART SCIENCE &amp; SOCIAL CHALLENGE,2024,45,Meraih medali perak,426056469_1
426056469,2,Olimpiade Biologi,Nasional,Individu,SMART SCIENCE &amp; SOCIAL CHALLENGE,2024,45,Meraih medali perunggu,426056469_2
426056469,3,Olimpiade Kimia,Nasional,Individu,Meraih medali perunggu,2024,45,Meraih medali perunggu,426056469_3
426058054,1,Pramuka/Organisasi Ekstrakurikuler,Kabupaten/Kota,Individu,Cabang Dinas Pendidikan Aceh Wilayah Kabupaten Gayo Lues,2025,30,Juara 3 (dari 7 Orang) Lomba Menulis Cerpen,426058054_1
426065148,1,Pramuka/Organisasi Ekstrakurikuler,Kabupaten/Kota,Berkelompok,KESBANGPOL KABUPATEN NAGAN RAYA,2024,20,paskibraka kabupaten Nagan Raya,426065148_1
426065148,2,Pramuka/Organisasi Ekstrakurikuler,Kabupaten/Kota,Berkelompok,KORAMIL Kec.kuala Kab.nagan raya,2024,20,Lomba PBB tingkat SMA,426065148_2
426065148,3,Pramuka/Organisasi Ekstrakurikuler,Kabupaten/Kota,Individu,SMAN 2 KUALA kab.nagan raya,2024,30,kepala bidang sosial,426065148_3
426066748,1,Pramuka/Organisasi Ekstrakurikuler,Kabupaten/Kota,Individu,Pangkalan smk negeri 1 panga,2023,30,Peserta terhebat gerakan Pramuka gugus depan aceh jaya,426066748_1
426066748,2,Pramuka/Organisasi Ekstrakurikuler,Kabupaten/Kota,Individu,Sekolah SMK NEGERI 1 PANGA,2025,30,"Juara 2 di kelas XII ATPH pada semester ganjil tahun pelajaran 2025/2026 dengan nilai rata-rata 87,33 pada jenjang sekolah smk negeri 1 panga",426066748_2
426066748,3,Pramuka/Organisasi Ekstrakurikuler,Kabupaten/Kota,Individu,Sekolah SMK NEGERI 1 PANGA,2025,30,"Juara 2 di kelas XII ATPH pada semester genap tahun pelajaran 2024/2025 dengan nilai rata-rata 88,00 pada jenjang sekolah SMK NEGERI 1 PANGA",426066748_3
426070582,1,Olahraga,Kabupaten/Kota,Individu,Kesbangpol Aceh Barat,2024,30,Paskibraka 2024 Aceh Barat,426070582_1
426070582,2,Seni Suara/Musik,Kabupaten/Kota,Individu,Bank Indonesia,2024,30,Juara 3 Lomba Videografis,426070582_2
426071182,1,Pramuka/Organisasi Ekstrakurikuler,Kabupaten/Kota,Berkelompok,Kepala kepolisian resor aceh jaya,2023,20,Menjadi sebagai peserta kambtibmas,426071182_1
426071182,2,Pramuka/Organisasi Ekstrakurikuler,Kabupaten/Kota,Individu,Pangkalan SMK Negeri 1 Panga,2023,30,Peserta terhebat gerakan pramuka gugus depan aceh jaya,426071182_2
426071182,3,Pramuka/Organisasi Ekstrakurikuler,Kabupaten/Kota,Individu,Sekolah SMK Negeri 1 Panga,2025,30,Juara umum di semester ganjil kelas XII ATPH di jenjang sekolah smk Negeri 1 pang,426071182_3
426071761,1,Seni Tari,Kabupaten/Kota,Individu,aceh barat,2023,30,juara harapan 2,426071761_1
426071761,2,Olimpiade (Lainnya),Kabupaten/Kota,Individu,Aceh Barat,2025,35,Peringkat Semenjana,426071761_2
426072541,1,Olimpiade Matematika,Kabupaten/Kota,Individu,UTU(UNIVERSITAS TEUKU UMAR) MAHASISWA TEKNIK SIPIL,2023,35,OFIKA(OLIMPIADE FISIKA DAN MATEMATIKA),426072541_1
426072541,2,Olimpiade Biologi,Propinsi,Individu,POSI,2023,40,Juara 2 seaceh,426072541_2
426073805,1,Pramuka/Organisasi Ekstrakurikuler,Kabupaten/Kota,Individu,SMA NEGERI 1 CALANG,2024,30,Organisasi OSIS sebagai bendahara,426073805_1
426073805,2,Pramuka/Organisasi Ekstrakurikuler,Kabupaten/Kota,Individu,Saka pengawasan obat dan makanan Aceh,2023,30,Peserta kepramukaan Saka pom ( saka pengawasan obat dan makanan Aceh),426073805_2
426073805,3,Pramuka/Organisasi Ekstrakurikuler,Kabupaten/Kota,Individu,"Dinas pemberdayaan masyarakat, perempuan, dan keluarga berencana kabupaten Aceh jaya",2023,30,Organisasi forum anak Aceh jaya,426073805_3
426076535,1,Pramuka/Organisasi Ekstrakurikuler,Kabupaten/Kota,Berkelompok,Gerakan pramuka,2025,20,Panitia perkemahan,426076535_1
426076535,2,Seni Suara/Musik,Kabupaten/Kota,Berkelompok,Panitia Peringatan Hari Ulang Tahun Kemerdekaan Republik Indonesia ke-80,2025,20,Peserta Paduan Suara Kec. Ujung Padang Kab. Simalungun pada upacara memperingati HUT RI KE-80,426076535_2
426076535,3,Seni Suara/Musik,Kabupaten/Kota,Berkelompok,SMA Negeri 1 Ujung Padang,2026,20,Anggota paduan suara,426076535_3
426076743,1,Olahraga,Kabupaten/Kota,Individu,PJ.Bupati Aceh Barat,2023,30,juara 2 lomba lompat jauh,426076743_1
426078463,1,Seni Rupa/Lukis,Propinsi,Individu,Universitas Samudra,2025,35,Juara 1 (Lomba Desain Poster yang diselenggaran oleh Universitas Samudra),426078463_1
426078463,2,Seni Rupa/Lukis,Propinsi,Individu,Universitas Samudra,2024,35,Juara 1 (Lomba Desain Poster yang diselenggaran oleh Universitas Samudra),426078463_2
426083408,1,Olimpiade Matematika,Kabupaten/Kota,Individu,Universitas Teuku Umar,2025,35,Mengikuti lomba ofika bidang teknik tingkat kabupaten Aceh Barat Selatan yang di selenggarakan Universitas Teuku Umar,426083408_1
426088298,1,Seni Tari,Kabupaten/Kota,Berkelompok,Cabang Dinas kabupaten Aceh Barat,2025,20,Juara 2 FLS3N seni tari kreasi,426088298_1
426088298,2,Olimpiade (Lainnya),Kabupaten/Kota,Berkelompok,Universitas Syiah Kuala,2025,25,Top 10 finalis dari 80 peserta kelompok se-Aceh lomba industrial contenst i-sat,426088298_2
426094440,1,Pramuka/Organisasi Ekstrakurikuler,Kabupaten/Kota,Individu,Sekolah,2023,30,Peserta terhebat dari pramuka,426094440_1
426098528,1,Olimpiade (Lainnya),Propinsi,Individu,Dinas Pendidikan Aceh (Bidang Lomba Welding),2025,40,"Saya pernah mengikuti LKS (Lomba Kompetensi Siswa) pada tahun 2025, yang mana pada saat itu saya mendapatkan juara Harapan 1. Dengan mengikuti lomba tersebut saya mendapatkan banyak pengalaman dan ilmu baru..",426098528_1
426107654,1,Pramuka/Organisasi Ekstrakurikuler,Kabupaten/Kota,Individu,SMA NEGERI 1 SIMPANG ULIM,2025,30,sekretaris umum UKS,426107654_1
426107654,2,Pramuka/Organisasi Ekstrakurikuler,Kabupaten/Kota,Individu,SMA NEGERI 1 SIMPANG ULIM,2025,30,sekretaris umum PMR,426107654_2
426107654,3,Olimpiade Biologi,Kabupaten/Kota,Individu,SMA NEGERI 1 SIMPANG ULIM,2025,35,juara 3 OSN Biologi,426107654_3
426107810,1,Pramuka/Organisasi Ekstrakurikuler,Kabupaten/Kota,Berkelompok,Badan nasional penanggulangan bencana kota langsa,2024,20,peserta,426107810_1
426107810,2,Seni Rupa/Lukis,Kabupaten/Kota,Berkelompok,Dinas pendidikan dan kebudayaan kota langsa,2024,20,juara 2,426107810_2
426107810,3,Pramuka/Organisasi Ekstrakurikuler,Kabupaten/Kota,Individu,SMK Negeri 3 langsa,2025,30,Sekretaris,426107810_3
426110983,1,Olimpiade Biologi,Kabupaten/Kota,Individu,Sekolah SMAN 1 BUBON,2025,35,Juara 3,426110983_1
426110983,2,Seni Suara/Musik,Kabupaten/Kota,Individu,Pemerintah Gampong Kuala Pling,2023,30,Peserta MTQ,426110983_2
426122730,1,Olahraga,Nasional,Individu,kemenpora RI,2025,40,perunggu popnas XVII 2025 JAKARTA,426122730_1
426122730,2,Olahraga,Nasional,Individu,kemenpora RI,2024,40,perunggu kejurnas U13/U16 surabaya 2024,426122730_2
426122730,3,Olahraga,Nasional,Individu,kemenpora RI,2023,40,perunggu kejurnas pplp/pplpd dan sko 2023,426122730_3
426123653,1,Seni Suara/Musik,Kabupaten/Kota,Individu,Dinas Pendidikan Aceh,2024,30,Juara 1 Vokal Solo Putri tingkat Kabupaten tahun 2024 yang diselenggarakan oleh Dinas Pendidikan Aceh.,426123653_1
426123653,2,Seni Suara/Musik,Kabupaten/Kota,Individu,Dinas Pendidikan Aceh,2025,30,Juara 3 Vokal Solo Putri tingkat Kabupaten tahun 2025 yang diselenggarakan oleh Dinas Pendidikan Aceh.,426123653_2
426126302,1,Drama/Sastra,Kabupaten/Kota,Individu,Kepala cabang dinas pendidikan wilayah kabupaten Aceh Selatan,2025,30,Sertifikat sebagai juara 2 festival lomba seni dan sastra siswa Nasional (FLS3N) cabang lomba cipta puisi jenjang SMK tingkat kabupaten Aceh Selatan tahun 2025,426126302_1
426126302,2,Olahraga,Kabupaten/Kota,Berkelompok,Kapolsek labuhan haji Aceh Selatan,2024,20,"Sertifikat penghargaan telah mengikuti pendidikan dan pelatihan, pasukan pengibar bendera (paskibra)",426126302_2
426126302,3,Olahraga,Kabupaten/Kota,Individu,Dinas pendidikan SMK negeri 1 labuhan haji,2023,30,Piagam penghargaan peserta terbaik dalam rangka kegiatan latihan dasar disiplin korp (LDDK),426126302_3
426126718,1,Olimpiade (Lainnya),Propinsi,Individu,Ketua NBO Bebras Indonesia dan Koordinator Bebras Biro Universitas Syiah Kuala Banda Aceh,2025,40,Peserta Kategori Penegak Bebras Indonesia Challenge 2025,426126718_1
426127307,1,Olimpiade (Lainnya),Internasional,Individu,CHIEF OF COMMITTEE SOE 2025 &amp; STEERING COMMITTEE EDUEXPO,2025,50,TOP 100 NILAI TERTINGGI DALAM BIDANG MATEMATIKA,426127307_1
426127307,2,Olimpiade (Lainnya),Internasional,Individu,CHIEF OF COMMITTEE ISQO 2025 &amp; STEERING COMMITTEE EDUEXPO,2025,50,TOP B+ DALAM BIDANG BIOLOGI,426127307_2
426127307,3,Olimpiade (Lainnya),Nasional,Individu,STEERING COMMITTEE MEPRO USU,2025,45,TOP B+ DALAM BIDANG BIOLOGI,426127307_3
426127859,1,Olimpiade Biologi,Nasional,Individu,STEERING COMMITTEE EDUEXPO dan CHIEF OF COMMITTEE ISQO 2025,2025,45,finalist dari 148.927 peserta dalam kegiatan internasional nasional science qualification olympiad 2025 dalam bidang biologi,426127859_1
426127859,2,Olimpiade Biologi,Nasional,Individu,HIMASPER IPB dan LEMBAGA KOMPETISI INDONESIA,2025,45,Kompetisi Siswa Nasional Bidang Studi : Biologi SMA,426127859_2
426127861,1,Seni Suara/Musik,Kabupaten/Kota,Berkelompok,SAKA BAHARI KEMAH KEBANGGASAN ACEH BARAT,2025,20,Juara 3 lomba paduan suara,426127861_1
426128050,1,Olimpiade (Lainnya),Nasional,Individu,Lentera Pendidikan Indonesia,2025,45,sebagai peserta Olimpiade Sains Siswa Nasional 12,426128050_1
426128331,1,Olahraga,Kabupaten/Kota,Individu,kepala cabang dinas pendidikan,2024,30,juara 1,426128331_1
426128593,1,Olimpiade (Lainnya),Nasional,Individu,PT. Lentera Pendidikan Indonesia,2025,45,Sebagai peserta dalam perlombaan Akademik Tingkat Nasional Olimpiade Sains Siswa Nasional 12,426128593_1
426128977,1,Olimpiade (Lainnya),Nasional,Individu,BIMA SCIENCE STUDENT COMPETITION 3.0,2024,45,Peraih Medali Perunggu,426128977_1
426128977,2,Olimpiade Biologi,Nasional,Individu,KOMPETISI SAINS INDONESIA 3.0,2024,45,Peraih Medali Perak,426128977_2
426130323,1,Drama/Sastra,Nasional,Individu,Bebras Indonesia,2025,40,Peserta Kategori Penegak,426130323_1
426130323,2,Olimpiade (Lainnya),Nasional,Individu,PT. Lentera Pendidikan Indonesia,2025,45,Sebagai peserta dalam perlombaan Akademik Tingkat Nasional OLIMPIADE SAINS SISWA NASIONAL 12,426130323_2
426130368,1,Olimpiade (Lainnya),Nasional,Individu,Lentera Pendidikan Indonesia,2025,45,sebagai peserta Olimpiade Sains Siswa Nasional 12,426130368_1
426130688,1,Olimpiade Komputer,Kabupaten/Kota,Individu,POSYANTEK SIGRUN TEKNO,2023,35,Pemanfaatan Teknologi Arduiuno,426130688_1
426130688,2,Olimpiade Komputer,Kabupaten/Kota,Individu,HAIQAL TEKNO,2024,35,TEKNISI HP ANDROID,426130688_2
426130688,3,Olimpiade Komputer,Kabupaten/Kota,Individu,Cabang Dinas Pendidikan Aceh Wilayah Kota Subulussalam dan Aceh Singkil,2025,35,DIGITAL MARKETING,426130688_3
426131340,1,Olimpiade (Lainnya),Nasional,Individu,Lentera Pendidikan Indonesia,2025,45,sebagai peserta Olimpiade Sains Siswa Nasional 12,426131340_1
426131654,1,Olimpiade (Lainnya),Kabupaten/Kota,Individu,Dinas pendidikan,2025,35,Juara 1 essay,426131654_1
426132450,1,Olimpiade (Lainnya),Nasional,Individu,Lentera Pendidikan Indonesia,2025,45,sebagai peserta Olimpiade Sains Siswa Nasional 12,426132450_1
426132957,1,Olimpiade Komputer,Kabupaten/Kota,Individu,POSYANTEK SIGRUN TEKNO,2023,35,Pemanfaatan Teknologi Arduiuno,426132957_1
426132957,2,Olimpiade Komputer,Kabupaten/Kota,Individu,HAIQAL TEKNO,2024,35,TEKNISI HP ANDROID,426132957_2
426132957,3,Seni Suara/Musik,Kabupaten/Kota,Individu,Cabang Dinas Pendidikan Aceh Wilayah Kota Subulussalam dan Aceh Singkil,2025,30,FLS3N,426132957_3
426134211,1,Olimpiade (Lainnya),Nasional,Individu,OLIMPIADE CERDAS CENDEKIA INDONESIA,2025,45,mendapatkan medali perak PKN pada olimpiade cerdas cendekia indonesia,426134211_1
426134211,2,Olimpiade (Lainnya),Nasional,Individu,Prestasi Siswa Indonesia,2025,45,sebagai peserta aktif pada olimpiade sains yang diselenggarakan oleh Prestasi Siswa Indonesia,426134211_2
426134350,1,Pramuka/Organisasi Ekstrakurikuler,Propinsi,Berkelompok,Gerakan Pramuka Pangkalan Kantor Gubernur Sumatra Utara,2025,25,Juara 2 LCTP (dari 13 sekolah/pangkalan Sumatra Utara hingga Aceh),426134350_1
426134350,2,Pramuka/Organisasi Ekstrakurikuler,Kabupaten/Kota,Berkelompok,Gerakan Pramuka Kwartir cabang kwarcab Deli Serdang (Danyonif 121/Macan Kumbang-LKDT-1MK),2024,20,Juara 4 LCTP LKDT-MK tingkat Kabupaten tahun 2024 (diikuti 20 sekolah/pangkalan).,426134350_2
426134579,1,Olimpiade (Lainnya),Nasional,Individu,Lentera Pendidikan Indonesia,2025,45,sebagai peserta Olimpiade Sains Siswa Nasional 12,426134579_1
426134613,1,Olimpiade (Lainnya),Nasional,Individu,PT. Lentera Pendidikan Indonesia,2025,45,sebagai peserta perlombaan Akademik Tingkat Nasional Olimpiade Sains Siswa Nasional 12,426134613_1
426134804,1,Seni Rupa/Lukis,Kabupaten/Kota,Individu,FLS3N,2025,30,Juara 3 (dari 8 peserta) lomba kria,426134804_1
426134804,2,Olahraga,Kabupaten/Kota,Individu,O2SN,2025,30,Juara 3 (dari 7 peserta) lomba olimpiade olahraga,426134804_2
426135799,1,Olimpiade (Lainnya),Internasional,Berkelompok,KOLEJ VOKASIONAL GOMBAK,2024,40,Juara 1 pertandingan video tiktok tema iklan tudung kv di malaysia,426135799_1
426135799,2,Olimpiade (Lainnya),Internasional,Individu,kolej vokasional gombak,2024,50,juara 2 badminton di kvg malaysia,426135799_2
426135799,3,Olimpiade (Lainnya),Kabupaten/Kota,Individu,cabang dinas aceh barat daya,2025,35,juara 2 cipta puisi sesmk aceh barat daya,426135799_3
426136297,1,Olimpiade Komputer,Kabupaten/Kota,Individu,POSYANTEK SIGRUN TEKNO,2023,35,Pemanfaatan Teknologi Arduiuno,426136297_1
426136297,2,Olimpiade Komputer,Kabupaten/Kota,Individu,HAIQAL TEKNO,2024,35,TEKNISI HP ANDROID,426136297_2
426136297,3,Olimpiade Komputer,Kabupaten/Kota,Berkelompok,Cabang Dinas Pendidikan Aceh Wilayah Kota Subulussalam dan Aceh Singkil,2025,25,LANSKAP DAN PERTAMANAN,426136297_3
426137086,1,Olahraga,Kabupaten/Kota,Berkelompok,PengProv Faji Aceh,2025,20,Juara 2 (dari 12 Kabupaten) lomba Arung Jeram kategori SPRINT,426137086_1
426137086,2,Olahraga,Kabupaten/Kota,Berkelompok,PengProv Faji Aceh,2025,20,Juara 2 (dari 12 Kabupaten) lomba Arung Jeram kategori Down River Race,426137086_2
426137086,3,Olahraga,Kabupaten/Kota,Berkelompok,PengProv Faji Aceh,2025,20,Juara 2 (dari 12 Kabupaten) lomba Arung Jeram kategori Sralom,426137086_3
426137117,1,Olimpiade Komputer,Kabupaten/Kota,Individu,SB-NGODING,2023,35,Pembuatan Desain UI Toko Online Berbasis Website,426137117_1
426137117,2,Olimpiade Komputer,Kabupaten/Kota,Individu,HAIQAL TEKNO,2024,35,TEKNISI HP ANDROID,426137117_2
426137117,3,Olimpiade Komputer,Kabupaten/Kota,Individu,POSYANTEK SIGRUN TEKNO,2023,35,Pemanfaatan Teknologi Arduiuno,426137117_3
426139077,1,Olimpiade Komputer,Kabupaten/Kota,Individu,POSYANTEK SIGRUN TEKNO,2023,35,Pemanfaatan Teknologi Arduiuno,426139077_1
426139077,2,Olimpiade Komputer,Kabupaten/Kota,Individu,HAIQAL TEKNO,2024,35,TEKNISI HP ANDROID,426139077_2
426139077,3,Olimpiade (Lainnya),Kabupaten/Kota,Berkelompok,Cabang Dinas Pendidikan Aceh Wilayah Kota Subulussalam dan Aceh Singkil,2025,25,LANSKAP DAN PERTAMANAN (LANSCAPE AND GARDANING),426139077_3
426139451,1,Drama/Sastra,Kabupaten/Kota,Individu,Puspresnas,2025,30,Juara 1 Tingkat kabupaten Aceh selatan antar SMK,426139451_1
426139840,1,Drama/Sastra,Kabupaten/Kota,Berkelompok,puspresnas,2025,20,juara 1 tingkat kabupaten Aceh besar antar SMK,426139840_1
426140486,1,Olimpiade Komputer,Propinsi,Individu,Balai Pengembangan Talenta Indonesia (BPTI),2025,40,Finalis Olimpiade Sains Nasional (OSN) Bidang Informatika,426140486_1
426140486,2,Olimpiade (Lainnya),Kabupaten/Kota,Individu,Cabang Dinas Pendidikan Wilayah Kota Subulussalam dan Kabupaten Aceh Singkil Bekerjasama dengan Kepolisian Resor Aceh Singkil,2024,35,Juara 1 Duta Pelajar Kamtibmas Jenjang SMA dan SMK Se-Kabupaten Aceh Singkil,426140486_2
426140486,3,Olimpiade (Lainnya),Kabupaten/Kota,Individu,Kepala Dinas Perhubungan Aceh Singkil,2024,35,Juara 3 Pada Seleksi/Pemilihan Pelajar Pelopor Keselamatan Lalu Lintas dan Angkutan Jalan,426140486_3
426140665,1,Olimpiade Biologi,Nasional,Individu,Lembaga Prestasi Pelajar,2025,45,Peserta kegiatan Indonesian Student Star Competition bidang studi BIOLOGI SMA,426140665_1
426140665,2,Olimpiade (Lainnya),Nasional,Individu,Yayasan Hati Mulia,2025,45,Peraih Medali Perak Festival Olimpiade Sains Tingkat Nasional (FOSNAS),426140665_2
426140665,3,Olimpiade Biologi,Nasional,Individu,PAKMANAFF,2026,45,Peraih Medali Perunggu pada cabang lomba OLIMPIADE SAINS PAKMANAFF bidang BIOLOGI,426140665_3
426140775,1,Olimpiade (Lainnya),Nasional,Individu,Pekan Olimpiade Pelajar (PILAR),2025,45,Atas Prestasinya Dalam Ajang Olimpiade SAINS,426140775_1
426141367,1,Olimpiade (Lainnya),Nasional,Individu,PRESISI,2025,45,peserta aktif olimpiade saind tingkat nasional diselenggarakan oleh presisi,426141367_1
426141931,1,Olimpiade Matematika,Nasional,Individu,Olimpiade Sains Pakmanaf,2026,45,SEBAGAI PESERTA PADA CABANG LOMBA OLIMPIADE SAINS PAK MANAFF,426141931_1
426141931,2,Olimpiade (Lainnya),Nasional,Individu,BEBRAS INDONESIA,2025,45,SEBAGAI PESERTA KATEGORI PENEGAK,426141931_2
426142253,1,Olimpiade (Lainnya),Kabupaten/Kota,Berkelompok,universitas Teuku Umar,2025,25,juara 3,426142253_1
426143070,1,Pramuka/Organisasi Ekstrakurikuler,Kabupaten/Kota,Berkelompok,Saka Bhayangkara Polsek Bubon,2023,20,Peserta Kemah Bersama (Kemsama) Pramuka Saka Bhayangkara Tahun 2023 yang diselenggarakan oleh Pimpinan Saka Bhayangkara Polsek Bubon,426143070_1
426143070,2,Drama/Sastra,Kabupaten/Kota,Individu,Dinas Perpustakaan dan Kearsipan Kabupaten Aceh Barat,2025,30,Sertifikat Penghargaan sebagai Finalis Ratu Baca Kabupaten Aceh Barat Tahun 2025 di Dinas Perpustakaan dan Kearsipan Kabupaten Aceh Barat,426143070_2
426143411,1,Olimpiade (Lainnya),Nasional,Individu,Pekan Olimpiade Pelajar (PILAR),2025,45,PERAIH MEDALI EMAS dalam ajang Olimpiade Sains Tingkat Nasional,426143411_1
426143464,1,Olimpiade Biologi,Nasional,Individu,olimnas dan gema indonesia,2026,45,sebagai peserta olimpiade sains nasional (OLIMNAS),426143464_1
426143765,1,Olimpiade (Lainnya),Nasional,Individu,Bebras (USK),2025,45,Peserta bebas katagori penegak 2025,426143765_1
426144313,1,Olimpiade Biologi,Nasional,Individu,Olimpiade Sains Pakmanaf,2026,45,sebagai peserta pada cabang lomba olimpiade sains pakmanaff,426144313_1
426144491,1,Olimpiade Biologi,Nasional,Individu,PAKMANAFF,2026,45,Sebagai peserta dalam meraih predikat Finalis pada cabang lomba Olimpiade Sains Pakmanaff Bidang Biologi,426144491_1
426144491,2,Olimpiade Kimia,Nasional,Individu,"GEMANESIA, OLIMNAS",2026,45,Sebagai Peserta AKtif dalam ajang Olimpiade Sains Tingkat Nasional bidang Kimia,426144491_2
426146762,1,Seni Rupa/Lukis,Kabupaten/Kota,Individu,Cabang Dinas Pendidikan Wilayah Kabupaten Aceh Barat Daya,2025,30,Berhasil Menjadi Juara 2 di Ajang Perlombaan Fls3n Komik Digital Tingkat Kabupaten yang diselenggarakan oleh Cabang Dinas Pendidikan Wilayah Kabupaten Aceh Barat Daya pada tanggal 14-15 Juni 2025,426146762_1
426146762,2,Seni Rupa/Lukis,Propinsi,Individu,Cabang Komik Digital Dinas Pendidikan Pemerintah Aceh,2025,35,Menjadi Peserta di Ajang Perlombaan Fls3n Komik Digital Tingkat Provinsi yang di Selenggarakan oleh Cabang Komik Digital Dinas Pendidikan Pemerintah Aceh yang di Laksanakan pada tanggal 11-14 Agustus 2025,426146762_2
426146762,3,Olimpiade (Lainnya),Nasional,Individu,NBO Bebras Indonesia,2025,45,Menjadi Peserta Bebras Indonesia Challenge 2025 yang di Selenggarakan oleh MBO Bebras Indonesia yang di Laksanakan pada tanggal 10-15 November 2025,426146762_3
426147005,1,Drama/Sastra,Kabupaten/Kota,Individu,universitas Teuku umar,2025,30,juara harapan 1,426147005_1
426147257,1,Olimpiade Biologi,Nasional,Individu,Education Expo ID,2025,45,Juara 3 (dari 28.748 Peserta),426147257_1
426147257,2,Olimpiade Biologi,Propinsi,Individu,Global House,2026,40,Juara Harapan 1,426147257_2
426147257,3,Olimpiade Biologi,Nasional,Individu,BEM FMIPA Universitas Indonesia (UI),2025,45,Peserta Olimpiade Biologi BEM FMIPA UNIVERSITAS INDONESIA,426147257_3
426147586,1,Olahraga,Kabupaten/Kota,Individu,KEPALA DINAS PENDIDIKAN KABUPATEN SIMEULUE,2022,30,JUARA 4 O2SN Tingkat SMP,426147586_1
426147586,2,Olimpiade (Lainnya),Kabupaten/Kota,Berkelompok,MUSABAQA TILAWATIL QUR&#39;AN KE- V KECAMATAN SIMEULUE BARAT,2021,25,JUARA 2 MTQ SEBAGAI SYARHIL QUR&#39;AN,426147586_2
426147659,1,Olimpiade Matematika,Kabupaten/Kota,Individu,Universitas Teuku Umar,2025,35,Mengikuti lomba ofika bidang teknik tingkat kabupaten Aceh Barat Selatan yang di selenggarakan Universitas Teuku Umar,426147659_1
426148033,1,Olimpiade Fisika,Kabupaten/Kota,Individu,Kompetisi sains nasional (KSN),2025,35,Sebagai Peserta Pada Kegiatan kompetisi sains nasional (KSN-K),426148033_1
426148033,2,Olimpiade Ekonomi,Kabupaten/Kota,Individu,KOMPETISI SAINS NASIONAL (KSN),2025,35,Sebagai Peserta Pada Kompetisi Sains Nasional (KSN-K),426148033_2
426148143,1,Olimpiade Kimia,Kabupaten/Kota,Individu,Pusat Prestasi Nasional (PUSPRESNAS),2025,35,Peringkat 4 Olimpiade Sains Nasional Tingkat Kabupaten Aceh Jaya yang diselenggarakan oleh Pusat Prestasi Nasional (PUSPRESNAS),426148143_1
426148143,2,Olimpiade Kimia,Kabupaten/Kota,Individu,Prestasi Nasional (PUSPRESNAS),2024,35,Peringkat 2 Olimpiade Sains Nasional Tingkat Kabupaten Aceh Jaya yang diselenggarakan oleh Pusat Prestasi Nasional (PUSPRESNAS),426148143_2
426148422,1,Olahraga,Kabupaten/Kota,Berkelompok,kemenpora,2024,20,juara2 (dari 25 regu),426148422_1
426149325,1,Olimpiade Ekonomi,Nasional,Individu,gemanesia dan pilar,2025,45,sebagai peserta pada olimpiade sains nasional,426149325_1
426149325,2,Olimpiade Biologi,Nasional,Individu,BHM dan PUSKANAS,2025,45,sebagai peserta pada pusat kejuaraan sains nasional (PUSKESNAS),426149325_2
426150689,1,Olimpiade (Lainnya),Kabupaten/Kota,Individu,SMA Negeri 2 Simeulue Barat,2025,35,Juara 2 Lomba Duta Pelajar Sadar Hukum tingkat sekolah,426150689_1
426150689,2,Olimpiade (Lainnya),Kabupaten/Kota,Individu,SMA Negeri 2 Simeulue Barat,2025,35,Juara 2 Lomba Cerdas Cermat Tingkat sekolah,426150689_2
426150689,3,Olimpiade (Lainnya),Propinsi,Individu,Google For Education,2024,40,Sebagai Peserta dalam program Pengimbasan Master Trainer 2024,426150689_3
426150942,1,Olimpiade (Lainnya),Kabupaten/Kota,Individu,Cabang Dinas Pendidikan Wilayah Kabupaten Aceh Selatan,2025,35,Juara 2 Bidang Teknologi Desain Grafis Lomba Kompetensi Siswa (LKS) SMK Tingkat Kabupaten Aceh Selatan,426150942_1
426151189,1,Pramuka/Organisasi Ekstrakurikuler,Kabupaten/Kota,Individu,"Ahmad Sadikin Usbi, S.Pd.I.",2024,30,Sertfikat Penghargaan,426151189_1
426151386,1,Pramuka/Organisasi Ekstrakurikuler,Kabupaten/Kota,Berkelompok,kwartir cabang aceh selatan,2025,20,sebagai peserta partisipasi semangat serta dedikasi luarbiasa dalam mengikuti dan menyukseskan kegiatan laga penegak tangguh kwartir gerakan pramuka,426151386_1
426151386,2,Seni Tari,Kabupaten/Kota,Individu,FLS2N,2025,30,sebagai peserta pada cabang lomba tari kreasi (FLS2N),426151386_2
426151386,3,Pramuka/Organisasi Ekstrakurikuler,Kabupaten/Kota,Berkelompok,kwarcab aceh selatan,2024,20,sebagai peserta pada kegiatan giat prestasi penegak gerakan pramuka,426151386_3
426151862,1,Olimpiade Geografi,Kabupaten/Kota,Individu,Cabang Dinas Pendidikan,2024,35,Sebagai Peserta Kompetetisi Sains Nasional (KSN) Bidang Geografi Tingkat Kabupaten,426151862_1
426151886,1,Olimpiade (Lainnya),Nasional,Individu,KSN,2024,45,Sebagai peserta Kompetensi Sains Nasional (KSN) bidang KEBUMIAN,426151886_1
426152899,1,Olimpiade (Lainnya),Kabupaten/Kota,Individu,GARUDA MART INDONESIA,2025,35,Pelatihan,426152899_1
426152941,1,Olimpiade Ekonomi,Kabupaten/Kota,Individu,Cabang Dinas Pendidikan Wilayah Kabupaten Aceh Selatan,2025,35,Sebagai Peserta Kompetisi Sains Nasional (KSN-K) Bidang Ekonomi Tingkat Kabupaten Aceh Selatan Tahun 2025,426152941_1
426157127,1,Olimpiade (Lainnya),Nasional,Individu,SMA Negeri 2 Aceh Barat Daya,2025,45,meraih bebras indonesia challenge 2025 sebagai peserta dalam kategori penegak,426157127_1
426159077,1,Olimpiade (Lainnya),Kabupaten/Kota,Individu,SMK NEGERI 2 TUHEMBERUA,2025,35,Juara 3 dari 25 siswa,426159077_1
426159077,2,Olimpiade (Lainnya),Kabupaten/Kota,Individu,SMK NEGERI 2 TUHEMBERUA,2024,35,Juara 3 dari 25 siswa,426159077_2
426159077,3,Olimpiade (Lainnya),Kabupaten/Kota,Berkelompok,SMK NEGERI 2 TUHEMBERUA,2025,25,Juara 1 dari 25,426159077_3
426163012,2,Drama/Sastra,Kabupaten/Kota,Individu,CABANG DINAS PENDIDIKAN NAGAN RAYA,2025,30,JUARA II LOMBA BACA PUISI ( FLS3N ),426163012_2
426163012,3,Seni Suara/Musik,Kabupaten/Kota,Individu,DAYAH INTI DARUL AITAMI ACEH BARAT,2023,30,HAFIZ QUR&#39;AN,426163012_3
426163934,1,Olimpiade (Lainnya),Nasional,Individu,Bebras Indonesia,2025,45,Sebagai Peserta Kategori Penegak Dalam Bebras Indonesia,426163934_1
426164688,1,Olimpiade (Lainnya),Nasional,Individu,SMA Negeri 2 Aceh Barat Daya,2025,45,meraih bebras indonesia challenge 2025 sebagai peserta dalam kategori penegak,426164688_1
426166695,1,Seni Rupa/Lukis,Propinsi,Individu,Dinas Pendidikan Aceh,2025,35,Pertisipasi Sebagai Peserta Lomba Kompetensi Siswa (LKS) Tingkat Provinsi Aceh Tahun 2025,426166695_1
426167887,1,Seni Tari,Kabupaten/Kota,Berkelompok,pemerintah kabupaten aceh barat,2025,20,juara 2 (dari se-aceh barat) lomba tari rateeb meuseukat,426167887_1
426167887,2,Pramuka/Organisasi Ekstrakurikuler,Kabupaten/Kota,Individu,SMK 1 Negeri Samatiga,2025,30,"juara 1 (dari 30 siswi) pada kelas 12 semester ganjil,tahun ajaran 2025/2026",426167887_2
426167887,3,Pramuka/Organisasi Ekstrakurikuler,Kabupaten/Kota,Individu,SMK Negeri 1 Samatiga,2025,30,"juara 2 (dari 30 siswi)pada kelas 11 semester genap,tahun ajaran 2024/2025",426167887_3
426167955,1,Pramuka/Organisasi Ekstrakurikuler,Kabupaten/Kota,Berkelompok,Ketua kwartir cabang Aceh Singkil,2024,20,Juara 1 dari 14 kelompok,426167955_1
426167955,2,Olimpiade (Lainnya),Kabupaten/Kota,Individu,Kejuaraan pencak prestasi PSHT CUP 1 Ranting Rimo Th.2023,2023,35,Juara 3 (PRA REMAJA KELAS-D PUTRA),426167955_2
426169052,1,Olahraga,Kabupaten/Kota,Individu,dozzer cup,2026,30,juara 2,426169052_1
426169052,2,Olimpiade (Lainnya),Kabupaten/Kota,Individu,indosat,2023,35,juara 2,426169052_2
426170026,1,Olimpiade Ekonomi,Kabupaten/Kota,Individu,DINAS PENDIDIKAN,2025,35,berhasil masuk finalis tingkat provinsi,426170026_1
426170026,2,Olimpiade Ekonomi,Nasional,Individu,FASNAS(festival akademik nasional),2025,45,peraih medali perak,426170026_2
426173051,1,Olimpiade (Lainnya),Kabupaten/Kota,Individu,SMA Negeri 1 Lawe Bulan,2025,35,Juara 1 kelas XI IPA 1 dari 25 siswa,426173051_1
426173051,2,Olimpiade (Lainnya),Kabupaten/Kota,Individu,SMA Negeri 1 Lawe Bulan,2025,35,Juara 1 kelas XII IPA 1 dari 25 siswa,426173051_2
426173051,3,Pramuka/Organisasi Ekstrakurikuler,Kabupaten/Kota,Individu,Pemerintah Kabupaten Aceh Tenggara,2024,30,Sertifikat penghargaan sebagai PASKIBRAKA Kabupaten Aceh Tenggara,426173051_3
426174546,1,Olimpiade Kimia,Kabupaten/Kota,Individu,Ikatan Guru Indonesia (IGI) Kabupaten Aceh Tenggara,2024,35,Ajang Prestasi Akademik Tingkat SMA Bidang Kimia,426174546_1
426174546,2,Olimpiade (Lainnya),Kabupaten/Kota,Individu,SMA Negeri 1 Lawe Bulan,2025,35,Juara 2 Kelas XI IPA dari 24 siswa,426174546_2
426174546,3,Olimpiade (Lainnya),Kabupaten/Kota,Individu,SMA Negeri 1 Lawe Bulan,2025,35,Juara 2 Kelas XII IPA dari 25 siswa,426174546_3
426177950,1,Pramuka/Organisasi Ekstrakurikuler,Kabupaten/Kota,Berkelompok,arongan lambalek,2025,20,paskibra,426177950_1
426177950,2,Olahraga,Kabupaten/Kota,Berkelompok,aceh barat,2025,20,juara 1,426177950_2
426179348,1,Olahraga,Kabupaten/Kota,Berkelompok,Dapati Bidang Pembudayaan olahraga kemenpora RI,2024,20,Juara 1,426179348_1
426179348,2,Pramuka/Organisasi Ekstrakurikuler,Kabupaten/Kota,Berkelompok,Camat arongan lambalek,2025,20,PASKIBRA,426179348_2
426179348,3,Olimpiade (Lainnya),Kabupaten/Kota,Individu,Karya inspirasi Indonesia,2023,35,Certified english leaner,426179348_3
426181200,1,Olimpiade Biologi,Kabupaten/Kota,Individu,"Pemerintah Aceh, dinas pendidikan SMA negeri 1 bubon",2025,35,Juara 4 Olimpiade sains sekolah bidang biologi jenjang SMA tingkat SMA negeri 1 bubon tgl 19 mei 2025,426181200_1
426187422,1,Pramuka/Organisasi Ekstrakurikuler,Kabupaten/Kota,Individu,SMAN 1 TEUPAH TENGAH,2025,30,"Menjabat sebagai Anggota Bidang Keagamaan OSIS SMAN 1 Teupah Tengah periode 2024/2025. Bertanggung jawab dalam perencanaan dan eksekusi program kerja penguatan karakter religius siswa. Berhasil mengoordinasi kegiatan rutin keagamaan sekolah, memperingati hari besar nasional keagamaan, serta berperan aktif dalam menjalin toleransi antar siswa. Pengalaman ini mengasah kemampuan manajemen waktu, kerja sama tim (teamwork), dan kepemimpinan saya di lingkungan sekolah",426187422_1
426189810,1,Drama/Sastra,Kabupaten/Kota,Individu,FLS2N,2024,30,Juara 2 ( dari 9 perserta ),426189810_1
426192014,1,Olahraga,Nasional,Individu,Dispora sumatra utara,2024,40,juara 1 kejuaran taekwondo bapomi sumut,426192014_1
426192014,2,Olahraga,Nasional,Individu,Dispora sumatra utara/stimik triguna dharma,2024,40,JUARA 1 kejuaraan taekwondo piala stimik triguna dharma,426192014_2
426192014,3,Olahraga,Nasional,Individu,Dispora sumuatra utara/ bapomi sumut,2024,40,juara 2 prestasi putri under 52 kejuaraan bapomi sumut,426192014_3
426194142,1,Penelitian,Kabupaten/Kota,Berkelompok,Komite Nasional Pemuda Indonesia Kota Tebing Tinggi,2025,20,JUARA FAVORIT 1 LOMBA KARYA TULIS ILMIAH,426194142_1
426194142,2,Pramuka/Organisasi Ekstrakurikuler,Propinsi,Berkelompok,Kwartir Daerah Sumatera Utara,2024,25,JUARA 1 KONTEN PROMOSI WISATA,426194142_2
426195090,1,Olimpiade (Lainnya),Kabupaten/Kota,Individu,Kepala desa Babul makmur,2024,35,Juara 3 dari 4 peserta,426195090_1
426195090,2,Olimpiade (Lainnya),Kabupaten/Kota,Berkelompok,Kepala desa Babul makmur,2022,25,Juara 3 dari empat peserta,426195090_2
426195090,3,Olimpiade (Lainnya),Kabupaten/Kota,Individu,Kepalah sekolah sma 1 simbar,2023,35,Juara 3 dari 16 peserta,426195090_3
426196434,1,Drama/Sastra,Kabupaten/Kota,Individu,Cabang dinas pendidikan wilayah kabupaten aceh barat,2024,30,Peraih juara 2 (dari 6 peserta) cipta puisi tingkat kabupaten,426196434_1
426196434,2,Olimpiade (Lainnya),Nasional,Individu,Yayasan prestasi maju indonesia (PRESMANESIA),2026,45,Peraih medali perak bidang kedokteran Pekan Sains &amp; Olimpiade Nasional (PESONA),426196434_2
426196434,3,Pramuka/Organisasi Ekstrakurikuler,Kabupaten/Kota,Individu,SMA NEGERI 2 MEULABOH,2026,30,Anggota Ekstrakurikuler palang merah remaja (PMR) SMA NEFERI 2 MEULABOH,426196434_3
426197141,1,Pramuka/Organisasi Ekstrakurikuler,Kabupaten/Kota,Individu,"Ahmad Sadikin Usbi, S.Pd.I.",2023,30,Sertfikat porestasi,426197141_1
426199443,1,Olimpiade Biologi,Kabupaten/Kota,Individu,SMA Negeri 2 Simpang kiri.,2025,35,Saya merupakan salah satu peserta yang mewakili sekolah dalam ajang OSN-K BIDANG BIOLOGI yang di laksanakan pada tanggal 24 s.d 25 juni 2025 di SMA Negeri 2 Simpang kiri.,426199443_1
426199443,2,Pramuka/Organisasi Ekstrakurikuler,Kabupaten/Kota,Individu,SMA Negeri 2 Simpang kiri,2025,30,Saya merupakan peserta dalam kegiatan EKSTRAKURIKULER KIR di SMA Negeri 2 Simpang kiri,426199443_2
426199443,3,Seni Suara/Musik,Kabupaten/Kota,Individu,SMA Negeri 2 Simpang kiri,2025,30,Juara 1 lomba vocal solo,426199443_3
426201469,1,Pramuka/Organisasi Ekstrakurikuler,Kabupaten/Kota,Individu,"Irwan, M.Si",2023,30,Paskibraka,426201469_1
426201469,2,Pramuka/Organisasi Ekstrakurikuler,Kabupaten/Kota,Individu,"Tarmizi. SP., MM",2025,30,Paskibraka,426201469_2
426210155,1,Olahraga,Kabupaten/Kota,Individu,Cabang Dinas Pendidikan Wilayah Kabupaten Aceh Barat,2025,30,Juara 1 karate putri,426210155_1
426210155,2,Olahraga,Kabupaten/Kota,Individu,Cabang Dinas Pendidikan Wilayah Kabupaten Aceh Barat,2024,30,Juara 2 karate putri,426210155_2
426210404,1,Olimpiade (Lainnya),Kabupaten/Kota,Individu,Smk n 1pasie raja,2024,35,Juara umum semester ganjil,426210404_1
426210404,2,Olimpiade (Lainnya),Kabupaten/Kota,Individu,Smk n1 pasie raja,2024,35,Juara umum semester genap,426210404_2
426213370,1,Olimpiade (Lainnya),Nasional,Individu,MUDA SAINS NASIONAL YOGYAKARTA,2025,45,Peraih medali emas,426213370_1
426213370,2,Olimpiade Kimia,Nasional,Individu,MUDA SAINS NASIONAL YOGYAKARTA,2028,45,Peraih medali perak,426213370_2
426213370,3,Olimpiade Biologi,Nasional,Individu,Sentral olimpiade Yogyakarta,2025,45,Peraih medali perak,426213370_3
426214654,1,Seni Rupa/Lukis,Kabupaten/Kota,Individu,Dinas Pendidikan dan Kebudayaan Aceh Barat,2025,30,10 Besar Lomba Cipta dan Pengembangan Motif Khas Aceh Barat,426214654_1
426214654,2,Olimpiade Ekonomi,Kabupaten/Kota,Individu,HIMADIPA Fakultas Ekonomi dan Bisnis Universitas Syiah Kuala,2024,35,Juara 1 Olimpiade Ekonomi Meulaboh,426214654_2
426214654,3,Seni Suara/Musik,Kabupaten/Kota,Individu,PT Mifa Bersaudara,2023,30,Favorit 1 Lomba Cipta Baca Puisi Kemerdekaan tingkat Kota,426214654_3
426218307,1,Olahraga,Kabupaten/Kota,Berkelompok,kesbangpol aceh barat,2024,20,paskibraka tingkat kabupaten aceh barat,426218307_1
426218958,1,Olimpiade Fisika,Nasional,Individu,Pusat Olimpiade Sains Indonesia ( POSI ),2023,45,"juara 2 ( medali perak ) ACEH SCIENCE OLYMPIAD ( ASO ) 2023, Pusat Olimpiade Sains Indonesia ( POSI )",426218958_1
426218958,2,Pramuka/Organisasi Ekstrakurikuler,Kabupaten/Kota,Berkelompok,Badan Kesatuan Bangsa dan Politik ( KESBANGPOL ),2024,20,Pasukan Pengibar Bendera Pusaka (PASKIBRAKA) Tingkat Kabupaten pada Peringatan HUT Ke-79 Kemerdekaan Republik Indonesia pada Tanggal 17 Agustus 2024 Kabupaten Aceh Barat,426218958_2
426221194,1,Olimpiade (Lainnya),Propinsi,Individu,globalhouse,2026,40,juara 1st Runner up,426221194_1
426225084,1,Pramuka/Organisasi Ekstrakurikuler,Kabupaten/Kota,Berkelompok,kwarcab,2025,20,juara 3 pinsa terbaik,426225084_1
426225096,1,Olimpiade (Lainnya),Kabupaten/Kota,Berkelompok,Cabang Dinas Pendidikan Wilayah Kabupaten Aceh Jaya kerja sama dengan Kepolisian Resor Aceh Jaya,2025,25,Juara 1 (dari 44 siswa) Lomba duta kamtibmas,426225096_1
426230795,1,Olimpiade Ekonomi,Kabupaten/Kota,Individu,SMAN 2 SIMPANG KIRI,2025,35,Saya mengikuti OSN-S bidang ekonomi di SMAN 2 SIMPANG KIRI,426230795_1
426230795,2,Pramuka/Organisasi Ekstrakurikuler,Kabupaten/Kota,Berkelompok,SMAN 2 SIMPANG KIRI,2025,20,Saya mengikuti kegiatan ekstrakurikuler KIR di SMAN 2 simpang kiri,426230795_2
426230795,3,Olahraga,Kabupaten/Kota,Individu,SMAN 2 Simpang kiri,2025,30,Saya mengikuti kegiatan lari jarak sejauh 3km di SMAN 2 SIMPANG KIRI,426230795_3
426231326,1,Drama/Sastra,Kabupaten/Kota,Individu,DINAS PENDIDIKAN KABUPATEN NAGAN RAYA,2025,30,JUARA III KOMIK DIGITAL ( FLS3N) TINGKAT SMA,426231326_1
426232272,1,Olimpiade Biologi,Nasional,Individu,PRESMANESIA dan IOS,2025,45,Peseta aktif pada ajang Olimpiade Sains Tingkat Nasional pada bidang Biologi,426232272_1
426232272,2,Olimpiade Biologi,Nasional,Individu,PT. OLIMPIADE NASIONAL INDONESIA,2026,45,Peraih Medali Emas dalam perlombaan akademik tingkat Nasional Olimpiade Nasional Indonesia 10 bidang Biologi,426232272_2
426232272,3,Olimpiade Biologi,Nasional,Individu,"PRESMANESIA, IOS",2025,45,Peraih Medali Perak pada ajang Olimpiade Sains Tingkat Nasional bidang Biologi,426232272_3
426232808,1,Olimpiade Fisika,Kabupaten/Kota,Individu,Dinas Pendidikan Aceh - Cabang Dinas Pendidikan Wilayah KabupatenAceh Selatan,2025,35,Peringkat 9 Olimpiade Sains Nasional Cabang Fisika Kabupaten Aceh Selatan Tahun 2025,426232808_1
426232944,1,Seni Tari,Kabupaten/Kota,Berkelompok,Bupati Aceh Barat,2025,20,Juara 2 (dari se Aceh Barat) lomba rateeb meuseukat,426232944_1
426236634,1,Olimpiade (Lainnya),Kabupaten/Kota,Individu,SMANDU PARADISE,2025,35,juara 3 lomba sambung ayat,426236634_1
426236699,1,Olimpiade Biologi,Nasional,Individu,Kompetisi Akademik Pelajar Nasional,2024,45,peserta tingkat Nasional dalam kompetisi akademik pelajar nasional,426236699_1
426236699,2,Olimpiade Biologi,Nasional,Individu,PEKAN OLIMPIADE SAINS PELAJAR NASIONAL (POPNAS),2025,45,peserta akif pada ajang olimpiade Sains Tingkat Nasional yang bertajuk PEKAN OLIMPIADE SAINS PELAJAR NASIONAL (POPNAS),426236699_2
426236699,3,Olimpiade Biologi,Nasional,Individu,Indonesia Science Excellence Competition,2025,45,partisipasi pada kegiatan Indonesia Science Excellence Competition 2025,426236699_3
426237505,1,Olimpiade Fisika,Propinsi,Individu,UIN SYEKH ALI HASAN AHMAD ADDARY PADANG SIDIMPUAN,2024,40,peraih medali emas fisika tingkat SMA.,426237505_1
426237505,2,Olimpiade Fisika,Nasional,Individu,LEMBAGA SAINS PELAJAR,2024,45,PERAIH MEDALI PERUNGGU,426237505_2
426237505,3,Olimpiade Kimia,Nasional,Individu,LEMBAGA SAINS PELAJAR,2024,45,PERAIH MEDALI PERUNGGU,426237505_3
426238672,1,Olimpiade Biologi,Nasional,Individu,OLIMNAS,2026,45,Peraih Medali Emas Perlombaan Akademik Tingkat Nasional Olimpiade Nasional Indonesia 10 bidang Bioilogi,426238672_1
426238672,2,Olimpiade (Lainnya),Nasional,Individu,PT OLimpiade Nasional Indonesia,2026,45,Peserta perlombaan Akademik Tingkat Nasional Olimpiade Tingkat Nasional Indonesia 10,426238672_2
426238672,3,Olimpiade Kimia,Nasional,Individu,OLIMNAS,2026,45,Peraih Medali Emas Perlombaan Akademik Tingkat Nasional Olimpiade Nasional Indonesia 10 bidang Kimia,426238672_3
426238722,1,Olimpiade (Lainnya),Nasional,Individu,OLIMPIADE NASIONAL INDONESIA 10,2026,45,peserta dalam perlombaan Akademik Tingkat Nasional,426238722_1
426238722,2,Olimpiade Biologi,Nasional,Individu,Olimpiade Nasional Indonesia 10,2026,45,peraih medali emas dalam perlombaan akademik tingkat nasional,426238722_2
426238722,3,Olimpiade Kimia,Nasional,Individu,OLIMPIADE NASIONAL INDONESIA,2026,45,Peraih medali emas dalam perlombaan akademik tingkat Nasional &#39;OLIMPIADE NASIONAL INDONESIA 10&#39;,426238722_3
426244455,1,Olimpiade Kimia,Nasional,Individu,Muda sains nasional yogyakarta,2025,45,Peraih Mendali emas,426244455_1
426244455,2,Olimpiade Biologi,Nasional,Individu,Sentral olimpiade yogyakarta,2025,45,Peraih mendali emas,426244455_2
426244455,3,Olimpiade (Lainnya),Nasional,Individu,Yaspresnas yogyakarta,2025,45,Peraih mendali perak,426244455_3
426245961,1,Olahraga,Kabupaten/Kota,Individu,Dinas pendidikan,2025,30,3,426245961_1
426246081,1,Drama/Sastra,Kabupaten/Kota,Berkelompok,Cabang dinas wilayah kabupaten Aceh Selatan,2025,20,Juara 2 debat bahasa Inggris,426246081_1
426248193,1,Olimpiade (Lainnya),Kabupaten/Kota,Berkelompok,IGI Kabupaten Aceh Tenggara,2025,25,Juara 2 pada ajang lomba Cerdas Cermat,426248193_1
426248193,2,Olimpiade (Lainnya),Kabupaten/Kota,Individu,SMA Negeri 1 Lawe Bulan,2024,35,Juara 2 kelas XI IPA 1 dari 24 siswa,426248193_2
426248193,3,Pramuka/Organisasi Ekstrakurikuler,Kabupaten/Kota,Individu,SMA Negeri 1 Lawe Bulan,2025,30,Sertifikat penghargaan sebagai pengurus inti OSIS,426248193_3
426248554,1,Olimpiade (Lainnya),Nasional,Individu,SMART STUDENT,2026,45,Peraih Medali Perak pada Kompetisi Olimpiade Siswa Nasional Bidang Bahasa Indonesia SMA,426248554_1
426250954,1,Olimpiade (Lainnya),Kabupaten/Kota,Individu,DINAS PENDIDIKAN KABUPATEN NAGAN RAYA,2025,35,JUARA III LOMBA MENULIS CERITA PENDEK,426250954_1
426251323,1,Olimpiade (Lainnya),Propinsi,Individu,Welding,2025,40,1 dari 16 perserta,426251323_1
426251323,2,Olimpiade (Lainnya),Nasional,Individu,LKSn Tingkat nasional,2025,45,9 dari 30 perserta,426251323_2
426252744,1,Seni Tari,Kabupaten/Kota,Berkelompok,Kota Subulussalam,2025,20,Penari Kolosal dalam Musabaqah Tilawatil Qur&#39;an Ke IX Kota Subulussalam,426252744_1
426252744,2,Pramuka/Organisasi Ekstrakurikuler,Kabupaten/Kota,Berkelompok,KODIM 0118 Kota Subulussalam,2023,20,LKBB TINGKAT SLTA SEDERAJAT,426252744_2
426252744,3,Pramuka/Organisasi Ekstrakurikuler,Kabupaten/Kota,Berkelompok,Camat Kecamatan Rundeng,2024,20,PASUKAN PENGIBAR BENDERA,426252744_3
426252897,1,Olimpiade Ilmu Kebumian,Kabupaten/Kota,Individu,Pusat prestasi Nasional (puspresnas),2025,35,Juara 3 olimpiade sains Nasional bidang kebumian tingkat kota sibolga 2025,426252897_1
426253440,1,Seni Tari,Kabupaten/Kota,Berkelompok,Kota Subulussalam,2025,20,Peserta Tari Kolosal MTQ Ke IX Kota Subulussalam,426253440_1
426253462,1,Olimpiade Geografi,Kabupaten/Kota,Individu,Kementrian Agama Republik Indonesia,2024,35,Sebagai Peserta Kompetisi Sains Madrasah Tahun 2024 Tingkat Kabupaten/ Kota,426253462_1
426254620,1,Seni Suara/Musik,Kabupaten/Kota,Berkelompok,SMA Negeri 1 Bawolato,2023,20,Sertifikat Kepesertaan Drum Band SMAN 1 Bawolato,426254620_1
426255231,1,Drama/Sastra,Kabupaten/Kota,Individu,SMA NEGERI 1 Bawolato,2025,30,English club,426255231_1
426255910,1,Pramuka/Organisasi Ekstrakurikuler,Kabupaten/Kota,Individu,PAI FAIR DPD AGPAII Aceh Jaya,2025,30,Juara 2 Pidato PAI Jenjang SMA/SMK Tingkat Kabupaten Aceh Jaya yang diselenggarakan oleh PAI FAIR DPD AGPAII Aceh Jaya,426255910_1
426255910,2,Olimpiade Geografi,Kabupaten/Kota,Individu,Pusat Prestasi Nasional (PUSPRESNAS),2024,35,Peserta Olimpiade Sains Nasional Tingkat Kabupaten Aceh Jaya yang diselenggarakan oleh Pusat Prestasi Nasional (PUSPRESNAS),426255910_2
426259557,1,Olimpiade (Lainnya),Propinsi,Individu,PT. Penerbit Erlangga,2025,40,Peraih nilai terbaik Try Out TKA Madrasah Aliyah Aceh 2025 bersama PT. Penerbit Erlangga,426259557_1
426259557,2,Pramuka/Organisasi Ekstrakurikuler,Kabupaten/Kota,Individu,Man 1 aceh barat,2025,30,Telah berhasil menyelesaikan setoran hafalan 1 juz dalam program kelas khusus tahfidzul qur&#39;an di madrasah aliyah Negeri 1 aceh barat,426259557_2
426259557,3,Penelitian,Kabupaten/Kota,Individu,UNIVERSITAS TEUKU UMAR,2025,30,has successfully completed the test of international english for academic ( TIEA ),426259557_3
426260428,1,Pramuka/Organisasi Ekstrakurikuler,Nasional,Individu,GENERASI CERDAS KREATIF BERMARTABAT INDONESIA,2024,40,GENERASI CERDAS TANPA NARKOBA,426260428_1
426260497,1,Olimpiade Matematika,Kabupaten/Kota,Individu,Cabang Dinas Pendidikan Wilayah Kabupaten Aceh Selatan,2024,35,Sebagai peserta pada KSN,426260497_1
426260497,2,Olimpiade Matematika,Kabupaten/Kota,Individu,Cabang Dinas Pendidikan Wilayah Kabupaten Aceh Selatan,2025,35,Sebagai peserta pada KSN,426260497_2
426262474,1,Olimpiade Matematika,Kabupaten/Kota,Individu,Kementerian Agama (Kemenag),2024,35,Olimpiade Sains Madrasah Aceh Bidang Matematika,426262474_1
426265175,1,Olimpiade (Lainnya),Kabupaten/Kota,Individu,Dinas Pendidikan Wilayah Kabupaten Aceh Barat,2025,35,Juara 3,426265175_1
426265999,1,Olahraga,Kabupaten/Kota,Berkelompok,Dusun ADB 1,2023,20,kompetensi bola mini hut pemuda dusun adb 1,426265999_1
426266590,1,Pramuka/Organisasi Ekstrakurikuler,Kabupaten/Kota,Individu,Komjen Pol. (Purn) Drs. Rudy Sufahriadi,2024,30,sertifikat Penghargaan,426266590_1
426266590,2,Pramuka/Organisasi Ekstrakurikuler,Kabupaten/Kota,Individu,"Abdurrani,S.Pd,.M.Pd",2025,30,Pramuka,426266590_2
426266590,3,Pramuka/Organisasi Ekstrakurikuler,Kabupaten/Kota,Individu,"Irwan, M.Si",2025,30,Paskibraka,426266590_3
426268286,1,Olimpiade (Lainnya),Nasional,Individu,"Kepala Badan Standar, Kurikulum, dan Asesmen",2025,45,Peserta TKA,426268286_1
426268286,2,Olimpiade Matematika,Nasional,Individu,Universitas Terbuka Aceh,2023,45,Peraih Medali Emas Pada Pusat Olimpiade Sains Indonesia (POSI),426268286_2
426270024,1,Pramuka/Organisasi Ekstrakurikuler,Kabupaten/Kota,Individu,SMA negeri 1 pasie raja,2023,30,Sertifikat Pramuka,426270024_1
426270427,1,Olahraga,Kabupaten/Kota,Individu,SMAN 2 KUALA,2024,30,Juara 2 Badminton,426270427_1
426270427,2,Seni Suara/Musik,Kabupaten/Kota,Individu,SMAN 1 BEUTONG,2023,30,Juara 1 Vocal Solo,426270427_2
426270427,3,Seni Suara/Musik,Kabupaten/Kota,Individu,SMAN 1 BEUTONG,2023,30,Juara 3 Tilawah,426270427_3
426272598,1,Pramuka/Organisasi Ekstrakurikuler,Kabupaten/Kota,Individu,Man 1 Aceh barat,2025,30,Tahfidz juz 2,426272598_1
426272598,2,Pramuka/Organisasi Ekstrakurikuler,Kabupaten/Kota,Individu,Man 1 ACEH BARAT,2025,30,Tahfidz juz 3,426272598_2
426272598,3,Pramuka/Organisasi Ekstrakurikuler,Kabupaten/Kota,Individu,MTSN 3 Aceh barat,2022,30,Rangking kelas juara 4,426272598_3
426274021,1,Seni Rupa/Lukis,Nasional,Individu,KOMUNITAS SENI RUPA SIGUNUNG,2024,40,PESERTA/TALENT PAMERAN KESENIAN DAN KEBUDAYAAN PAKPAK,426274021_1
426275446,1,Drama/Sastra,Propinsi,Individu,PUSPRESNAS (PUSAT PRESTASI NASIONAL),2025,35,JUARA 1 LOMBA FILM PENDEK TK KABUPATEN DAN FINALIS LOMBA FILM PENDEK TK PROVINSI SUMATERA UTARA,426275446_1
426275446,2,Drama/Sastra,Propinsi,Individu,PUSPRESNAS (PUSAT PRESTASI NASIONAL),2024,35,JUARA 1 LOMBA FILM PENDEK TK KABUPATEN DAN FINALIS LOMBA FILM PENDEK TK PROVINSI SUMATERA UTARA,426275446_2
426275446,3,Seni Rupa/Lukis,Nasional,Individu,Komunitas Seni Rupa Sigunung,2024,40,Peserta dan pengisi acara pameran kesenian Pakpak,426275446_3
426275493,1,Pramuka/Organisasi Ekstrakurikuler,Kabupaten/Kota,Berkelompok,Musabaqah Tilawatil qur&#39;an,2025,20,Harapan II,426275493_1
426277929,1,Seni Rupa/Lukis,Kabupaten/Kota,Individu,Cabang Dinas Pendidikan Wilayah Kabupaten Aceh Tenggara,2025,30,Juara II Festival Lomba Seni &amp; Sastra Siswa Nasional (FLS3N) Tingkat SMA Bidang Lomba DESAIN POSTER,426277929_1
426278470,1,Drama/Sastra,Kabupaten/Kota,Individu,Cabang Dinas Pendidikan Wilayah Kabupaten Aceh Tenggara,2025,30,Juara I Festival Lomba Seni &amp; Sastra Siswa Nasional (FLS3N) Tingkat SMA Bidang Lomba BACA PUISI,426278470_1
426282875,1,Pramuka/Organisasi Ekstrakurikuler,Propinsi,Berkelompok,KESBANGPOL ACEH,2024,25,perwakilan paskibraka tingkat provinsi aceh,426282875_1
426282875,2,Olimpiade Biologi,Nasional,Individu,Olimpiade Sains Quartal Indnesia 4.0,2024,45,juara mendali perak bidang biologi tingkat nasional,426282875_2
426282875,3,Olimpiade (Lainnya),Internasional,Individu,goethe,2024,50,mengikuti ujian bahasa jerman,426282875_3
426284380,1,Pramuka/Organisasi Ekstrakurikuler,Kabupaten/Kota,Individu,Pj.Bupati Aceh Timur,2024,30,paskibraka,426284380_1
426284380,2,Pramuka/Organisasi Ekstrakurikuler,Kabupaten/Kota,Individu,Badan Pembinaan Ideologi Pancasila (BPIP) Republik Indonesia,2024,30,purna BPIP,426284380_2
426285514,1,Drama/Sastra,Kabupaten/Kota,Individu,MAN 2 Aceh Barat,2024,30,Juara 3 lomba Cerpen Tema hari guru,426285514_1
426285514,2,Pramuka/Organisasi Ekstrakurikuler,Kabupaten/Kota,Individu,MAN 1 Aceh Barat,2024,30,Menyelesaikan Juz 30 dalam Program Tahfidz Khusus,426285514_2
426285514,3,Pramuka/Organisasi Ekstrakurikuler,Kabupaten/Kota,Individu,MAN 1 Aceh Barat,2025,30,Menyelesaikan Juz 1 dalam Program Tahfidz,426285514_3
426286125,1,Olahraga,Kabupaten/Kota,Berkelompok,Dispora Aceh,2024,20,medali perunggu pada ajang popda dari 11 kabupaten,426286125_1
426286774,1,Olimpiade Biologi,Nasional,Individu,puskanas,2025,45,juara 2 (250 peserta) lomba biologi online tingkat nasional yang diselenggarakan oleh puskanas,426286774_1
426286774,2,Olimpiade (Lainnya),Nasional,Individu,puskanas,2025,45,juara 1 (250 peserta) lomba kedokteran tingkat nasional yang diselenggarakan oleh puskanas,426286774_2
426286774,3,Olimpiade Biologi,Nasional,Individu,puskanas,2026,45,juara 3 (250 peserta) lomba biologi tingkat nasional yang diselenggarakan oleh puskanas,426286774_3
426291191,1,Olimpiade (Lainnya),Kabupaten/Kota,Berkelompok,Cabang dinas pendidikan wilayah kabupaten aceh selatan,2025,25,Juara 1,426291191_1
426291191,2,Olimpiade (Lainnya),Propinsi,Berkelompok,Dinas pendidikan aceh,2025,30,Landscape and gardening,426291191_2
426291191,3,Pramuka/Organisasi Ekstrakurikuler,Kabupaten/Kota,Berkelompok,Kwarcab aceh selatan,2024,20,Giat prestasi penegak,426291191_3
426305160,1,Olimpiade Ekonomi,Kabupaten/Kota,Individu,SMAN 3 Kuala,2025,35,Juara 1 olimpiade ekonomi tingkat sekolah,426305160_1
426306569,1,Olimpiade (Lainnya),Propinsi,Individu,Forum MGMP Bahasa Arab se-Indonesia.,2025,40,Peserta Olimpiade Bahasa Arab tingkat Provinsi Aceh yang diselenggarakan oleh Forum MGMP Bahasa Arab se-Indonesia.,426306569_1
426306569,2,Olimpiade (Lainnya),Kabupaten/Kota,Individu,Forum MGMP Bahasa Arab se-Indonesia.,2025,35,Peserta Olimpiade Bahasa Arab tingkat Provinsi Aceh yang diselenggarakan oleh Forum MGMP Bahasa Arab se-Indonesia.,426306569_2
426306569,3,Olimpiade (Lainnya),Kabupaten/Kota,Individu,Language Center of Universitas Teuku Umar,2025,35,"Peserta Olimpiade for Competency in English, Agro, and Marine Industry (OCEAN) yang diselenggarakan oleh Language Center of Universitas Teuku Umar.",426306569_3
426324056,1,Olimpiade Biologi,Nasional,Individu,"PT Akademi Indonesia, Lembaga Olimpiade Verified",2023,45,Meraih Medali Emas Mata Pelajaran Biologi tingkat Nasional,426324056_1
426324056,2,Seni Rupa/Lukis,Kabupaten/Kota,Individu,Cabang Dinas Pendidikan Wilayah Aceh Jaya,2024,30,Juara 2 FLS2N Cabang Kriya,426324056_2
426324056,3,Drama/Sastra,Kabupaten/Kota,Individu,Cabang Dinas Pendidikan Wilayah Aceh Jaya,2025,30,Juara 2 FLS3N Cabang Cerita Pendek,426324056_3
426327882,1,Olimpiade (Lainnya),Kabupaten/Kota,Berkelompok,Pesantren Bustanussa&#39;dah,2021,25,Syarhil Qur&#39;an,426327882_1
426328319,1,Pramuka/Organisasi Ekstrakurikuler,Kabupaten/Kota,Berkelompok,Kwartir cabang Aceh Selatan,2024,20,Kegiatan giat prestasi penegak gerakan Pramuka kwartir cabang Aceh Selatan,426328319_1
426328319,2,Pramuka/Organisasi Ekstrakurikuler,Kabupaten/Kota,Individu,Gugus depan SMA negeri 1 Pasie raja,2023,30,Peserta tamu ambalan,426328319_2
426330042,1,Olimpiade Biologi,Kabupaten/Kota,Individu,Kementerian Agama (Kemenag).,2025,35,Olimpiade Madrasah Indonesia (OMI) yang diselenggarakan oleh Kementerian Agama (Kemenag).,426330042_1
426330042,2,Olimpiade Biologi,Kabupaten/Kota,Individu,Kemenag Provinsi Aceh,2025,35,Olimpiade Sains Madrasah Aceh Bidang BIOLOGI MA,426330042_2
426330042,3,Olimpiade Komputer,Kabupaten/Kota,Berkelompok,Universitas Teuku Umar,2025,25,"Juara 1 3rd Virtual Engineering, Science and Technology Innovation Competition (VESTIC 2025) Kategori Desain Toko Online Universitas Teuku Umar",426330042_3
426332163,1,Olimpiade Fisika,Nasional,Individu,Platform Edukasi Belajar Info Webinar,2026,45,Olimpiade Fisika Tingkat Nasional,426332163_1
426332269,1,Olimpiade (Lainnya),Kabupaten/Kota,Individu,Dinas pendidikan wilayah Aceh selatan,2024,35,Juara 3 ikut serta lomba lks atau welding tingkat kabupaten,426332269_1
426334384,1,Olimpiade Ekonomi,Propinsi,Individu,Kementerian Agama (Kemenag),2025,40,Olimpiade Madrasah Indonesia (OMI) yang diselenggarakan oleh Kementerian Agama (Kemenag),426334384_1
426334384,2,Olimpiade Ekonomi,Kabupaten/Kota,Individu,Kemenag Provinsi Aceh,2025,35,Olimpiade Sains Madrasah Aceh Bidang Ekonomi MA,426334384_2
426334384,3,Olimpiade Komputer,Kabupaten/Kota,Berkelompok,Universitas Teuku Umar,2025,25,"Juara 1 3rd Virtual Engineering, Science and Technology Innovation Competition (VESTIC 2025) Kategori Desain Toko Online Universitas Teuku Umar",426334384_3
426334399,1,Olimpiade Kimia,Propinsi,Individu,KANTOR KEMENTERIAN AGAMA PROVINSI ACEH,2025,40,PERAIH MEDALI PERUNGGU OLIMPIADE SAINS MADRASAH ACEH,426334399_1
426334399,2,Olimpiade Biologi,Propinsi,Individu,YAYASAN MANAF NURIS BERSAMA MELALUI BIMBEL PAKMANAFF.MY.ID,2024,40,PREDIKAT FINALIS OLIMPIADE SAINS PAK MANAFF,426334399_2
426335248,1,Seni Rupa/Lukis,Kabupaten/Kota,Individu,DINAS PENDIDIKAN KABUPATEN NAGAN RAYA,2025,30,JUARA II LOMBA KRIYA ( FLS3N) TINGKAT SMA,426335248_1
426335427,1,Olimpiade Biologi,Propinsi,Individu,Pendidikan generasi berprestasi,2025,40,Peringkat Peraih mendali perak dari 935,426335427_1
426336101,1,Olimpiade Ekonomi,Propinsi,Individu,KANTOR KEMENTERIAN AGAMA PROVINSI ACEH,2025,40,PREDIKAT FINALIS OLIMPIADE SAINS MADRASAH ACEG,426336101_1
426336101,2,Olimpiade Geografi,Propinsi,Individu,PENDIDIKAN GENERASI BERPRESTASI,2024,40,GEOGRAFI TERINTEGRASI SISWA,426336101_2
426336101,3,Olimpiade Geografi,Nasional,Individu,YAYASAN MANAF NURIS BERSAMA MELALUIBIMBEL PAKMANAFF.MY.ID,2024,45,PERAIH MEDALI PERAK OLIMPIADE SAINS PAKMANAFF,426336101_3
426337383,1,Olahraga,Propinsi,Berkelompok,Dispora Aceh,2024,25,Juara 3 Popda Provinsi Aceh,426337383_1
426338414,1,Olimpiade (Lainnya),Nasional,Individu,LKP ASTIKOM &amp; Deehati Global Loop,2025,45,sebagai peserta lomba GARUDA SCIENCE OLYMPIAD yang diselenggarakan oleh LPJ ASTIKOM &amp; Deehati Global Loop,426338414_1
426338414,2,Olimpiade (Lainnya),Nasional,Individu,Pusat Kejuaraan Nasional naungan yayasan Berlian Hati Mulia,2025,45,sebagai peserta aktif pada olimpiade sains (AKSI) yang diselenggarakan oleh Pusat Kejuaraan Nasional,426338414_2
426339065,1,Olahraga,Kabupaten/Kota,Berkelompok,Dispora Aceh,2025,20,Prapora Kabupaten Nagan Raya Tahun 2025,426339065_1
426341291,1,Seni Tari,Kabupaten/Kota,Berkelompok,Pusat Prestasi Nasional (PUSPRESNAS),2025,20,Juara 1 Lomba Tari Kreasi Festival Lomba Seni dan Sastra Siswa Nasional (FLS3N) Jenjang SMA/SMK Tingkat Kabupaten Aceh Jaya yang diselenggarakan oleh Pusat Prestasi Nasional (PUSPRESNAS),426341291_1
426341291,2,Seni Rupa/Lukis,Kabupaten/Kota,Individu,Pusat Prestasi Nasional (PUSPRESNAS),2024,30,Juara 2 Lomba Desain Poster Festival Lomba Seni Siswa Nasional (FLS2N) Jenjang SMA/SMK Tingkat Kabupaten Aceh Jaya yang diselenggarakan oleh Pusat Prestasi Nasional (PUSPRESNAS),426341291_2
426341291,3,Seni Tari,Propinsi,Berkelompok,Pusat Prestasi Nasional (PUSPRESNAS),2025,25,Peserta Lomba Tari Kreasi Festival Lomba Seni dan Sastra Siswa Nasional (FLS3N) Jenjang SMA/SMK Tingkat Provinsi Aceh yang diselenggarakan oleh Pusat Prestasi Nasional (PUSPRESNAS),426341291_3
426341608,1,Seni Tari,Kabupaten/Kota,Berkelompok,FLS3N,2025,20,Juara 2 (dari 14 peserta) Lomba tari kreasi,426341608_1
426341810,1,Pramuka/Organisasi Ekstrakurikuler,Kabupaten/Kota,Individu,pengurusan organisasi OSIS sekolah SMA negeri 1 gunung meriah kabupaten Aceh Singkil Periode 2023/2024,2024,30,Menjabat sebagai wakil ketua OSIS 2 SMA negri 1 gunung meriah kabupaten Aceh Singkil pada periode 2023/2024,426341810_1
426342593,1,Penelitian,Propinsi,Berkelompok,Cabang dinas pendidikan,2025,25,Juara 3(dari 15 sekolah) Lomba penelitian Ilmiah remaja (LPIR),426342593_1
426342618,1,Penelitian,Propinsi,Berkelompok,DINAS PENDIDIKAN,2025,25,juara 3( dari 15 sekolah),426342618_1
426344828,1,Olimpiade Ekonomi,Kabupaten/Kota,Individu,Kementerian Agama,2025,35,Peserta Olimpiade Ekonomi MA tingkat Kabupaten (OMI),426344828_1
426345064,1,Pramuka/Organisasi Ekstrakurikuler,Kabupaten/Kota,Individu,"Ahmad Sadikin Usbi, S.Pd.I.",2024,30,Sertfikat porestasi,426345064_1
426345555,1,Olimpiade (Lainnya),Kabupaten/Kota,Individu,Dinas pendidikan dayah aceh,2022,35,pelatihan kaligrafi untuk santri dayah se kabupaten aceh tamiang yg diselenggarakan oleh dinas pendidikan dayah aceh,426345555_1
426345555,2,Olimpiade (Lainnya),Kabupaten/Kota,Individu,MAHARA IAIN LANGSA,2025,35,juara harapan 3 baca puisi bahasa arab,426345555_2
426345555,3,Olimpiade (Lainnya),Kabupaten/Kota,Berkelompok,KANTOR KEMENTRIAN AGAMA KABUPATEN ACEH TAMIANG,2025,25,juara harapan 3 pada MTQ kemenag II cabang syarhil quran jenjangbmadrasah aliyah kabupaten aceh tamiang,426345555_3
426346019,1,Olimpiade (Lainnya),Kabupaten/Kota,Individu,SMA NEGERI 1 KETAMBE,2025,35,Juara 3,426346019_1
426346019,2,Olimpiade (Lainnya),Kabupaten/Kota,Individu,SMA NEGERI 1 KETAMBE,2024,35,Juara 3,426346019_2
426346307,1,Olimpiade Fisika,Nasional,Individu,Pusat Kejuaraan Pelajar Nusantara,2025,45,Berhasil mendapatkan medali perak dari peserta seprovinsi dalam lomba Kejuaraan Sains dan Bahasa tingkat nasional yang diselenggarakan oleh &#34;PUSKANTARA&#34; pada tahun 2025,426346307_1
426346307,2,Olimpiade Fisika,Nasional,Individu,Generasi Maju Indonesia,2025,45,Mendapatkan sertifikat peserta tetapi bagi saya sertifikat tersebut bisa menjadi pengalaman bagi saya,426346307_2
426346307,3,Olimpiade Matematika,Nasional,Individu,Pusat Kejuaraan Pelajar Nusantara,2025,45,Mendapatkan Sertifikat Peserta Sudah Menjadi Pengalaman Bagi Saya Untuk Melangkah Lebih Maju,426346307_3
426347281,1,Olimpiade (Lainnya),Internasional,Individu,Education Expo International Level Test Institution,2025,50,saya pernah mengikuti dan menjadi peserta olimpiade yang di selenggarakan oleh Education Expo International Level Test Institution,426347281_1
426348441,1,Olahraga,Kabupaten/Kota,Berkelompok,Hikmasi cup 3,2026,20,Juara 3,426348441_1
426348464,1,Pramuka/Organisasi Ekstrakurikuler,Kabupaten/Kota,Berkelompok,kesbangpol aceh barat,2024,20,paskibraka tingkat kabupaten aceh barat tahun 2024,426348464_1
426348464,2,Olimpiade (Lainnya),Kabupaten/Kota,Individu,SMKN 1 meulaboh,2025,35,"rangking 3, di kelas 12, semester 2",426348464_2
426348605,1,Pramuka/Organisasi Ekstrakurikuler,Kabupaten/Kota,Individu,"Ahmad Sadikin Usbi, S.Pd.I.",2023,30,Sertfikat porestasi,426348605_1
426349620,1,Olimpiade Matematika,Kabupaten/Kota,Individu,"FAKULTAS TEKNIK SIPIL, UNIVERSITAS TEUKU UMAR",2024,35,LOMBA BERHITUNG FAKULTAS TEKNIK,426349620_1
426349620,2,Olimpiade Fisika,Kabupaten/Kota,Individu,"FAKULTAS TEKNIK SIPIL, UNIVERSITAS TEUKU UMAR",2025,35,OFIKA BIDANG FISIKA CRANE KE 8 Th,426349620_2
426350383,1,Olimpiade (Lainnya),Nasional,Individu,Puskanas,2026,45,Medali perak olimpiade bahasa inggris OSSAN (olimpiade sains siswa nasional),426350383_1
426350383,2,Olimpiade (Lainnya),Kabupaten/Kota,Individu,Universitas Teuku Umar,2025,35,Top 10 highest score as a participant in OCEAN 2025,426350383_2
426350383,3,Pramuka/Organisasi Ekstrakurikuler,Kabupaten/Kota,Berkelompok,Dayah Ruhul Qurani,2024,20,Anggota departemen bahasa organisasi santri dayah (OSDA),426350383_3
426351561,1,Drama/Sastra,Kabupaten/Kota,Individu,MAN 2 Aceh Barat,2024,30,Juara 1 dalam Perlombaan Menulis Cerpen tingkat SMA/SMK/MA sederajat yang diselenggarakan oleh MAN 2 Aceh Barat,426351561_1
426351561,2,Olimpiade Biologi,Propinsi,Individu,Yayasan Pakmanaff bekerja sama dengan Kanwil Kemenag Aceh.,2026,40,Berhasil meraih predikat Finalis dalam Kompetisi Sains Terintegrasi (KST) Bidang Biologi tingkat Provinsi yang disahkan oleh Kanwil Kemenag Aceh,426351561_2
426351561,3,Olimpiade (Lainnya),Kabupaten/Kota,Individu,Universitas Teuku Umar Meulaboh Aceh Barat,2025,35,"Juara Harapan 2 Olympiad for Competency in English, Agro and Marine Industry (OCEAN) 2025 yang diselenggarakan oleh Universitas Teuku Umar",426351561_3
426352214,1,Olimpiade Fisika,Kabupaten/Kota,Individu,Universitas Teuku Umar ( UTU ) Fakultas Teknik,2025,35,Peserta dalam kegiatan OFIKA Bidang Fisika CRANE ke-8Th yang diselenggarakan oleh Universitas Teuku Umar ( UTU ),426352214_1
426352292,1,Olahraga,Kabupaten/Kota,Individu,SMA Hidayatullah Kota Subulussalam,2024,30,Juara I Turnamen Bulutangkis (Tunggal Putri),426352292_1
426354498,1,Olahraga,Kabupaten/Kota,Berkelompok,Kesbangpol,2024,20,"kegiatan ekstrakurikuler sekolah yang melatih siswa baris-berbaris, disiplin, kepemimpinan, dan patriotisme melalui tugas mengibarkan bendera pada upacara sekolah",426354498_1
426360027,1,Pramuka/Organisasi Ekstrakurikuler,Propinsi,Berkelompok,gerakan pramuka kwartir daerah aceh,2023,25,Lomba tingkat regu pramuka penggalang IV kwarda aceh tahun 2023 di bumi perkemahan hutan langsa,426360027_1
426360027,2,Olimpiade Matematika,Kabupaten/Kota,Individu,Kemenag Aceh Selatan,2021,35,Juara 1 bidang studi matematika integritas,426360027_2
426360027,3,Olimpiade (Lainnya),Propinsi,Individu,Kementrian Agama provinsi aceh,2025,40,juara predikat finalis,426360027_3
426368046,1,Olimpiade (Lainnya),Kabupaten/Kota,Individu,MAS Tunas Ulama Ma&#39;had Al Abqary,2026,35,sertifikat capaian hafalan,426368046_1
426368046,2,Olimpiade (Lainnya),Nasional,Individu,kementerian pendidikan dasar dan menengah republik indonesia,2026,45,Sertifikat TKA,426368046_2
426368046,3,Pramuka/Organisasi Ekstrakurikuler,Kabupaten/Kota,Individu,MAS Tunas Ulama Ma&#39;had Al Abqary,2026,30,Sertifikat Keorganisasian,426368046_3
426375455,1,Drama/Sastra,Kabupaten/Kota,Individu,Cabang Dinas Pendidikan Wilayah Kabupaten Aceh Barat Daya,2025,30,Juara 2 Festival lomba seni &amp; Sastra Siswa Nasional (FLS3N) Tingkat SMA Bidang Lomba Baca Puisi,426375455_1
426375455,2,Drama/Sastra,Kabupaten/Kota,Individu,Cabang Dinas Pendidikan Wilayah Kabupaten Aceh Barat Daya,2025,30,Juara 2 Festival lomba seni &amp; Sastra Siswa Nasional (FLS3N) Tingkat SMA Bidang Lomba Kriya,426375455_2
426375455,3,Drama/Sastra,Kabupaten/Kota,Individu,Cabang Dinas Pendidikan Wilayah Kabupaten Aceh Barat Daya,2024,30,Juara 2 Festival lomba seni &amp; Sastra Siswa Nasional (FLS3N) Tingkat SMA Bidang Lomba Baca Puisi,426375455_3
426378096,1,Olimpiade Komputer,Propinsi,Individu,Dinas Pendidikan Aceh,2025,40,Peserta lomba kompetensi siswa (LKS) tingkat provinsi bidang IT Software Solution For Business yang diselenggarakan oleh Dinas Pendidikan Aceh di Meulaboh dengan jumlah peserta sebanyak 14 dari 14 kabupaten diselenggarakan pada tanggal 14-17 Juni 2025 sebagai perwakilan kabupaten Nagan Raya,426378096_1
426378096,2,Drama/Sastra,Kabupaten/Kota,Individu,Cabang Dinas Pendidikan Wilayah Kabupaten Nagan Raya,2025,30,Berhasil menjadi juara 1 dari 4 peserta dalam lomba cipta puisi di tingkat kabupaten yang diselenggarakan oleh cabang dinas pendidikan wilayah kabupaten Nagan Raya tanggal 23 Mei 2025,426378096_2
426378096,3,Olimpiade (Lainnya),Kabupaten/Kota,Berkelompok,Cabang Dinas Pendidikan Wilayah Kabupaten Nagan Raya,2024,25,Berhasil menjadi juara harapan 1 dari 20 peserta dalam lomba Duta Pelajar Sadar Hukum di tingkat kabupaten yang diselenggarakan oleh Cabang Dinas Pendidikan Wilayah Kabupaten Nagan Raya pada tanggal 21 November 2024,426378096_3
426388863,1,Olimpiade (Lainnya),Nasional,Individu,Badan Pengembangan dan Pembinaan Bahasa,2025,45,Uji Kemahiran Berbahasa Indonesia,426388863_1
426389029,1,Olimpiade (Lainnya),Kabupaten/Kota,Individu,Sekolah SMA N 2 KUALA,2025,35,peringkat 1 dalam proses pembelajaran akademik,426389029_1
426391028,1,Drama/Sastra,Kabupaten/Kota,Individu,Cabang Dinas Pendidikan Wilayah Aceh Selatan,2025,30,Juara 2 FLS3N bidang lomba Cipta Puisi,426391028_1
426391544,1,Drama/Sastra,Kabupaten/Kota,Berkelompok,Cabang Dinas Pendidikan Wilayah Aceh Selatan,2024,20,Juara 1 FLS2N bidang lomba Film Pendek,426391544_1
426391544,2,Seni Rupa/Lukis,Kabupaten/Kota,Individu,Dinas Pendidikan Provinsi Aceh Selatan,2025,30,Juara 2 FLS3N bidang lomba Fotografi,426391544_2
426391544,3,Pramuka/Organisasi Ekstrakurikuler,Kabupaten/Kota,Berkelompok,Kesbangpol Kabupaten Aceh Selatan,2024,20,Pendidikan dan Pelatihan PASKIBRAKA,426391544_3
426391938,1,Drama/Sastra,Kabupaten/Kota,Berkelompok,Cabang Dinas Pendidikan Wilayah Aceh Selatan,2025,20,Juara 3 FLS3N cabang lomba Film Pendek,426391938_1
426393415,1,Olimpiade (Lainnya),Kabupaten/Kota,Individu,SMA Negeri 1 Lawe Bulan,2024,35,Juara 1 kelas X IPA 2 dari 25 siswa,426393415_1
426393415,2,Olimpiade (Lainnya),Kabupaten/Kota,Individu,SMA Negeri 1 Lawe Bulan,2023,35,Juara 3 kelas X IPA 2 semester Ganjil,426393415_2
426393415,3,Pramuka/Organisasi Ekstrakurikuler,Kabupaten/Kota,Individu,Pemerintah Kabupaten Aceh Tenggara,2024,30,Sertifikat penghargaan sebagai PASKIBRAKA Kabupaten Aceh Tenggara,426393415_3
426395341,1,Olimpiade Ekonomi,Propinsi,Individu,kantor wilayah kemenag Aceh,2026,40,Meraih predikat finalis pada cabang lomba kompetensi sains Terintegrasi bidang ekonomi,426395341_1
426395523,1,Seni Suara/Musik,Kabupaten/Kota,Individu,Aceh barat daya,2025,30,Juara 1 ( dari 20 peserta),426395523_1
426395523,2,Seni Suara/Musik,Kabupaten/Kota,Individu,Aceh barat daya,2023,30,Juara 1 ( dari 21 peserta),426395523_2
426395523,3,Seni Suara/Musik,Propinsi,Individu,Aceh,2025,35,Peserta fls3n provinsi ( dari beberapa kabupaten),426395523_3
426396672,1,Olimpiade Biologi,Propinsi,Individu,kantor wilayah kemenag Aceh,2026,40,Meraih predikat finalis pada cabang lomba kompetensi sains Terintegrasi bidang biologi,426396672_1
426397039,1,Olimpiade (Lainnya),Kabupaten/Kota,Individu,Direktorat Jendral Pendidikan Islam Kementerian Agama Indonesia,2022,35,Juara II Kompetisi Sais Madrasah Tahun 2022 Bidang Studi IPS Terpadu Terintegrasi Jenjang MTsN Tingkat Kabupaten,426397039_1
426397039,2,Olimpiade Geografi,Kabupaten/Kota,Individu,Direktorat Jendral Pendidikan Islam Kementerian Agama Indonesia,2025,35,Peserta Olimpiade Giografi MA Tahun 2025 Tingkat Kabupaten,426397039_2
426397159,1,Pramuka/Organisasi Ekstrakurikuler,Kabupaten/Kota,Berkelompok,Pemerintah Kota Prabumulih,2024,20,JUARA HARAPAN 2 DARI 20 PESERTA,426397159_1
426397159,2,Pramuka/Organisasi Ekstrakurikuler,Kabupaten/Kota,Berkelompok,Pemerintah Kota Prabumulih,2025,20,JUARA HARAPAN 3 DARI 20 PESERTA,426397159_2
426397819,1,Olimpiade (Lainnya),Kabupaten/Kota,Berkelompok,STAI darul hikmah,2023,25,Harapan,426397819_1
426398624,1,Olimpiade (Lainnya),Kabupaten/Kota,Individu,dinas pendidikan dan kebudayaan smpn 4 kuala,2023,35,juara 2,426398624_1
426398624,2,Olimpiade (Lainnya),Kabupaten/Kota,Individu,dinas pendidikan dan kebudayaan smpn 4 kuala,2021,35,juara 1,426398624_2
426398624,3,Olimpiade (Lainnya),Kabupaten/Kota,Berkelompok,STAI darul hikmah,2023,25,juara 3,426398624_3
426398831,1,Olimpiade Kimia,Propinsi,Individu,seaceh,2025,40,juara 3 (250 anggota),426398831_1
426398831,2,Seni Suara/Musik,Kabupaten/Kota,Individu,Aceh barat,2024,30,juara 3 dari (35 anggota),426398831_2
426398831,3,Seni Suara/Musik,Kabupaten/Kota,Individu,Aceh bart,2021,30,juara 2 dari (70 anggota),426398831_3
426402189,1,Olimpiade (Lainnya),Propinsi,Berkelompok,Dr. Toni toharudin MS.c,2023,30,Sertifikat akritidasi,426402189_1
426404608,1,Pramuka/Organisasi Ekstrakurikuler,Kabupaten/Kota,Individu,SMK SWASTA SAHATA,2025,30,"Sekretaris Umum OSIS SMK SWASTA SAHATA P.SIANTAR Periode 2025/2026,selalu bertanggung jawab dalam menyiapkan program kerja dan selalu berhasil menyiapkan pengarsipan surat dan dokumen kegiatan sekolah,dan juga bertanggung jawab untuk menyusun setiap laporan kegiatan yang dilakukan di SMK SWASTA SAHATA.",426404608_1
426404608,2,Pramuka/Organisasi Ekstrakurikuler,Kabupaten/Kota,Individu,SMK SWASTA SAHATA,2025,30,"Sebagai apresiasi atas partisipasi aktif,semangat belajar,dan sikap positif selama mengikuti kegiatan LATIHAN DASAR KEPEMIMPINAN (LDK)",426404608_2
426404608,3,Olimpiade (Lainnya),Nasional,Individu,PT. SETIA SEJAHTERA DIGITAL,2026,45,Sebagai peserta telah mengikuti dan menyelesaikan pelatihan berbasis standar kompetensi kerja nasional indonesia,426404608_3
426406525,1,Olimpiade Ekonomi,Kabupaten/Kota,Individu,Fakultas Ekonomi dan Bisnis UNIVERSITAS SYIAH KUALA,2024,35,Juara 3 Olimpiade Ekonomi,426406525_1
426406525,2,Pramuka/Organisasi Ekstrakurikuler,Kabupaten/Kota,Individu,SAKA POM,2023,30,Uji SKK Pramuka Penegak,426406525_2
426406525,3,Olimpiade (Lainnya),Kabupaten/Kota,Individu,UPA BAHASA UNIVERSITAS TEUKU UMAR,2025,35,Mengikuti Olympiad for Competency in English,426406525_3
426407229,1,Olimpiade (Lainnya),Kabupaten/Kota,Individu,Kementrian Agama Kota Subulussalam,2022,35,Partisipasi sebagai peserta Kompetensi Sains Madrasah (KSM),426407229_1
426407229,2,Olimpiade (Lainnya),Kabupaten/Kota,Individu,Kemenag Kota Subulussalam,2022,35,Sebagai Peserta Kompetisi Sains Madrasah,426407229_2
426407229,3,Olimpiade (Lainnya),Kabupaten/Kota,Individu,Ponpes Hidayatullah Kota Subulussalam,2023,35,Harapan 1 Lomba Alfiah Putri,426407229_3
426407929,1,Olimpiade (Lainnya),Kabupaten/Kota,Individu,Dinas syariat islam dan pendidikan dayah kabupaten aceh singkil,2022,35,Juara 2 putri Lomba Tauhid tingkat Ula,426407929_1
426408005,1,Olimpiade (Lainnya),Kabupaten/Kota,Individu,Dinas syariat islam dan pendidikan dayah kabupaten aceh singkil,2024,35,Juara 3 putri Marhalah ulya cabang nahwu,426408005_1
426408182,1,Olimpiade (Lainnya),Kabupaten/Kota,Individu,MTQ Kecamatan manduamas Kabupaten Tapanuli tengah,2023,35,Juara 1 Bidang Hifzul Qur&#39;an (Putri),426408182_1
426409073,1,Olimpiade (Lainnya),Kabupaten/Kota,Individu,LPTQ Sultan Daulat,2025,35,Peserta pada Musabaqah Tilawatil Qur&#39;an (MTQ) ke II,426409073_1
426409073,2,Olimpiade (Lainnya),Kabupaten/Kota,Berkelompok,Ponpes Hidayatullah Kota Subulussalam,2023,25,Juara 2 Lomba Fahmil Wustho Putri,426409073_2
426409696,1,Olimpiade (Lainnya),Propinsi,Berkelompok,Dinas Pendidikan Aceh,2025,30,Juara 3 Lomba Kompetensi Siswa (LKS) tingkat provinsi Aceh yang di selenggarakan oleh Dinas Pendidikan Aceh di Meulaboh,426409696_1
426412823,1,Olimpiade (Lainnya),Propinsi,Individu,Dinas Pendidikan Aceh,2025,40,Peserta Lomba Kompetensi Siswa (LKS) SMK Tingkat Provinsi Aceh di Meulaboh tahun 2025,426412823_1
426416260,1,Olimpiade Fisika,Kabupaten/Kota,Individu,KEMENAG,2024,35,juara 2,426416260_1
426416260,2,Olimpiade Fisika,Kabupaten/Kota,Individu,KEMENAG,2025,35,juara 3,426416260_2
426418237,1,Pramuka/Organisasi Ekstrakurikuler,Kabupaten/Kota,Individu,Camat,2025,30,Anggota paskbibraka,426418237_1
426418237,2,Olimpiade (Lainnya),Kabupaten/Kota,Individu,SMAN 1 kaway XVI,2023,35,Juara kelas,426418237_2
426420761,1,Drama/Sastra,Kabupaten/Kota,Individu,cabang dinas pendidikan Aceh Barat,2025,30,juara 3 (dari 4 peserta) lomba fotografi fls3n,426420761_1
426420761,2,Olimpiade (Lainnya),Kabupaten/Kota,Berkelompok,kantor camat kaway XVI,2025,25,paskibraka,426420761_2
426420761,3,Pramuka/Organisasi Ekstrakurikuler,Kabupaten/Kota,Berkelompok,stain di rundeng,2024,20,Pramuka,426420761_3
426421134,1,Seni Suara/Musik,Kabupaten/Kota,Individu,RIAT,2020,30,Peserta Daurah Tahsin dan Tahfidz Al-Quran,426421134_1
426421134,2,Seni Suara/Musik,Kabupaten/Kota,Individu,RIAT,2021,30,Peserta Daurah Tahsin dan Tahfidz Al-Quran,426421134_2
426421927,1,Seni Suara/Musik,Kabupaten/Kota,Individu,RIAT,2020,30,Peserta Daurah Tahsin dan Tahfidz Al-Quran,426421927_1
426421927,2,Seni Suara/Musik,Kabupaten/Kota,Individu,RIAT,2021,30,Peserta Daurah Tahsin dan Tahfidz Al-Quran,426421927_2
426422785,1,Olahraga,Kabupaten/Kota,Berkelompok,kemenpora,2024,20,juara 1 vollyball putra,426422785_1
426423388,1,Pramuka/Organisasi Ekstrakurikuler,Kabupaten/Kota,Berkelompok,Saka Bhayangkara Polsek Bubon,2023,20,Peserta Perkemahan Saka Bhayangkara di Kecamatan Bubon yang dilaksanakan pada tanggal 24–27 Juni 2023.,426423388_1
426424063,1,Seni Tari,Kabupaten/Kota,Berkelompok,Kepala cabang dinas pendidikan aceh barat,2024,20,Juara 1 lomba tari kreasi,426424063_1
426424335,1,Olimpiade (Lainnya),Kabupaten/Kota,Individu,Cabang Dinas Pendidikan Wilayah Kota Subulusalam dan Aceh Singkil,2025,35,Juara 2 LKS,426424335_1
426435369,1,Olimpiade Fisika,Kabupaten/Kota,Individu,diselenggarakan oleh Himpunan Mahasiswa Teknik Sipil Fakultas Teknik Universitas Teuku Umar.,2025,35,"Peserta Olimpiade Fisika dan Matematika se-Barsela dalam kegiatan Civil Race and Exhibition ke-7 yang diselenggarakan oleh Himpunan Mahasiswa Teknik Sipil Fakultas Teknik Universitas Teuku Umar, periode 2024–2025, dilaksanakan pada September 2024 di Meulaboh.",426435369_1
426435369,2,Drama/Sastra,Kabupaten/Kota,Individu,diselenggarakan oleh Badan Reintegrasi Aceh bekerja sama dengan Koalisi NGO HAM dan Program Studi Ilmu Administrasi Negara FISIP UIN Ar-Raniry.,2025,30,"Peserta Lomba Menulis Opini dalam rangka 20 Tahun Peringatan Hari Damai Aceh dengan tema “Sumbangsih Gen Z dan Gen Alpha dalam Merawat Perdamaian Aceh” yang diselenggarakan oleh Badan Reintegrasi Aceh bekerja sama dengan Koalisi NGO HAM dan Program Studi Ilmu Administrasi Negara FISIP UIN Ar-Raniry, dilaksanakan pada Agustus 2025 di Banda Aceh.",426435369_2
426435369,3,Olimpiade (Lainnya),Kabupaten/Kota,Individu,"diselenggarakan oleh Pusat Prestasi Nasional Kementerian Pendidikan, Kebudayaan, Riset, dan Teknologi Republik Indonesia.",2025,35,"Peserta Olimpiade Sains Nasional (OSN) Bidang Biologi tingkat Kabupaten Aceh Barat jenjang SMA Tahun 2025 yang diselenggarakan oleh Pusat Prestasi Nasional Kementerian Pendidikan, Kebudayaan, Riset, dan Teknologi Republik Indonesia, dilaksanakan pada Juni 2025 di Banda Layung.",426435369_3
426436325,1,Olimpiade (Lainnya),Kabupaten/Kota,Individu,Pesantren Darul aitami,2024,35,Juara 3 dari satu pesantren,426436325_1
426436325,2,Olimpiade (Lainnya),Kabupaten/Kota,Individu,Pesantren Darul aitami,2025,35,Juara 3 dari 50 peserta,426436325_2
426438900,1,Olimpiade (Lainnya),Kabupaten/Kota,Berkelompok,SMA NEGERI 3 SIMBAR,2025,25,Menjadi anggota dalam tim safari ramdhan,426438900_1
426447862,1,Olimpiade Biologi,Kabupaten/Kota,Individu,Kementerian Agama,2025,35,Peserta Olimpiade Madrasah Indonesia (OMI) Tahun 2025 tingkat Kota Subulussalam yang diselenggarakan oleh Kementerian Agama,426447862_1
426449003,1,Olimpiade (Lainnya),Nasional,Individu,Jenius competition,2026,45,Juara 1 tingkat nasional,426449003_1
426449003,2,Olimpiade (Lainnya),Nasional,Individu,Jenius competition,2026,45,Juara 2 tingkat nasional,426449003_2
426449003,3,Olimpiade (Lainnya),Nasional,Individu,Jenius competition,2026,45,Peraih mendali emas,426449003_3
426449491,1,Olahraga,Propinsi,Berkelompok,Dispora aceh,2025,25,Juara 2 beregu pra pora panahan,426449491_1
426457824,1,Olahraga,Propinsi,Berkelompok,PEMERINTAH ACEH,2024,25,Peserta POPDA Aceh XVII Tahun 2024,426457824_1
426458207,1,Pramuka/Organisasi Ekstrakurikuler,Kabupaten/Kota,Individu,MUSPIKA Kecamatan Labuhan Haji Timur,2024,30,Pasukan PASKBRA Kecamatan Labuhan Haji Timur,426458207_1
426466580,1,Olimpiade Biologi,Kabupaten/Kota,Individu,Kanwil Kementerian Agama Prov. Aceh,2025,35,Peraih Medali Perunggu pada cabang lomba Olimpiade Sains Madrasah Aceh (OSMA) Bidang Biologi MA,426466580_1
426466580,2,Pramuka/Organisasi Ekstrakurikuler,Kabupaten/Kota,Berkelompok,pemerintah aceh,2024,20,Lomba persami pada kegiatan perkemahan,426466580_2
426469160,1,Olimpiade (Lainnya),Nasional,Individu,Olimpiade sains Nusantara jenius,2026,45,Peraih medali emas tingkat nasional,426469160_1
426469446,1,Pramuka/Organisasi Ekstrakurikuler,Kabupaten/Kota,Berkelompok,Kodim 0118,2023,20,Lomba Baris berbaris kodim 0118,426469446_1
426469446,2,Seni Tari,Kabupaten/Kota,Berkelompok,Cabang dinas Pendidikan Kota Subulussalam,2025,20,Lomba tari kreasi,426469446_2
426469446,3,Pramuka/Organisasi Ekstrakurikuler,Kabupaten/Kota,Berkelompok,Kwarcab Kota Subulussalam,2023,20,Lomba Kepramukaan,426469446_3
426469526,1,Olimpiade (Lainnya),Nasional,Individu,Posi,2026,45,Juara 1 tingkat nasional,426469526_1
426469526,2,Olimpiade Matematika,Nasional,Individu,Posi,2026,45,Peraih medali emas,426469526_2
426469526,3,Pramuka/Organisasi Ekstrakurikuler,Kabupaten/Kota,Berkelompok,Nusantara baru Indonesia maju,2024,20,Menjadi pasukan pengibar bendera (paskibra),426469526_3
426469924,2,Olimpiade (Lainnya),Kabupaten/Kota,Berkelompok,Cabang Dinas Pendidikan Aceh Barat,2023,25,juara 3 dari 20 peserta,426469924_2
426469924,3,Drama/Sastra,Kabupaten/Kota,Individu,Cabang Dinas Pendidikan Aceh Barat,2025,30,juara 2 dari 3 peserta,426469924_3
426472140,1,Olimpiade (Lainnya),Kabupaten/Kota,Individu,SMAN 1 Labuhan haji barat,2025,35,Juara 2,426472140_1
426472140,2,Pramuka/Organisasi Ekstrakurikuler,Kabupaten/Kota,Berkelompok,SMAN 1 Labuhan haji barat,2025,20,Anggota pramuka,426472140_2
426472140,3,Pramuka/Organisasi Ekstrakurikuler,Kabupaten/Kota,Berkelompok,SMAN 1 Labuhan haji barat,2025,20,Anggota PMR,426472140_3
426472299,1,Olimpiade Fisika,Kabupaten/Kota,Individu,Kementerian Agama Republik Indonesia,2024,35,Juara 1 KSM (Kompetisi Sains Madrasah)tingkat kab/kota,426472299_1
426473175,1,Olimpiade (Lainnya),Kabupaten/Kota,Individu,SMKN 1 SETIA BAKTI,2025,35,FESTIVAL LITERASI,426473175_1
426473175,2,Olimpiade (Lainnya),Kabupaten/Kota,Individu,SMKN 1 SETIA BAKTI,2026,35,rangking kelas,426473175_2
426473175,3,Pramuka/Organisasi Ekstrakurikuler,Kabupaten/Kota,Individu,DKR,2024,30,Orientasi Dewan Kerja Ranting,426473175_3
426474158,1,Pramuka/Organisasi Ekstrakurikuler,Kabupaten/Kota,Individu,Camat,2025,30,Anggota Pasukan Pengibaran Bendera Pusaka (Paskibraka) pada peringatan Hut ke 80 kemerdekaan republik indonesia tahun 2025,426474158_1
426475697,1,Olimpiade Biologi,Kabupaten/Kota,Individu,Pusat Olimpiade Sains Indonesia,2024,35,Meraih medali perunggu dari Olimpiade sains,426475697_1
426475697,2,Olimpiade Biologi,Propinsi,Individu,Olimpiade Indonesia,2024,40,Meraih medali emas Olimpiade Sains,426475697_2
426475697,3,Olimpiade Ekonomi,Propinsi,Individu,Liga Olimpiade &amp; Olimpiade Indonesia,2024,40,Meraih medali emas Olimpiade ekonomi,426475697_3
426477100,1,Olimpiade (Lainnya),Kabupaten/Kota,Individu,Dinas Lingkungan Hidup Kota Subulussalam,2024,35,Lomba Duta Lingkungan Hidup Kota subulussalam,426477100_1
426477100,2,Seni Tari,Kabupaten/Kota,Berkelompok,Kota Subulussalam,2025,20,Lomba tari kreasi,426477100_2
426478379,1,Seni Tari,Kabupaten/Kota,Berkelompok,Pemerintah Kota Subulussalam,2025,20,Lomba tari kreasi,426478379_1
426479058,1,Olimpiade Geografi,Kabupaten/Kota,Individu,Pemerintah Provinsi Sumatera Utara Dinas Pendidikan SMA NEGERI 1 ULU BARUMUN,2025,35,Peserta pada Olimpiade Sains Nasional tingkat kabupaten Padang Lawas Bidang Geografi,426479058_1
426479349,1,Olimpiade Ekonomi,Kabupaten/Kota,Individu,KEMETRIAN AGAMA REPUBLIK INDONESIA,2025,35,JUARA 2 OLIMPIADE MADRASAH INDONESIA TINGKAT KABUPATEN ACEH TENGGARA,426479349_1
426485825,1,Pramuka/Organisasi Ekstrakurikuler,Kabupaten/Kota,Individu,PRAMUKA,2023,30,Gerakan Pramuka Gugus depan SMA Negeri 11 Aceh Barat Daya,426485825_1
426485825,2,Olahraga,Kabupaten/Kota,Berkelompok,MADRASAH ALIYAH NEGERI ACEH BARAT DAYA,2025,20,Annual Education and Sport Competition (AESCO) Ke -VI Tingkat SMA / MA / Sederajat,426485825_2
426485825,3,Pramuka/Organisasi Ekstrakurikuler,Kabupaten/Kota,Individu,SMAN 11 ACEH BARAT DAYA,2025,30,PENGHARGAAN WAKIL OSIS,426485825_3
426487101,1,Olahraga,Nasional,Individu,Dispora NTB,2023,40,Juara 2 kejuaraan nasional female Under 42 kg di kejuaraan PPLP/D SKO MATTARAM NTB,426487101_1
426487101,2,Olahraga,Nasional,Individu,Dispora surabaya,2024,40,Juara 2 tingkat nasional under 44 kg putri di kejuaraan taekwondo U13 dan U16 di surabaya,426487101_2
426487101,3,Olahraga,Propinsi,Individu,Dispora Aceh,2024,35,Juara 1 Under 44 kg putri di POPDA Aceh Timur,426487101_3
426490500,1,Pramuka/Organisasi Ekstrakurikuler,Kabupaten/Kota,Individu,SMAN 11 ACEH BARAT DAYA,2025,30,Penghargaan Anggota Osis,426490500_1
426490532,1,Pramuka/Organisasi Ekstrakurikuler,Kabupaten/Kota,Berkelompok,OSIS,2024,20,Penghargaan Anggota Osis,426490532_1
426490547,1,Pramuka/Organisasi Ekstrakurikuler,Kabupaten/Kota,Individu,PRAMUKA,2025,30,Penghargaan Perkemahan Sabtu -minggu (PERSEMI),426490547_1
426490547,2,Pramuka/Organisasi Ekstrakurikuler,Kabupaten/Kota,Individu,OSIS,2025,30,Bendahara Osis,426490547_2
426490547,3,Pramuka/Organisasi Ekstrakurikuler,Kabupaten/Kota,Berkelompok,OSIS,2025,20,Penghargaan anggota OSIS,426490547_3
426490716,1,Pramuka/Organisasi Ekstrakurikuler,Kabupaten/Kota,Individu,SMAN 11 ACEH BARAT DAYA,2025,30,Penghargaan Anggota Osis,426490716_1
426490889,1,Pramuka/Organisasi Ekstrakurikuler,Kabupaten/Kota,Individu,SMAN 11 ACEH BARAT DAYA,2025,30,Penghargaan Anggota Osis,426490889_1
426496153,1,Pramuka/Organisasi Ekstrakurikuler,Kabupaten/Kota,Berkelompok,SMAN 1 TEUPAH TENGAH,2024,20,Ketua Bidang Keagamaan,426496153_1
426512124,1,Olahraga,Kabupaten/Kota,Individu,PIALA BERGILIR II KAPOLRESTA PEKANBARU,2024,30,Juara 3 dari 5 peserta,426512124_1
426512393,1,Olimpiade Fisika,Kabupaten/Kota,Berkelompok,Pusat Prestasi Nasional,2025,25,OLIMPIADE SAINS NASIONAL TINGKAT KABUPATEN MANDAILING NATAL (OSN-K),426512393_1
426512393,2,Olahraga,Kabupaten/Kota,Berkelompok,SMAN 1 Kotanopan,2025,20,KEGIATAN EKSTRAKURIKULER BOLA VOLLY,426512393_2
426512393,3,Olimpiade (Lainnya),Kabupaten/Kota,Berkelompok,Kecamatan,2025,25,Kegiatan Hari Ulang Tahun (HUT) Republik Indonesia Ke 80,426512393_3
426515687,1,Olimpiade Biologi,Nasional,Individu,kemendikbud (balai pengembangan Talenta Indonesia),2025,45,Finalis OSN BIOLOGI Tingkat Nasional,426515687_1
426515687,2,Olimpiade Biologi,Kabupaten/Kota,Individu,Dinas Pendidikan wilaah kabupaten gayo lues,2025,35,OSN K tingkat Kabupaten se kab Gayo Lues,426515687_2
426515687,3,Olimpiade Biologi,Propinsi,Individu,Dinas Pendidikan Provinsi Aceh,2025,40,Sertifikat Juara 1 Olimpiade Biologi Tingkat Provinsi,426515687_3
426516414,1,Olimpiade Kimia,Kabupaten/Kota,Individu,BPTI Kementrian Pendidikan Dasar dan Menengah,2025,35,Peringkat 3 OSN Jenjang SMA/SMK/MA Tingkat Di Kabupaten/Kota Tahun 2025,426516414_1
426516414,2,Pramuka/Organisasi Ekstrakurikuler,Kabupaten/Kota,Berkelompok,Cabang Dinas Pendidikan Wilayah Kota Subulussalam dan Kabupaten Aceh Singkil Bekerjasama Dengan Kejaksaan Negeri Aceh Singkil,2024,20,Peserta Duta Pelajar Sadar Hukum Jenjang SMA dan SMK Se-Kabupaten Aceh Singkil Tahun 2024,426516414_2
426516414,3,Olimpiade Kimia,Kabupaten/Kota,Individu,SMA Negeri 1 Singkil Utara,2024,35,Peserta KSN Tingkat SMA Negeri 1 Singkil Utara Tahun 2024,426516414_3
426516427,1,Olahraga,Kabupaten/Kota,Berkelompok,Kecamatan Salang,2025,20,Peserta PASKIBRA Tingkat Kecamatan tahun 2025,426516427_1
426516427,2,Olahraga,Kabupaten/Kota,Berkelompok,Kecamatan Salang,2024,20,Peserta PASKIBRA Tingkat Kecamatan tahun 2024,426516427_2
426516427,3,Olahraga,Kabupaten/Kota,Berkelompok,Kecamatan Salang,2023,20,Peserta PASKIBRA Tingkat Kecamatan tahun 2023,426516427_3
426518235,1,Pramuka/Organisasi Ekstrakurikuler,Kabupaten/Kota,Berkelompok,Balai Besar POM Banda Aceh,2023,20,Ekstrakurikuler Saka Pengawasan Obat dan Makananan Aceh tingkat Kabupaten Aceh Barat,426518235_1
426519202,1,Olimpiade Biologi,Nasional,Individu,Kementrian Hukum Dan HAM,2025,45,Peraih Mendalih Perunggu Indonesian Youth Genius Championship Bidang Studi Bahasa Biologi,426519202_1
426519202,2,Olimpiade (Lainnya),Nasional,Individu,Kementrian Hukum Dan HAM,2025,45,Peraih Mendalih Emas Indonesian Best Student Olympiad Bidang Studi Kedokteran,426519202_2
426519202,3,Olimpiade (Lainnya),Nasional,Individu,Kementrian Hukum Dan HAM,2025,45,Peserta Genius National Olympiad Bidang Studi Bahasa Indonesia,426519202_3
426519337,1,Drama/Sastra,Kabupaten/Kota,Individu,Cabang Dinas Pendidikan Kabupaten Aceh Barat,2024,30,Juara 1 lomba cipta puisi dalam Fls2n tingkat kabupaten yang diselenggarakan oleh Dinas Pendidikan Aceh,426519337_1
426519337,2,Olahraga,Propinsi,Individu,Dinas Pendidikan Aceh,2025,35,peserta lomba pencak silat dalam Olimpiade Olahraga Siswa Nasional (o2sn) tingkat provinsi yang diselenggarakan oleh Dinas Pendidikan Aceh,426519337_2
426519337,3,Olahraga,Kabupaten/Kota,Individu,Cabang Dinas Pendidikan Kabupaten Aceh Barat,2025,30,Juara 1 lomba pencak silat putri dalam Olimpiade Olahraga Siswa Nasional (o2sn) tingkat kabupaten yang diselenggarakan oleh Dinas Pendidikan Aceh,426519337_3
426519588,1,Olimpiade (Lainnya),Kabupaten/Kota,Individu,SYAHFITRI,2025,35,juara 4 dari 21 Siswa,426519588_1
426519588,2,Olimpiade (Lainnya),Kabupaten/Kota,Individu,SYAHFIRI,2023,35,Sebagai peserta ujian ulangan kelas,426519588_2
426519588,3,Olimpiade (Lainnya),Kabupaten/Kota,Berkelompok,SYAHFITRI,2025,25,Sebagai peserta pasukan penggerek bendera,426519588_3
426520082,1,Pramuka/Organisasi Ekstrakurikuler,Kabupaten/Kota,Berkelompok,Balai Besar POM Banda Aceh,2023,20,Ekstrakurikuler Saka Pengawasan Obat dan Makananan Aceh tingkat Kabupaten Aceh Barat,426520082_1
426520205,1,Olimpiade Matematika,Kabupaten/Kota,Individu,Cabang Dinas kab Gayo Lues,2024,35,OSK K se Kab Gayo LUES Cabang Matematika,426520205_1
426520205,2,Olimpiade Matematika,Kabupaten/Kota,Individu,"Cabang Dinas Pendidkan Kab Gayo Lues, Aceh",2025,35,Peserta OSN K Bidang Matematika,426520205_2
426520326,1,Seni Tari,Kabupaten/Kota,Berkelompok,SMAN Unggul Subulussalam,2025,20,tari kreasi,426520326_1
426520326,3,Pramuka/Organisasi Ekstrakurikuler,Kabupaten/Kota,Berkelompok,SMAN 1 Penanggalan,2025,20,Paskibra,426520326_3
426520725,1,Olimpiade (Lainnya),Kabupaten/Kota,Individu,Dinas Pendidikan kabupaten Simeulue,2022,35,Peserta OSN Tingkat Kabupaten,426520725_1
426520725,2,Olimpiade (Lainnya),Kabupaten/Kota,Individu,SMA NEGERI 1 SALANG,2025,35,Juara 1 Kelas XII Semister Ganjil 2025,426520725_2
426520725,3,Olimpiade (Lainnya),Kabupaten/Kota,Individu,SMA NEGERI 1 SALANG,2025,35,Juara 1 Kelas XI Semister Genap 2025,426520725_3
426521144,1,Olimpiade (Lainnya),Kabupaten/Kota,Individu,SMAN Unggul Subulussalam,2025,35,Lomba Vokal Solo,426521144_1
426521144,2,Pramuka/Organisasi Ekstrakurikuler,Kabupaten/Kota,Berkelompok,Kodim 0118,2023,20,Lomba Baris berbaris,426521144_2
426521144,3,Olimpiade (Lainnya),Nasional,Berkelompok,BPK Indonesia,2024,35,cerdas cermat,426521144_3
426522504,1,Pramuka/Organisasi Ekstrakurikuler,Propinsi,Individu,YAYASAN MISS BEAUTY SUMATERA UTARA,2026,35,JUARA MISS BEAUTY SUMATERA UTARA 2026,426522504_1
426524435,1,Olimpiade Fisika,Nasional,Individu,PUSPRESNUS,2024,45,medali perunggu lomba Olimpiade fisika tingkat nasional yang di selenggarakan oleh PUSPRESNUS,426524435_1
426524639,1,Olimpiade (Lainnya),Kabupaten/Kota,Individu,SMAN 1 Labuhanhaji Barat,2025,35,Piangam penghargaan peringkat kelas,426524639_1
426524639,2,Olahraga,Kabupaten/Kota,Berkelompok,PANITIA HUT RI KE-80 kecamatan Labuhanhaji barat,2025,20,Piagam penghargaan paskibra dirgahayu republik Indonesia,426524639_2
426524639,3,Pramuka/Organisasi Ekstrakurikuler,Kabupaten/Kota,Berkelompok,SMAN 1 Labuhanhaji barat,2025,20,Anggota pramuka,426524639_3
426525739,1,Pramuka/Organisasi Ekstrakurikuler,Kabupaten/Kota,Individu,SMA Negeri 3 Sinabang,2024,30,pengurus osis pada tahun 2024,426525739_1
426526260,1,Pramuka/Organisasi Ekstrakurikuler,Kabupaten/Kota,Berkelompok,SMA N 1 Labuhan haji barat,2025,20,Anggota Pramuka periode 2024/2025,426526260_1
426526260,2,Olimpiade Geografi,Kabupaten/Kota,Berkelompok,SMA N 1 Labuhan haji barat,2025,25,O2SN,426526260_2
426526260,3,Pramuka/Organisasi Ekstrakurikuler,Kabupaten/Kota,Berkelompok,SMAN 1 Labuhan haji barat,2025,20,Anggota PMR periode 2024/2025,426526260_3
426527599,1,Olimpiade (Lainnya),Kabupaten/Kota,Berkelompok,Panitia Hut RI,2023,25,Juara 1 Voli Bal Putra,426527599_1
426527599,2,Olimpiade (Lainnya),Kabupaten/Kota,Berkelompok,paniti hut RI,2025,25,menjadi peserta paskibra,426527599_2
426527599,3,Olimpiade Matematika,Kabupaten/Kota,Berkelompok,Panitia Hut RI,2024,25,Menjadi peserta Paskibra,426527599_3
426530000,1,Olahraga,Kabupaten/Kota,Berkelompok,KONI Kota Bogor,2024,20,Juara 3,426530000_1
426535869,1,Olimpiade Kimia,Nasional,Individu,Quartal Indonesia,2024,45,PERAIH MEDALI EMAS NASIONAL dalam kompetisi olimpiade sains quartal indonesia 4.0,426535869_1
426535869,2,Olimpiade (Lainnya),Nasional,Individu,Lembaga Kompetisi Indonesia,2024,45,Peraih Mendali Emas dalam Kegiatan Liga Prestasi pelajar Indonesia bidang studi Agama Islam SMA,426535869_2
426535869,3,Olahraga,Kabupaten/Kota,Individu,Tapak Suci Putera Muhammadiyah,2023,30,Siswa Satu Tapak suci putera Muhammadiyah,426535869_3
426537937,1,Olimpiade Fisika,Kabupaten/Kota,Individu,Dinas Pendidikan,2024,35,Juara 3 lomba OSN bidang Fisika tingkat kabupaten Aceh Barat tahun 2024,426537937_1
426537937,2,Olimpiade Matematika,Propinsi,Berkelompok,Universitas Syiah Kuala,2025,30,Juara 3 lomba Industrial Contest I-SAT tingkat Provinsi Aceh tahun 2025,426537937_2
426537937,3,Olimpiade Matematika,Kabupaten/Kota,Individu,Universitas Teuku Umar,2025,35,Juara 3 lomba OFIKA bidang Matematika tingkat kabupaten Aceh Barat tahun 2025,426537937_3
426541237,1,Olimpiade (Lainnya),Kabupaten/Kota,Individu,MAHASISWA KKN UNIVERSITAS TEUKU UMAR TAHUN 2019,2021,35,JUARA III CABANG TILAWAH PUTRI,426541237_1
426550225,1,Pramuka/Organisasi Ekstrakurikuler,Kabupaten/Kota,Individu,SMA Negeri 3 Sinabang,2025,30,pengurus osis pada tahun 2024/2025,426550225_1
426550225,2,Pramuka/Organisasi Ekstrakurikuler,Kabupaten/Kota,Individu,Kwartir Cabang gerakan Pramuka Simeulue,2024,30,Peserta kemah Bakti Pramuka Se Kwartir,426550225_2
426550371,1,Olimpiade (Lainnya),Kabupaten/Kota,Individu,SMA NEGERI 4 SIMEULUE BARAT,2025,35,JUARA 2,426550371_1
426551305,1,Olimpiade Kimia,Kabupaten/Kota,Individu,kementrian agama Republik Indonesia,2025,35,juara 1 olimpiade madrasah Indonesia (OMI),426551305_1
426551537,1,Olimpiade (Lainnya),Kabupaten/Kota,Individu,Kepala Cabang Dinas Pendidikan Kepada Wilayah Kabupaten Aceh Barat Daya,2024,35,Juara 3,426551537_1
426555889,1,Pramuka/Organisasi Ekstrakurikuler,Kabupaten/Kota,Individu,Polres Aceh Barat Daya,2024,30,Peserta,426555889_1
426556347,1,Seni Suara/Musik,Kabupaten/Kota,Individu,Putra Puteri Tebing Tinggi,2023,30,Memenang Kan Ajang Pemilihan Putra Putri Tebing Tinggi,426556347_1
426556347,2,Pramuka/Organisasi Ekstrakurikuler,Kabupaten/Kota,Individu,SMK Negeri 4 Tebing Tinggi,2025,30,Wakil Ketua Osis Masa Bakti 2024/2025,426556347_2
426556566,1,Olimpiade Matematika,Kabupaten/Kota,Individu,SMA Negeri 1 Bubon,2025,35,juara 2 Tingkat SMA Negeri 1 Bubon,426556566_1
426560055,1,Pramuka/Organisasi Ekstrakurikuler,Kabupaten/Kota,Individu,Polres Aceh Barat Daya,2024,30,Peserta,426560055_1
426561057,1,Pramuka/Organisasi Ekstrakurikuler,Kabupaten/Kota,Berkelompok,SMAN 1 TEUPAH TENGAH,2024,20,ketua bidang dokumentasi,426561057_1
426561925,1,Olimpiade (Lainnya),Kabupaten/Kota,Individu,PUSPRESNAS melalui Cabang Dinas Pendidikan Wilayah Kabupaten Aceh Tengah,2024,35,Juara 3 Cabang olahraga Pencak Silat Putri pada Olimpiade Olahraga Siswa Nasional (O2SN) jenjang SMA Tingkat Kabupaten Aceh Tengah tahun 2024 yang diadakan oleh PUSPRESNAS melalui Cabang Dinas Pendidikan Wilayah Kabupaten Aceh Tengah,426561925_1
426562175,1,Pramuka/Organisasi Ekstrakurikuler,Kabupaten/Kota,Berkelompok,SMA Negeri 1 Woyla,2024,20,Sebagai Peserta Kemah,426562175_1
426562175,2,Olimpiade Komputer,Kabupaten/Kota,Individu,SMA Negeri 1 Woyla,2024,35,Bidang Informatika,426562175_2
426563841,1,Olimpiade (Lainnya),Kabupaten/Kota,Berkelompok,Kejaksaan Kota Subulussalam,2025,25,Duta Sadar Hukum,426563841_1
426564049,1,Olahraga,Kabupaten/Kota,Individu,Cabang Dinas Pendidikan Wil. Kabupaten Nagan Raya,2025,30,Juara 3,426564049_1
426564355,1,Olimpiade (Lainnya),Kabupaten/Kota,Individu,SMK Swasta Muhamamdiyah Singkil,2025,35,Juara kedua prestasi di bidang akademik PAS seluruh kelas XII Jurusan DKV SMK Swasta Muhamamdiyah Singkil,426564355_1
426569687,1,Olimpiade (Lainnya),Kabupaten/Kota,Berkelompok,Aceh barat,2023,25,Sebagai duta pelajar sadar hukum,426569687_1
426569687,2,Pramuka/Organisasi Ekstrakurikuler,Kabupaten/Kota,Berkelompok,Kantor camat kaway XVI,2024,20,Anggota pasukan pengibaran bendera pusaka,426569687_2
426569687,3,Pramuka/Organisasi Ekstrakurikuler,Kabupaten/Kota,Berkelompok,Aceh Barat,2025,20,Paskibraka,426569687_3
426570769,1,Pramuka/Organisasi Ekstrakurikuler,Kabupaten/Kota,Berkelompok,KESBANGPOL,2024,20,pasukan pengibar bendera pusaka kabupaten Aceh Barat pada tahun 2024,426570769_1
426571007,1,Drama/Sastra,Kabupaten/Kota,Individu,KEPALA CABANG DINAS PENDIDIKAN WILAYAH KABUPATEN ACEH SELATAN,2025,30,FLS3N(cabang lomba menulis cerita pendek),426571007_1
426571249,1,Penelitian,Nasional,Berkelompok,Indonesian Young Scientist Association (IYSA) bekerjasama dengan Institut Teknologi Sepuluh Nopember (ITS),2024,30,Juara 2 (Medali Perak) National Applied Science Project Olympiad Bidang Waste Treatment Tingkat Nasional Tahun 2024,426571249_1
426571249,2,Olimpiade (Lainnya),Nasional,Individu,Sigma Sains Nasional,2023,45,Peserta Olimpiade Sains Sigma Nasiona 2.0 Tingkat Nasional Tahun 2023,426571249_2
426571249,3,Penelitian,Propinsi,Berkelompok,PT Capella Dinamika Nusantara Aceh,2024,25,Peserta AHM Best Student Tingkat Provinsi Aceh Tahun 2024,426571249_3
426571364,1,Pramuka/Organisasi Ekstrakurikuler,Kabupaten/Kota,Individu,MAS PPM AR-RASYID,2025,30,LATIHAN KEPEMIMPINAN DEWAN PELAJAR AR-RASYID,426571364_1
426571364,2,Olimpiade (Lainnya),Kabupaten/Kota,Individu,DIRECTOR OF DOKTER SPEAKING,2025,35,TOEFL BAHASA INGGRIS,426571364_2
426571364,3,Pramuka/Organisasi Ekstrakurikuler,Kabupaten/Kota,Individu,MAS PPM AR-RASYID,2025,30,SANTRI KHIDMAT DEPARTEMEN PENDIDIKAN DAN BAHASA,426571364_3
426571503,1,Pramuka/Organisasi Ekstrakurikuler,Kabupaten/Kota,Berkelompok,Pasukan Pengibaran Bendera Pusaka Kabupaten Aceh Barat Daya,2024,20,"Pada tahun 2024 saya Muhammad Ikhsan mengikuti seleksi paskibraka tingkat kabupaten. Peserta yang ikut seleksi sebanyak 200 lebih yang terpilih hanya 70 peserta, alhamdulillah saya terpilih dari 70 peserta tersebut untuk mengikuti pasukan pengibaran bendera pusaka tingkat kabupaten Aceh Barat Daya pada 17 Agustus 2024.",426571503_1
426571731,1,Pramuka/Organisasi Ekstrakurikuler,Kabupaten/Kota,Individu,SMAN 1 LABUHANHAJI BARAT,2025,30,ANGGOTA OSIS PERIODE 2024/2025,426571731_1
426571731,2,Pramuka/Organisasi Ekstrakurikuler,Kabupaten/Kota,Individu,SMAN 1 LABUHANHAJI BARAT,2025,30,ANGGOTA PRAMUKA PERIODE 2024/2025,426571731_2
426571731,3,Pramuka/Organisasi Ekstrakurikuler,Kabupaten/Kota,Individu,SMAN 1 LABUHANHAJI BARAT,2025,30,ANGGOTA PMR PERIODE 2024/2025,426571731_3
426571741,1,Pramuka/Organisasi Ekstrakurikuler,Kabupaten/Kota,Individu,SMA negeri 1 labuhan haji barat,2025,30,Anggota Pramuka periode 2025/2025,426571741_1
426571741,2,Pramuka/Organisasi Ekstrakurikuler,Kabupaten/Kota,Individu,SMA NEGERI 1 LABUHAN HAJI BARAT,2025,30,ANGGOTA PMR PERIODE 2024/2025,426571741_2
426571741,3,Pramuka/Organisasi Ekstrakurikuler,Kabupaten/Kota,Individu,SMA NEGERI 1 LABUHAN HAJI BARAT,2025,30,ANGGOTA OSIS PERIODE 2024/2025,426571741_3
426571742,1,Pramuka/Organisasi Ekstrakurikuler,Kabupaten/Kota,Individu,SMA NEGERI 1 LABUHAN HAJI BARAT,2025,30,Anggota pramuka periode 2024/2025,426571742_1
426571742,2,Pramuka/Organisasi Ekstrakurikuler,Kabupaten/Kota,Individu,SMA NEGERI 1 LABUHAN HAJI BARAT,2025,30,ANGGOTA PMR PERIODE 2024/2025,426571742_2
426571742,3,Pramuka/Organisasi Ekstrakurikuler,Kabupaten/Kota,Individu,SMA NEGERI 1 LABUHAN HAJI BARAT,2024,30,ANGGOTA OSIS PERIODE 2023/2024,426571742_3
426571750,1,Olimpiade Ilmu Kebumian,Kabupaten/Kota,Individu,"Balai Pengembangan Talenta Indonesia ( BPTI), kementrian pendidikan dasar dan menengah",2025,35,"Berhasil meraih juara 9 dari 85 peserta dalam Olimpiade Sains Nasional (OSN) bidang kebumian di tingkat kabupaten/kita di kabupaten Aceh Barat daya yang di selenggarakan oleh Balai Pengembangan Talenta Indonesia(BPTI), kementrian pendidikan dasar dan menengah",426571750_1
426572133,1,Olimpiade Fisika,Kabupaten/Kota,Individu,Cabang Dinas Pendidikan Wilayah Kabupaten Aceh Selatan,2024,35,Sebagai peserta KSN Bidang Fisika Tingkat Kabupaten Tahun 2024,426572133_1
426572133,2,Olimpiade Fisika,Kabupaten/Kota,Individu,Cabang Dinas Pendidikan Wilayah Kabupaten Aceh Selatan,2025,35,Sebagai peserta KSN Bidang Fisika Tingkat Kabupaten Tahun 2025,426572133_2
426573025,1,Pramuka/Organisasi Ekstrakurikuler,Kabupaten/Kota,Individu,SMAN 1 LABUHAN HAJI BARAT,2025,30,ANGGOTA OSIS,426573025_1
426573025,2,Pramuka/Organisasi Ekstrakurikuler,Kabupaten/Kota,Individu,SMAN 1 LABUHAN HAJI BARAT,2025,30,ANGGOTA PMR,426573025_2
426573025,3,Pramuka/Organisasi Ekstrakurikuler,Kabupaten/Kota,Individu,SMAN 1 LABUHAN HAJI BARAT,2025,30,ANGGOTA PRAMUKA,426573025_3
426574434,1,Pramuka/Organisasi Ekstrakurikuler,Kabupaten/Kota,Berkelompok,Kwartir Cabang Aceh Barat,2025,20,lomba jurnalistik gerakan pramuka,426574434_1
426579600,1,Olimpiade (Lainnya),Kabupaten/Kota,Individu,RIMA DIESEL,2026,35,PRAKTEK KERJA LAPANGAN,426579600_1
426580856,1,Olimpiade Ekonomi,Kabupaten/Kota,Individu,Direktur Jendral Pendidikan Islam Kementerian Agama Republik Indonesia,2025,35,Juara II Olimpiade Ekonomi MA/SMA Tingkat Kabupaten/Kota,426580856_1
426580856,2,Olimpiade Ekonomi,Propinsi,Individu,POSI,2024,40,Peraih Medali Bidang Ekonomi Perunggu Islamic Science Competition (ISC) 2024,426580856_2
426582048,1,Pramuka/Organisasi Ekstrakurikuler,Kabupaten/Kota,Individu,DAYAH INTI DARUL AITAMI,2023,30,HAFALAN AL-QUR&#39;AN SEBANYAK 5 JUZ,426582048_1
426582469,1,Olimpiade (Lainnya),Nasional,Individu,Bebras Indonesia,2025,45,Peserta Ketegori Penegak Pada Bebras Indonesia Tahun 2025,426582469_1
426583018,1,Pramuka/Organisasi Ekstrakurikuler,Propinsi,Individu,Bebras Indonesia,2025,35,Bebras Indonesia,426583018_1
426586905,1,Drama/Sastra,Kabupaten/Kota,Berkelompok,Komunitas Guru Penggerak Kabupaten Aceh Tenggara,2024,20,Juara I Festival Kreativitas siswa (FKS) Bidang Drama Group Putri Tingkat Kabupaten Aceh Tenggara,426586905_1
426586991,1,Pramuka/Organisasi Ekstrakurikuler,Kabupaten/Kota,Berkelompok,Camat Pantan Cuaca,2024,20,Terpilih 2 dari 90 Siswa yang Menjadi Pasukan Pengibaran Bendera Tingkat Kecamatan,426586991_1
426586991,2,Pramuka/Organisasi Ekstrakurikuler,Kabupaten/Kota,Individu,KUA Kecamatan Pantan Cuaca,2025,30,Juara 1 dari 8 orang Lomba Cerpen atau Puisi,426586991_2
426586991,3,Pramuka/Organisasi Ekstrakurikuler,Kabupaten/Kota,Individu,Gayo lues,2024,30,Juara 3 dari 11 Orang Siswa Mendaftar Lomba Pidato,426586991_3
426587041,1,Olimpiade (Lainnya),Kabupaten/Kota,Individu,MTsN 3 ACEH BARAT DAYA,2022,35,PESERTA TERBAIK MENGHAFAL AL-QUR&#39;AN,426587041_1
426587041,2,Olimpiade (Lainnya),Kabupaten/Kota,Individu,MAN ACEH BARAT DAYA,2023,35,PESERTA LOMBA SYARHIL QUR&#39;AN PUTRI TK. SMP/MTS SE KABUPATEN ACEH BARAT DAYA,426587041_2
426587041,3,Olimpiade (Lainnya),Kabupaten/Kota,Berkelompok,POLRES ACEH BARAT DAYA,2024,25,LOMBA DUTA PELAJAR KAMTIBMAS TK. KAB. ACEH BARAT DAYA,426587041_3
426587524,1,Olimpiade Biologi,Nasional,Individu,University ID Education,2026,45,Medali Emas Bidang Biologi Kompetisi Festival Olimpiade Tingkat Nasional Tahun 2026 yang diselenggarakan oleh University ID Education,426587524_1
426587524,2,Olimpiade Kimia,Nasional,Individu,University ID Education,2026,45,Medali Emas Bidang Kimia Kompetisi Festival Olimpiade Tingkat Nasional Tahun 2026 yang diselenggarakan oleh University ID Education,426587524_2
426587524,3,Olimpiade Kimia,Kabupaten/Kota,Individu,Kementerian Agama Provinsi Aceh,2025,35,Medali Emas Bidang Kimia Olimpiade Sains Madrasah Aceh Tahun 2025 yang diselenggarakan oleh Kementerian Agama Provinsi Aceh,426587524_3
426587940,1,Pramuka/Organisasi Ekstrakurikuler,Propinsi,Berkelompok,Kwartir Cabang (Kwarcab) Gerakan Pramuka Bener Meriah,2024,25,Peserta LP3 putri se-sumatra,426587940_1
426587940,2,Pramuka/Organisasi Ekstrakurikuler,Kabupaten/Kota,Berkelompok,Kwartir Cabang (kwarcab) Gerakan Pramuka Aceh Barat,2025,20,Peserta kemah kebangsaan III Aceh Barat,426587940_2
426589170,1,Olimpiade Matematika,Kabupaten/Kota,Individu,Kementerian Agama Provinsi Aceh,2025,35,Medali Emas Olimpiade Sains Madrasah Aceh Bidang Matematika yang diselenggarakan oleh Kementerian Agama Provinsi Aceh Tahun 2025,426589170_1
426589170,2,Olimpiade Ekonomi,Nasional,Individu,University ID Education,2026,45,Medali Emas Kompetisi Festival Olimpiade Bidang Ekonomi yang diselenggarakan oleh University ID Education Tahun 2026,426589170_2
426589170,3,Olimpiade Ekonomi,Nasional,Individu,Pendidikan Generasi Berprestasi,2025,45,Medali Emas Olimpiade Sains Aceh Bidang Ekonomi yang diselenggarakan oleh Pendidikan Generasi Berprestasi Tahun 2025,426589170_3
426590860,1,Olimpiade Ekonomi,Kabupaten/Kota,Individu,Kementerian Agama Republik Indonesia,2025,35,Peserta Kompetisi Sains Madrasah (KSM ) Tahun 2025 Mata Pelajaran Ekonomi Terintegrasi Tingkat Kabupaten yang diselenggarakan oleh Kementerian Agama,426590860_1
426593268,1,Olimpiade (Lainnya),Nasional,Individu,pusat kejuaraan sains nasional yayasan berlian hati mulia,2023,45,predikat A,426593268_1
426596098,1,Pramuka/Organisasi Ekstrakurikuler,Kabupaten/Kota,Berkelompok,Pemerintah kabupaten Aceh Jaya,2024,20,"Paskibraka kabupaten Aceh Jaya, tahun 2024",426596098_1
426600985,1,Olimpiade Biologi,Nasional,Individu,LKP ASTIKOM &amp; DEEHATI GLOBAL LOOP,2025,45,Juara 1 Lomba,426600985_1
426602296,1,Olimpiade Kimia,Propinsi,Individu,pakmanaff,2026,40,Peraih medali emas pada olimpiade bidang kimia,426602296_1
426602296,2,Pramuka/Organisasi Ekstrakurikuler,Kabupaten/Kota,Individu,SMAN UNGGUL HARAPAN PERSADA,2025,30,Bendahara umum OSIS,426602296_2
426607763,1,Drama/Sastra,Kabupaten/Kota,Berkelompok,CABANG DINAS WILAYAH KABUPATEN ACEH SELATAN,2024,20,JUARA 3 CABANG CIPTA FILM,426607763_1
426607763,2,Olimpiade (Lainnya),Kabupaten/Kota,Individu,DAYAH BABUL &#39;ULUM,2022,35,JUARA III MUSABAQAH AD DA&#39;WAH,426607763_2
426607763,3,Pramuka/Organisasi Ekstrakurikuler,Kabupaten/Kota,Individu,SMA NEGERI 1 MEUKEK,2025,30,WAKIL KETUA OSIS PERIODE 2024-2025,426607763_3
426611287,1,Olahraga,Kabupaten/Kota,Individu,Cabang dinas pendidikan wilayah kabupaten Aceh barat,2025,30,juara 3 (dari 10 peserta) lomba permainan tenis meja,426611287_1
426619203,1,Olimpiade Matematika,Propinsi,Individu,Pakmanaff.my.id,2026,40,Meraih predikat Finalis pada cabang lomba Kompetisi Sains Terintegrasi Bidang Matematika,426619203_1
426619203,2,Olimpiade Fisika,Propinsi,Individu,pakmanaff.my.id,2026,40,Meraih predikat Finalis pada cabang lomba Kompetisi Sains Terintegrasi Bidang Fisika,426619203_2
426632238,1,Olimpiade (Lainnya),Nasional,Individu,"Kepala Badan Standar, Kurikulum, dan Asesmen Pendidikan",2025,45,Peserta TKA 2025,426632238_1
426634240,1,Drama/Sastra,Propinsi,Individu,KEPALA DINAS PENDIDIKAN ACEH,2025,35,PESERTA FLS3N AJANG TALENTA SENI (ATENSI) JENJANG SMA/SMK/MA TINGKAT PROVINSI ACEH TAHUN 2025 CABANG MENULIS CERITA PENDEK,426634240_1
426634240,2,Drama/Sastra,Kabupaten/Kota,Individu,CABANG DINAS PENDIDIKAN WILAYAH KABUPATEN ACEH JAYA,2025,30,JUARA 1 FLS3N LOMBA CABANG MENULIS CERITA PENDEK,426634240_2
426634985,1,Pramuka/Organisasi Ekstrakurikuler,Propinsi,Individu,Badan Kesatuan Bangsa dan Politik Aceh,2024,35,Anggota Paskibraka Tingkat Provinsi Aceh Tahun 2024,426634985_1
426634985,2,Drama/Sastra,Kabupaten/Kota,Individu,Cabang Dinas Wilayah Kabupaten Aceh Barat,2025,30,Juara 2 (dari 6 peserta) Lomba Menulis Cerpen,426634985_2
426634985,3,Pramuka/Organisasi Ekstrakurikuler,Nasional,Individu,Badan Pembinaan Ideologi Pancasila Republik Indonesia,2025,40,Lulus Pendidikan dan Pelatihan Pembinaan Ideologi Pancasila bagi Purna Paskibraka Tahun 2025,426634985_3
426635194,1,Pramuka/Organisasi Ekstrakurikuler,Kabupaten/Kota,Individu,Madrasa Aliyah Dayah Ruhul Islam Anak Bangsa,2026,30,Telah menyelesaikan hafalan Alquran 11 juz dalam program Tahfidz quran di Madrasah Aliyah Dayah Ruhul Islam Anak Bangsa,426635194_1
426635194,2,Pramuka/Organisasi Ekstrakurikuler,Kabupaten/Kota,Individu,Lingkar Inspirasi Bangsa,2024,30,Duta siswa Kabupaten Aceh Barat yang diselenggarakan oleh Lingkar Inspirasi Bangsa,426635194_2
426635194,3,Pramuka/Organisasi Ekstrakurikuler,Kabupaten/Kota,Berkelompok,"Pemerintah kab.Aceh Besar, Kec.Darul Imarah",2025,20,Anggota paskibraka Pada peringatan HUT- RI ke 80 di kecamatan Darul Imarah,426635194_3
426635412,1,Olimpiade Biologi,Nasional,Individu,Prestasi Indonesia Gemilang (PRESTIGE),2026,45,Peraih medali emas bidang biologi tingkat nasional yang diselenggarakan oleh Prestige tahun 2026,426635412_1
426635412,2,Olimpiade Biologi,Nasional,Individu,Pusat Kejuaraan Pelajar Nusantara (PUSKANTARA),2025,45,Peraih medali emas bidang biologi yang diselenggarakan oleh Puskantara tahun 2025,426635412_2
426635412,3,Olimpiade Biologi,Nasional,Individu,Prestasi Cemerlang Indonesia Gemilang (PRESTIGE),2025,45,Peraih medali emas bidang kimia yang diselenggarakan oleh prestige oleh prestige tahun 2025,426635412_3
426638966,1,Olimpiade Biologi,Kabupaten/Kota,Individu,Pusat Prestasi Nasional (PUSPRESNAS),2024,35,"Finalis Olimpiade Sains Nasional (OSN) Tingkat kabupaten Bidang Biologi, Tahun 202",426638966_1
426638966,2,Olimpiade Kimia,Kabupaten/Kota,Individu,Pusat Prestasi Nasional (PUSPRESNAS),2025,35,"Finalis Olimpiade Sains Nasional (OSN) Tingkat kabupaten/Kota Bidang Kimia, Tahun 2025",426638966_2
426638966,3,Olimpiade (Lainnya),Kabupaten/Kota,Individu,Lembaga Pengembangan Tilawatil Qur&#39;an (LPTQ) Kabupaten,2024,35,Juara 3 lomba MTQ (Tilawah Tahfiz 5 juz),426638966_3
426644158,1,Olimpiade Ekonomi,Nasional,Individu,University ID Education,2026,45,Medali Emas Olimpiade Ekonomi dalam ajang Kompetisi Festival Olimpiade Tingkat Nasional Tahun 2026 yang diselenggarakan oleh University ID Education,426644158_1
426644158,2,Olimpiade Matematika,Propinsi,Individu,Pendidikan Generasi Berprestasi,2025,40,Medali Emas Olimpiade Matematika dalam ajang Olimpiade Sains Aceh Tingkat Provinsi Tahun 2025,426644158_2
426644158,3,Olimpiade Ekonomi,Propinsi,Individu,Pendidikan Generasi Berprestasi,2025,40,Medali Emas Olimpiade Ekonomi dalam Olimpiade Sains Aceh Tingkat Provinsi Tahun 2025,426644158_3
426645945,1,Olimpiade (Lainnya),Nasional,Individu,University ID Education,2026,45,Medali Emas Olimpiade PPKN dalam ajang Kompetisi Festival Olimpiade yang diselenggarakan oleh University ID Education Tahun 2026,426645945_1
426645945,2,Drama/Sastra,Kabupaten/Kota,Individu,STIT Hamzah Fansyuri Kota Subulussalam,2023,30,Juara 1 Lomba Debat Bahasa Indonesia STIT Hamzah Fansyuri Kota Subulussalam Tahun 2023,426645945_2
426648083,1,Olimpiade Biologi,Nasional,Individu,University ID Education,2026,45,Medali Emas Olimpiade Biologi Tingkat Nasional Tahun 2026 dalam ajang Kompetisi Festival Olimpiade yang diselenggarakan oleh University ID Education,426648083_1
426648083,2,Olimpiade Biologi,Propinsi,Individu,Pendidikan Generasi Berprestasi,2025,40,Medali Emas Olimpiade Biologi Tingkat Provinsi Tahun 2025 dalam ajang Olimpiade Sains Aceh yang diselenggarakan oleh Pendidikan Generasi Berprestasi,426648083_2
426648083,3,Olimpiade Biologi,Kabupaten/Kota,Individu,Kementerian Agama Provinsi Aceh,2025,35,Medali Emas Olimpiade Biologi Tingkat Kabupaten Tahun 2026 dalam ajang Olimpiade Sains Madrasah Aceh yang diselenggarakan oleh Kementerian Agama Provinsi Aceh,426648083_3
426648493,1,Olimpiade Matematika,Nasional,Individu,University ID Education,2026,45,Medali Emas Bidang Matematika dalam ajang Kompetisi Festival Olimpiade Tingkat Nasional Tahun 2026 yang diselenggarakan oleh University ID Education.,426648493_1
426648493,2,Olimpiade Matematika,Propinsi,Individu,Pendidikan Generasi Berprestasi,2025,40,Medali Perunggu Bidang Matematika dalam ajang Olimpiade Sains Aceh Tingkat Provinsi Tahun 2025 yang diselenggarakan oleh Pendidikan Generasi Berprestasi,426648493_2
426648493,3,Olimpiade Biologi,Propinsi,Individu,Pendidikan Generasi Berprestasi,2025,40,Medali Perak Bidang Biologi dalam ajang Olimpiade Sains Aceh Tingkat Provinsi Tahun 2025 yang diselenggarakan oleh Pendidikan Generasi Berprestasi,426648493_3
426650046,1,Olimpiade Biologi,Kabupaten/Kota,Individu,Direktorat Kurikulum Sarana Kelembagaan dan Kesiswaan Direktorat Jenderal Pendidikan Islam Kementerian Agama Republik Indonesia,2025,35,Peserta Olimpiade Madrasah Indonesia (OMI) Bidang Sains,426650046_1
426650432,1,Olimpiade (Lainnya),Kabupaten/Kota,Berkelompok,Fakultas Teknik Universitas Teuku Umar,2025,25,Meraih Juara Harapan I dalam ajang 3rd VESTIC 2025 yang diselenggarakan oleh Fakultas Teknik Universitas Teuku Umar. Yang digelar di meulaboh pada 14 oktober 2025.,426650432_1
426650432,2,Drama/Sastra,Kabupaten/Kota,Individu,Ikatan Alumni SMA Negeri 2 Meulaboh (IASDA).,2025,30,Juara 3 Lomba Menulis Cerpen pada acara Temu Kangen dan Pelantikan Pengurus IASDA periode 2025-2030.,426650432_2
426650571,1,Olimpiade Ekonomi,Nasional,Individu,University ID Education,2026,45,Medali Emas Bidang Ekonomi dalam ajang Kompetisi Festival Olimpiade Tingkat Nasional Tahun 2026 yang diselenggarakan oleh University ID Education.,426650571_1
426650571,2,Olimpiade Ekonomi,Propinsi,Individu,Pendidikan Generasi Berprestasi,2025,40,Medali Emas Bidang Ekonomi dalam ajang Olimpiade Sains Aceh Tingkat Provinsi Tahun 2025 yang diselenggarakan oleh Pendidikan Generasi Berprestasi,426650571_2
426650571,3,Olimpiade Ekonomi,Kabupaten/Kota,Individu,Kementerian Agama Provinsi Aceh,2025,35,Medali Emas Bidang Ekonomi dalam ajang Olimpiade Sains Madrasah Aceh Tingkat Kabupaten Tahun 2025 yang diselenggarakan oleh Kementerian Agama Provinsi Aceh,426650571_3
426652118,1,Pramuka/Organisasi Ekstrakurikuler,Kabupaten/Kota,Individu,KODIM,2024,30,Peserta Saka Wira Kartika,426652118_1
426652118,2,Olimpiade (Lainnya),Kabupaten/Kota,Berkelompok,TAPANULI SELATAN,2024,25,Lomba Cerdas Cermat,426652118_2
426652118,3,Pramuka/Organisasi Ekstrakurikuler,Kabupaten/Kota,Berkelompok,POLRES TAPSEL,2024,20,Peserta Perkemahan Saka Bhayangkara,426652118_3
426652537,1,Olimpiade Biologi,Nasional,Individu,LKP Pakar Akademi bekerja sama dengan Asosiasi Olimpiade Nusantara,2025,45,"Meraih Medali Emas pada ajang Kompetisi Siswa Nasional (KSN) bidang Biologi tingkat SMA dengan nilai A, diselenggarakan pada 12 Oktober 2025.",426652537_1
426662269,1,Olimpiade (Lainnya),Propinsi,Individu,JENIUS SAINS INDONESIA,2026,40,JUARA 1 BIDANG PKN,426662269_1
426662269,2,Olimpiade (Lainnya),Kabupaten/Kota,Individu,WALIKOTA SUBULUSSALAM,2023,35,PESERTA MTQ VIII KOTA SUBULUSSALAM,426662269_2
426662826,1,Olimpiade Biologi,Propinsi,Individu,Olimpiade sains nusantara jenius,2026,40,Juara 2,426662826_1
426662826,2,Olimpiade (Lainnya),Nasional,Individu,Olimpiade sains nusantara jenius,2026,45,Peraih mendali emas tingkat nasional,426662826_2
426666625,1,Olimpiade (Lainnya),Nasional,Individu,Olimpiade Sains Nusantara jenius,2026,45,Peraih medali emas,426666625_1
426666625,2,Olimpiade (Lainnya),Propinsi,Individu,Olimpiade Sains Nusantara jenius,2026,40,Peraih medali emas,426666625_2
426668442,1,Olimpiade Geografi,Kabupaten/Kota,Individu,OSN,2025,35,JUARA 2 OSN TINGKAT KABUPATEN MATA PELAJARAN GEOGRAFI,426668442_1
426668442,2,Pramuka/Organisasi Ekstrakurikuler,Kabupaten/Kota,Individu,OSIS SMAN 2 RANAH BATAHAN,2025,30,Pengurus inti OSIS periode 2024/2025,426668442_2
426668442,3,Pramuka/Organisasi Ekstrakurikuler,Kabupaten/Kota,Individu,PMR SMAN 2 RANAH BATAHAN,2025,30,Pengurus inti PMR 2023-2025,426668442_3
426669540,1,Olimpiade Ekonomi,Propinsi,Individu,Dinas Pendidikan Aceh,2025,40,Finalis Olimpiade Sains Nasional Tingkat Provinsi Aceh,426669540_1
426669540,2,Olimpiade Ekonomi,Kabupaten/Kota,Individu,Dinas Pendidikan Aceh,2025,35,Juara II Olimpiade Sains Nasional Tingkat Kabupaten,426669540_2
426671916,1,Olimpiade Kimia,Kabupaten/Kota,Individu,Cabang Dinas Wilayah Kabupaten Aceh Selatan,2024,35,sebagai peserta pada KSN tingkat Kabupaten,426671916_1
426671916,2,Olimpiade Kimia,Kabupaten/Kota,Individu,sebagai peserta pada KSN tingkat Kabupaten,2025,35,sebagai peserta pada KSN tingkat Kabupaten,426671916_2
426673171,1,Olimpiade Biologi,Kabupaten/Kota,Individu,Cabang Dinas Pendidikan Wilayah Kabupaten Aceh Selatan,2024,35,sebagai peserta OSN tingkat Kabupaten,426673171_1
426673171,2,Olimpiade Biologi,Kabupaten/Kota,Individu,Cabang Dinas Pendidikan Wilayah Kabupaten Aceh Selatan,2025,35,sebagai peserta OSN tingkat Kabupaten,426673171_2
426675118,1,Olimpiade (Lainnya),Nasional,Individu,Education Expo Id,2024,45,Peraih Predikat A (Sangat baik) Bidang Sosiologi Education Expo &amp; Science Olympiad 7 yang dilaksanakan secara serentak pada 10 Agustus 2025,426675118_1
426675118,2,Olimpiade (Lainnya),Nasional,Individu,Lembaga Kompetisi Indonesia,2024,45,Peraih Mendali Emas Bidang Sosiologi SMA Dirgantara Science Social Olympiad yang diselenggarakan pada 08 September 2024,426675118_2
426675118,3,Olimpiade Ekonomi,Nasional,Individu,Liga Olimpiade Indonesia,2024,45,Peraih Mendali Emas Bidang Ekonomi SMA Kompetisi Pelajar Germilang Indonesia yang diselenggarakan oleh Liga Olimpiade pada 12 Mei 2024.,426675118_3
426675829,1,Olimpiade (Lainnya),Nasional,Individu,Education Expo Id,2024,45,Peraih Predikat A (Sangat baik) Bidang Sosiologi Education Expo &amp; Science Olympiad tahun 2024 yang dilaksanakan secara serentak pada 1 September 2024,426675829_1
426675829,2,Olimpiade (Lainnya),Nasional,Individu,Lembaga Kompetisi Indonesia,2024,45,Peraih Mendali Emas Bidang Sosiologi SMA Dirgantara Science Social Olympiad yang diselenggarakan pada 08 September 2024,426675829_2
426675829,3,Olimpiade Geografi,Nasional,Individu,Pusat Olimpiade Sains Indonesia (POSI),2025,45,"Peraih Mendali Emas Bidang Geografi POSI &#34;Merdeka Science Competition 2025 Tingkat Mahasiswa, Guru dan Siswa Jenjang SD/MI/, SMP/MTs, dan SMA/MA/SMK yang dilaksanakan secara daring pada 31 Agustus 2025",426675829_3
426677530,1,Olimpiade Matematika,Kabupaten/Kota,Individu,Kementerian Agama,2025,35,Juara 1 Matematika Olimpiade Sain Madrasah (OSMA),426677530_1
426677530,2,Olimpiade Matematika,Kabupaten/Kota,Individu,Kementerian Agama,2025,35,Peserta Olimpiade Madrasah Indonesia (OMI),426677530_2
426678376,1,Olimpiade (Lainnya),Nasional,Individu,Lembaga Kompetisi Indonesia,2024,45,Peraih Mendali Emas Bidang Sosiologi SMA Dirgantara Science Social Olympiad yang diselenggarakan pada 08 September 2024,426678376_1
426678376,2,Olimpiade (Lainnya),Nasional,Individu,Education Expo Id,2024,45,Peraih Predikat A (Sangat baik) Bidang Sosiologi Education Expo &amp; Science Olympiad tahun 2024 yang dilaksanakan secara serentak pada 1 September 2024,426678376_2
426678376,3,Olimpiade Ekonomi,Nasional,Individu,Liga Olimpiade Indonesia,2024,45,Peraih Mendali Emas Ekonomi SMA Kompetisi Pelajar Germilang Indonesia yang diselenggarakan oleh Liga Olimpiade pada 12 Mei 2024.,426678376_3
426682619,1,Pramuka/Organisasi Ekstrakurikuler,Kabupaten/Kota,Individu,Camat,2025,30,Anggota paskibraka,426682619_1
426686203,1,Olimpiade Matematika,Propinsi,Individu,Pendidikan Generasi Berprestasi,2025,40,Medali Perak Bidang Matematika dalam ajang Olimpiade Sains Aceh Tingkat Provinsi Tahun 2025 yang diselenggarakan oleh Pendidikan Generasi Berprestasi,426686203_1
426686203,2,Olimpiade Ekonomi,Propinsi,Individu,Pendidikan Generasi Berprestasi,2025,40,Medali Emas Bidang Ekonomi dalam ajang Olimpiade Sains Aceh Tingkat Provinsi Tahun 2025 yang diselenggarakan oleh Pendidikan Generasi Berprestasi,426686203_2
426686203,3,Olimpiade Ekonomi,Kabupaten/Kota,Individu,Kementerian Agama Provinsi Aceh,2025,35,Medali Emas Bidang Ekonomi dalam ajang Olimpiade Sains Madrasah Aceh Tingkat Kota Subulussalam Tahun 2025 yang diselenggarakan oleh Kementerian Agama Provinsi Aceh,426686203_3
426686886,1,Olimpiade Ilmu Kebumian,Propinsi,Individu,Dinas Pendidikan Aceh,2025,40,Sebagai Peserta Lomba Olimpiade Sains Nasional,426686886_1
426686886,2,Drama/Sastra,Nasional,Individu,CV EMn Media,2025,40,Sebagai Peserta Lomba Inovasi Rima Dan Imajinasi Karya,426686886_2
426686886,3,Drama/Sastra,Nasional,Individu,CV EMN Media,2025,40,Sebagai Peserta Lomba Cipta Puisi,426686886_3
426687643,1,Seni Suara/Musik,Kabupaten/Kota,Individu,Cabang Dinas Pendidikan Wilayah Kabupaten Nagan Raya,2025,30,Juara 1 Menyanyi solo putri Festival Lomba Seni dan Sastra Siswa Nasional (FLS3N),426687643_1
426687928,1,Olimpiade Kimia,Nasional,Individu,University ID Education.,2026,45,Medali Emas Bidang Kimia dalam ajang Kompetisi Festival Olimpiade Tingkat Nasional Tahun 2026 yang diselenggarakan oleh University ID Education.,426687928_1
426687928,2,Olimpiade Biologi,Propinsi,Individu,Pendidikan Generasi Berprestasi,2025,40,Medali Perak Bidang Biologi dalam ajang Olimpiade Sains Aceh Tingkat Provinsi Tahun 2025 yang diselenggarakan oleh Pendidikan Generasi Berprestasi,426687928_2
426687928,3,Olimpiade Geografi,Propinsi,Individu,Kementerian Agama Provinsi Aceh,2025,40,Medali Emas Bidang Geografi dalam ajang Olimpiade Sains Madrasah Aceh Tingkat Provinsi Tahun 2025 yang diselenggarakan oleh Kementerian Agama Provinsi Aceh,426687928_3
426688774,1,Olimpiade Biologi,Propinsi,Individu,Pendidikan Generasi Berprestasi,2025,40,Medali Emas Bidang Biologi dalam ajang Olimpiade Sains Aceh Tingkat Provinsi Tahun 2025 yang diselenggarakan oleh Pendidikan Generasi Berprestasi,426688774_1
426688774,2,Olimpiade Matematika,Propinsi,Individu,Kementerian Agama Provinsi Aceh,2025,40,Medali Emas Bidang Matematika dalam ajang Olimpiade Sains Madrasah Aceh Tingkat Provinsi Tahun 2025 yang diselenggarakan oleh Kementerian Agama Provinsi Aceh,426688774_2
426688774,3,Drama/Sastra,Kabupaten/Kota,Berkelompok,STIT Hamzah Fansyuri,2023,20,Juara 1 Lomba Debat Bahasa Indonesia STIT Hamzah Fansyuri Kota Subulussalam Tahun 2023,426688774_3
426688884,1,Olimpiade Matematika,Kabupaten/Kota,Individu,Komunitas Guru Penggerak Kabupaten Aceh Tenggara,2024,35,Juara I Kompetensi Sains Nasional Bidang Matematika Tingkat Kabupaten Aceh Tenggara,426688884_1
426689208,1,Olimpiade Matematika,Nasional,Individu,University ID Education.,2026,45,Medali Emas Bidang Matematika dalam ajang Kompetisi Festival Olimpiade Tingkat Nasional Tahun 2026 yang diselenggarakan oleh University ID Education.,426689208_1
426689208,2,Olimpiade Ekonomi,Nasional,Individu,University ID Education.,2026,45,Juara 2 Lomba Bidang Ekonomi dalam ajang Kompetisi Festival Olimpiade Tingkat Nasional Tahun 2026 yang diselenggarakan oleh University ID Education.,426689208_2
426689208,3,Olimpiade Biologi,Nasional,Individu,University ID Education.,2026,45,Juara 1 Bidang Biologi dalam ajang Kompetisi Festival Olimpiade Tingkat Nasional Tahun 2026 yang diselenggarakan oleh University ID Education.,426689208_3
426690097,1,Olimpiade (Lainnya),Kabupaten/Kota,Individu,Para panitia di prodi akuntansi,2023,35,Juara 2 dari 10 peserta yang mengikuti lomba public speaking,426690097_1
426690099,1,Seni Rupa/Lukis,Kabupaten/Kota,Individu,Dinas Pendidikan Aceh,2024,30,"Juara 2,Lomba FLS2N, cabang kriya, tingkat kabupaten tahun 2024",426690099_1
426690099,2,Seni Rupa/Lukis,Kabupaten/Kota,Individu,Dinas Pendidikan Aceh,2025,30,"Juara 1,Lomba FLS3N cabang kriya, tingkat kabupaten tahun 2025",426690099_2
426690099,3,Seni Rupa/Lukis,Propinsi,Individu,Dinas Pendidikan Aceh,2025,35,"Finalis, Lomba FLS3N, cabang kriya, tingkat provinsi, tahun 2025",426690099_3
426690103,1,Olimpiade (Lainnya),Kabupaten/Kota,Individu,DINAS PENDIDIKAN KABUPATEN NAGAN RAYA,2025,35,Juara 1 Pembicara terbaik tingkat kabupaten lomba debat bahasa indonesia,426690103_1
426690103,2,Olimpiade (Lainnya),Kabupaten/Kota,Berkelompok,DINAS PENDIDIKAN KABUPATEN NAGAN RAYA,2025,25,Juara 1 kelompok tingkat kabupaten nagan raya lomba debat bahasa indonesia,426690103_2
426690103,3,Olimpiade (Lainnya),Propinsi,Berkelompok,DINAS PENDIDIKAN ACEH,2025,30,FINALIS TOP 7 TINGKAT PROVINSI LOMBA DEBAT BAHASA INDONESIA,426690103_3
426690210,1,Seni Rupa/Lukis,Kabupaten/Kota,Individu,SMA Negeri 2 Kuala Kabupaten Nagan Raya,2025,30,Juara 1 Classmeet SMAN 2 Kuala Kabupaten Nagan Raya,426690210_1
426690236,1,Seni Rupa/Lukis,Kabupaten/Kota,Individu,SMAN2 KUALA,2025,30,"juara 2 Classmeeting SMAN 2 Kuala Kab. Nagan Raya Tahun 2025, Berhasil meraih juara pada lomba Poster Digital dengan karya yang kreatif, komunikatif, dan inovatif, serta mampu menyampaikan pesan secara efektif melalui komposisi warna, tipografi, dan tata letak yang harmonis sesuai tema lomba.",426690236_1
426690477,1,Olimpiade (Lainnya),Kabupaten/Kota,Berkelompok,SMAN 2 kuala kabupaten nagan raya,2025,25,juara 2 classmeet SMAN 2 kuala kabupaten nagan raya 2025,426690477_1
426690579,1,Seni Suara/Musik,Nasional,Individu,SMAN 2 KUALA,2025,40,Juara 2 Vocal solo dari 10 peserta,426690579_1
426690727,1,Seni Rupa/Lukis,Kabupaten/Kota,Individu,SMA negeri 2 kuala kabupaten Nagan Raya,2025,30,juara 1 clasmeet SMAN 2 kuala kabupaten Nagan Raya tahun 2025,426690727_1
426690846,1,Seni Rupa/Lukis,Kabupaten/Kota,Individu,SMA NEGERI 2 KUALA,2025,30,"JUARA2 classmeting sman 2 kuala kab. Nagan raya tahun 2025, Meraih juara dalam lomba Poster Digital karena mampu menampilkan ide kreatif, pesan komunikatif, serta desain visual yang menarik dan inovatif sesuai dengan tema yang ditentukan.",426690846_1
426690862,1,Pramuka/Organisasi Ekstrakurikuler,Kabupaten/Kota,Berkelompok,KESBANGPOL KAB. NAGAN RAYA,2024,20,PASKIBRAKA KAB. NAGAN RAYA,426690862_1
426690862,2,Pramuka/Organisasi Ekstrakurikuler,Kabupaten/Kota,Berkelompok,KORAMIL KEC. KUALA KAB NAGAN RAYA,2024,20,LOMBA PBB TINGKAT SMA,426690862_2
426690862,3,Pramuka/Organisasi Ekstrakurikuler,Kabupaten/Kota,Individu,SMAN 2 KUALA Kab Nagan Raya,2024,30,Kepala Bidang KEBANGGSAAN,426690862_3
426691130,1,Olimpiade (Lainnya),Propinsi,Individu,Jenius competition,2026,40,Finalis olimpiade sains nusantara jenius tingkat provinsi pada tahun 2026,426691130_1
426691130,2,Pramuka/Organisasi Ekstrakurikuler,Kabupaten/Kota,Individu,Sekolah,2024,30,PENGURUS PADA ORGANISASI SISWA INTRA SEKOLAH,426691130_2
426691130,3,Olimpiade (Lainnya),Kabupaten/Kota,Individu,NURUL IKHWAH,2023,35,Thafiz qur&#39;an 4 juz tahun 2023,426691130_3
426691636,1,Olahraga,Kabupaten/Kota,Individu,DPK IKPTK,2023,30,Juara 3 kejuaraan pencak silat ikptk,426691636_1
426697595,1,Olimpiade (Lainnya),Nasional,Individu,Sman 1 Meulaboh,2025,45,Tingkat kemahiran Madya dari 205 siswa,426697595_1
426700341,1,Olimpiade (Lainnya),Kabupaten/Kota,Individu,SMA N 1 MEULABOH,2026,35,tingkat kemahiran sangat unggul ke 2 dari 205 siswa,426700341_1
426701607,1,Olimpiade (Lainnya),Kabupaten/Kota,Individu,pondok pesantren mardhatillah,2025,35,terbaik IV,426701607_1
426703230,1,Pramuka/Organisasi Ekstrakurikuler,Kabupaten/Kota,Individu,Dinas Pendidikan,2025,30,"juara 3 lomba renang,tingkat kabupaten",426703230_1
426708771,1,Olimpiade Biologi,Nasional,Individu,Yayasan Prestasi Maju Indonesia(PRESMANESIA),2026,45,Peraih Medali Emas Bidang Biologi - Pekan Sains &amp; Olimpiade Nasional (PESONA) 2026 - Tingkat Nasional - 2026 - Diselenggarakan Oleh Yayasan Prestasi Maju Indonesia (PRESMANESIA),426708771_1
426712633,1,Olimpiade Matematika,Kabupaten/Kota,Individu,SMA N 1 BUBON,2025,35,juara 3 olimpiade sains sekolah bidang matematika 2025,426712633_1
426713108,1,Pramuka/Organisasi Ekstrakurikuler,Kabupaten/Kota,Berkelompok,Camat Simeulue Tengah,2024,20,Paskibra,426713108_1
426713108,2,Olimpiade Matematika,Kabupaten/Kota,Individu,Ketua MKKS,2021,35,Juara lll OSN,426713108_2
426713108,3,Olimpiade (Lainnya),Kabupaten/Kota,Individu,Kepala Sekolah,2023,35,Juara 1 (Lomba Kelas),426713108_3
426716355,1,Pramuka/Organisasi Ekstrakurikuler,Kabupaten/Kota,Individu,Man 1 bireuen,2026,30,Sebagai anggota bidang keagamaan OSIM MAN 1 Bireuen periode 2025/2026,426716355_1
426716430,1,Olimpiade (Lainnya),Kabupaten/Kota,Individu,sekolah sma negri 1 labuhanhaji barat,2025,35,juara 2,426716430_1
426716430,2,Seni Rupa/Lukis,Kabupaten/Kota,Individu,cabang dinas aceh selatan,2025,30,finalis lomba seni kriya,426716430_2
426716430,3,Seni Rupa/Lukis,Kabupaten/Kota,Individu,cabang dinas aceh selatan,2024,30,finalis lomba seni kriya,426716430_3
426718114,1,Olimpiade (Lainnya),Kabupaten/Kota,Berkelompok,Cabang Dinas Pendidikan Wilayah Kab.Aceh Selatan,2023,25,Seleksi Duta Pelajar KAMTIBNAS Tingkat SMA/SMK Se-Kabupaten Aceh Selatan,426718114_1
426718803,1,Olimpiade (Lainnya),Kabupaten/Kota,Individu,Dayah Terpadu Al-Muslimun,2026,35,Hafalan Al-Qur&#39;an 20 Juz,426718803_1
426718803,2,Olimpiade (Lainnya),Nasional,Individu,Lembaga Kompotensi Nasional,2024,45,Peraih Medali Perak Tingkat Nasional Mata Pelajaran Bahasa Inggris ( OLIMPIADE SAINS INDONESIA ),426718803_2
426718803,3,Olimpiade (Lainnya),Nasional,Individu,Smart Student,2026,45,Peraih Medali Perunggu Tingkat Nasional Mata Pelajaran Bahasa Inggris SMA ( KOMPETISI PRESTASI EMAS NUSANTARA),426718803_3
426721558,1,Olimpiade (Lainnya),Kabupaten/Kota,Individu,SMA N 1 Labuhan haji barat,2025,35,piagam penghargaan sertifikat prestasi juara 1 dikelas,426721558_1
426721558,2,Pramuka/Organisasi Ekstrakurikuler,Kabupaten/Kota,Berkelompok,SMA N 1 Labuhan haji barat,2025,20,piagam penghargaan anggota Pramuka,426721558_2
426721558,3,Pramuka/Organisasi Ekstrakurikuler,Kabupaten/Kota,Berkelompok,SMAN 1 Labuhan haji barat,2025,20,piagam penghargaan anggota OSIS,426721558_3
426728408,1,Pramuka/Organisasi Ekstrakurikuler,Kabupaten/Kota,Berkelompok,OSIS,2025,20,penghargaan anggota osis,426728408_1
426731301,1,Seni Rupa/Lukis,Kabupaten/Kota,Individu,Dinas pendidikan Aceh singkil,2025,30,Juara 1 lomba komik digital tingkat kabupaten Aceh singkil,426731301_1
426734862,1,Olimpiade (Lainnya),Internasional,Individu,HP Foundation (HP LIFE Global),2026,50,"Sertifikasi internasional dari HP Foundation dalam penguasaan AI untuk profesional bisnis. Saya telah menguasai penggunaan perangkat AI secara etis dan penyusunan prompt yang efektif untuk optimasi operasional bisnis, yang menjadi modal utama saya untuk unggul di program studi Bisnis Digital.",426734862_1
426734862,2,Olimpiade Ekonomi,Nasional,Individu,PT. Jenius Sains Indonesia,2026,45,Menjadi peserta dalam perlombaan akademik tingkat nasional bidang Ekonomi. Kegiatan ini saya ikuti secara daring untuk terus mengasah literasi keuangan dan kemampuan pemecahan masalah ekonomi secara mandiri.,426734862_2
426734862,3,Olimpiade Ekonomi,Nasional,Individu,PT. Lentera Pendidikan Indonesia,2025,45,Berpartisipasi aktif dalam kompetisi akademik tingkat nasional untuk menguji literasi ekonomi dan wawasan manajerial secara kompetitif. Pengalaman ini merupakan bagian dari upaya berkelanjutan saya dalam memperdalam pemahaman mengenai mekanisme pasar dan pengambilan keputusan bisnis yang strategis.,426734862_3
426736983,2,Drama/Sastra,Kabupaten/Kota,Individu,Cabang Dinas Pendidikan (Cabdin) Wilayah Kabupaten Nagan Raya,2025,30,Juara 2 lomba Bidang Lomba Menulis Cerita Pendek Tingkat Kabupaten diselenggarakan oleh Cabang Dinas Pendidikan (Cabdin) Wilayah Kabupaten Nagan Raya,426736983_2
426737381,1,Pramuka/Organisasi Ekstrakurikuler,Kabupaten/Kota,Individu,aceh barat,2022,30,mengikuti kegiatan pramuka,426737381_1
426742107,1,Olimpiade (Lainnya),Nasional,Individu,Pusat Olimpiade Sains Indonesia (POSI),2023,45,Mendali Perunggu,426742107_1
426742107,2,Olimpiade (Lainnya),Propinsi,Individu,Dinas Perhubungan Aceh,2024,40,Peserta Pelajar Pelopor Keselamatan Lalu lintas dan Angkutan Jalan Tingkat Provinsi Aceh,426742107_2
426742107,3,Olimpiade (Lainnya),Kabupaten/Kota,Individu,Cabang Dinas Pendidikan Wilayah kabupaten Aceh jaya,2023,35,Peserta Duta Sadar Hukum SMA/SMK Tingkat Kabupaten Aceh Jaya,426742107_3
426749970,1,Olimpiade Kimia,Kabupaten/Kota,Individu,SMA Negeri 1 Gunung Meriah - Cabang Dinas Pendidikan Aceh Wilayah Kabupaten Aceh Singkil,2025,35,Sebagai peserta Olimpiade Sains Nasional (OSN) Tingkat Kabupaten Aceh Singkil Bidang Kimia,426749970_1
426750680,1,Olimpiade Biologi,Internasional,Individu,International Science Olympiad,2025,50,This certificate is proudly presentes to MAGHFIRAH ZAHRA as a Finalist of 24.687 Participants in International Science Olimpiad - 9th,426750680_1
426750680,2,Olimpiade (Lainnya),Propinsi,Individu,Komunitas Duta Pelajar Anti Narkoba Indonesia,2025,40,Sebagai Duta Pelajar Anti Narkoba Provinsi Aceh 2025 (mewakili Kabupaten Aceh Singkil),426750680_2
426750680,3,Olimpiade Kimia,Kabupaten/Kota,Individu,SMA Negeri 1 Gunung Meriah - Cabang Dinas Pendidikan Aceh Wilayah Kabupaten Aceh Singkil,2025,35,Sebagai peserta Olimpiade Sains Nasional Tingkat Kabupaten Aceh Singkil Bidang Mata Pelajaran Kimia,426750680_3
426751672,1,Drama/Sastra,Kabupaten/Kota,Berkelompok,Cabang Dinas Pendidikan Wilayah Kabupaten Aceh Tenggara,2025,20,Juara 3 lomba debat Bahasa Inggris tingkat SMK yang diselenggarakan oleh cabang dinas pendidikan wilayah kabupaten Aceh Tenggara pada tanggal 25-26 juli tahun 2025.,426751672_1
426751672,2,Olimpiade (Lainnya),Kabupaten/Kota,Individu,FORUM MGMP BA,2025,35,Juara harapan 2 Olimpiade Bahasa Arab (OBA) se-indonesia.,426751672_2
426751672,3,Penelitian,Kabupaten/Kota,Individu,PT. Kudeungoe Sugata Indonesia,2025,30,Kegiatan Praktik Kerja Lapangan (PKL) dalam daerah siswa &amp; siswi SMK-PP Negeri Kutacane,426751672_3
426753766,1,Olimpiade (Lainnya),Kabupaten/Kota,Berkelompok,SMA NEGERI 1 KAWAY XVI,2023,25,juara 1 (dari 32 siswa) juara kelas,426753766_1
426753766,2,Olimpiade (Lainnya),Kabupaten/Kota,Berkelompok,SMA NEGERI 1 KAWAY XVI,2023,25,juara 1 (dari 32 siswa) juara kelas,426753766_2
426757037,1,Olahraga,Kabupaten/Kota,Individu,Dinas Pendidikan,2024,30,juara 1 (dari 7 peserta tingkat kab.aceh singkil),426757037_1
426757037,2,Olahraga,Kabupaten/Kota,Individu,Dinas pendidikan,2025,30,juara 3(dari 3 peserta tingkat kab.aceh singkil),426757037_2
426757037,3,Drama/Sastra,Kabupaten/Kota,Individu,Dinas pendidikan,2025,30,juara 3 (dari 11 peserta ditingkat kab.aceh singkil),426757037_3
426758630,1,Olimpiade Matematika,Kabupaten/Kota,Individu,Piagam penghargaan,2025,35,Mewakili,426758630_1
426761183,1,Penelitian,Propinsi,Berkelompok,"BPBAP UJUNG BATEE, BANDA ACEH",2025,25,PRAKERIN TEKNIK KULTUR NANNOCHLOROPIS SP. BPBAP UJUNG BATEE DENGAN PREDIKAT SANGAT BAIK (A),426761183_1
426762329,1,Olimpiade Biologi,Kabupaten/Kota,Individu,Direktorat Kurikulum Sarana Kelembagaan dan Kesiswaan Direktorat Jenderal Pendidikan Islam Kementerian Agama Republik Indonesia,2025,35,Juara 2 Olimpiade Madrasah Indonesia (OMI) Bidang Sains,426762329_1
426762329,2,Olimpiade (Lainnya),Kabupaten/Kota,Individu,Kantor Kementerian Agama Kota Subulussalam,2026,35,Juara 3 Lomba Siswa Berprestasi dalam rangka Hari Amal Bakti ke 80 Tahun 2026,426762329_2
426766967,1,Seni Tari,Kabupaten/Kota,Berkelompok,Universitas Teuku Umar,2025,20,Juara 2 dalam Kompetisi Tari Kreasi tingkat SMA,426766967_1
426772978,1,Olimpiade (Lainnya),Propinsi,Individu,Bimbel Bintang Pelajar,2024,40,Sebagai Juara 1 peserta penuyisihan TK sekolah kelas 10 &#34;Kompetensi Nasional Penalaran Skolastik UTBK -SNBT 2024,426772978_1
426772978,2,Olimpiade (Lainnya),Kabupaten/Kota,Individu,SMA Negeri 2 Simeulue Barat,2025,35,Program Hafalan wajib Juz 30 tingkat sekolah,426772978_2
426772978,3,Olimpiade (Lainnya),Kabupaten/Kota,Individu,SMA Negeri 2 Simeulue Barat,2025,35,Juara II. Debat Bahasa Indonesia tingkat sekolah,426772978_3
426773453,1,Olimpiade (Lainnya),Kabupaten/Kota,Individu,SMA Negeri 2 Simeulue Barat,2025,35,Juara 2 Lombah cerama agama tingkat sekolah pada kegiatan memperingati isra miraj,426773453_1
426773453,2,Olimpiade (Lainnya),Kabupaten/Kota,Individu,SMA Negeri 2 Simeulue Barat,2025,35,Juara 1 Lomba Desain poster pada kegiatan ekstrakurikuler,426773453_2
426773453,3,Olimpiade (Lainnya),Kabupaten/Kota,Individu,SMA Negeri 2 Simeulue Barat,2025,35,Juara 1 lomba cerdas cermat pada kegiatan ekstrakurikuler,426773453_3
426778085,1,Olimpiade (Lainnya),Kabupaten/Kota,Individu,SMA Negeri Unggul Tapaktuan,2025,35,juara 1rangking 1 agama SOB 2025 tingkat kabupaten Aceh Selatan,426778085_1
426778085,2,Olimpiade (Lainnya),Kabupaten/Kota,Berkelompok,SMA Negeri 1 Samadua,2025,25,juara 1 cerdas cermat FIBETA 2025 tingkat kabupaten Aceh Selatan,426778085_2
426779299,1,Olimpiade (Lainnya),Kabupaten/Kota,Berkelompok,Cabang Dinas Pendidikan Wilayah Kabupaten Aceh Barat,2024,25,Juara 3 Duta Pelajar Sadar Hukum,426779299_1
426779299,2,Pramuka/Organisasi Ekstrakurikuler,Kabupaten/Kota,Berkelompok,Badan Kesbangpol,2024,20,Anggota Paskibraka Kabupaten Aceh Barat,426779299_2
426779299,3,Olimpiade (Lainnya),Kabupaten/Kota,Berkelompok,Dinas Pendidikan Aceh,2024,25,berpartisipasi dalam lomba debat Bahasa Inggris tingkat Provinsi Aceh mewakili Aceh Barat,426779299_3
426782357,1,Olimpiade (Lainnya),Kabupaten/Kota,Individu,Kegiatan tusa fair 2023,2023,35,Juara dalam kegiatan tusa fair 2023,426782357_1
426782357,3,Olimpiade (Lainnya),Kabupaten/Kota,Individu,Madin babuttaqwa,2018,35,Juara 3,426782357_3
426790281,1,Olimpiade (Lainnya),Kabupaten/Kota,Individu,Universitas Teuku Umar,2024,35,"Juara 2 Tingkat Provinsi Olympiad For Competency in English, Agro, and Marine Industry (OCEAN)",426790281_1
426790281,2,Olimpiade Ekonomi,Kabupaten/Kota,Berkelompok,IKAMSA,2025,25,Juara 3 Lomba IKAMSA Bussiness Proposal,426790281_2
426790281,3,Olimpiade (Lainnya),Internasional,Individu,Universiti Malaysia Trengganu (UMT),2025,50,"Delegasi Sekolah dari Seleksi Internal English, Public Speaking and Math Olympiad tingkat ASEAN in Universiti Malaysia Trengganu",426790281_3
426791124,1,Olimpiade (Lainnya),Kabupaten/Kota,Berkelompok,Kepala Desa Silengas,2025,25,Juara 1 lomba sholat jenaza,426791124_1
426791124,2,Pramuka/Organisasi Ekstrakurikuler,Kabupaten/Kota,Berkelompok,Camat Simeulue Tengah,2024,20,Anggota Paskibra,426791124_2
426791124,3,Olimpiade (Lainnya),Kabupaten/Kota,Berkelompok,Kepala Perwakilan BKKBN aceh,2023,25,Anggota bkkb,426791124_3
426799205,1,Pramuka/Organisasi Ekstrakurikuler,Kabupaten/Kota,Berkelompok,Camat Simeulue Tengah,2025,20,Anggota paskibra,426799205_1
426799205,2,Pramuka/Organisasi Ekstrakurikuler,Kabupaten/Kota,Berkelompok,Camat Simeulue Tengah,2024,20,Anggota paskibra,426799205_2
426799205,3,Olimpiade (Lainnya),Kabupaten/Kota,Individu,Kepala Desa Dihit,2024,35,Juara ll Tartil Qur&#39;an,426799205_3
426799206,1,Seni Tari,Propinsi,Berkelompok,Pekan Kebudayaan Aceh,2023,25,"Berpartisipasi sebagai Penari Kreasi Tradisional pada Pekan Kebudayaan Aceh ke-8 tingkat provinsi di Banda Aceh (4–12 November 2023), menampilkan pertunjukan seni budaya daerah serta berkontribusi dalam pelestarian budaya lokal.",426799206_1
426799206,2,Seni Rupa/Lukis,Kabupaten/Kota,Individu,Dekranasda Aceh Singkil,2023,30,Juara 9 dari 10 peserta,426799206_2
426799206,3,Olahraga,Propinsi,Individu,Koni Aceh,2021,35,Berpartisipasi sebagai Peserta cabang Degen pada Pekan Olahraga Aceh (Pra PORA) tingkat provinsi di Banda Aceh ( 22 s.d 28 November 2021 ),426799206_3
426802560,1,Olimpiade (Lainnya),Nasional,Individu,Bebras Indonesia,2024,45,Peserta lomba Bebras challenge 2024,426802560_1
426814109,1,Olimpiade (Lainnya),Propinsi,Individu,UNIVERSITY ID,2025,40,JUARA 3 OLIMPIADE PSIKOLOGI TINGKAT PROVINSI,426814109_1
426814109,2,Olimpiade Biologi,Propinsi,Individu,UNIVERSITY ID,2025,40,PERINGKAT 6 OLIMPIADE BIOLOGI TINGKAT PROVINSI,426814109_2
426814109,3,Olimpiade Biologi,Nasional,Individu,UNIVERSITY ID,2025,45,FINALIS KOMPETISI OLIMPIADE BIOLOGI NASIONAL,426814109_3
426822375,1,Pramuka/Organisasi Ekstrakurikuler,Kabupaten/Kota,Berkelompok,cabang gerakan pramuka,2024,20,peserta pramuka,426822375_1
426822375,2,Olimpiade (Lainnya),Kabupaten/Kota,Individu,Camat Simeulue Tengah,2022,35,juara lv lomba tilawatil Qur&#39;an,426822375_2
426822375,3,Olimpiade Komputer,Kabupaten/Kota,Individu,Direktur Media com,2022,35,Juara lll lomba cursus computer,426822375_3
426833562,1,Olahraga,Kabupaten/Kota,Individu,GUBERNUR ACEH,2024,30,Sebagai peserta POPDA Aceh XVII di Aceh Timur pada tahun 2024,426833562_1
426834127,3,Olimpiade (Lainnya),Kabupaten/Kota,Berkelompok,Dinas Pendidikan Kabupaten Aceh Barat,2023,25,Mengikuti lomba Duta Pelajar Kamtibmas antar Sekolah se-Kabupaten Aceh Barat,426834127_3
426838102,1,Olimpiade (Lainnya),Propinsi,Berkelompok,"Kementerian Pendidikan, Kebudayaan, Riset, Dan Teknologi",2024,30,Juara 1 Kihajar STEM tingkat Provinsi Aceh,426838102_1
426838102,2,Olahraga,Propinsi,Individu,Polda Aceh,2025,35,Juara 2 Kejurda Merpati Putih Piala Kapolda Aceh 2025,426838102_2
426838471,1,Olimpiade Kimia,Kabupaten/Kota,Individu,Kementerian Agama Republik Indonesia,2025,35,Peserta dalam kompetisi Olimpiade Madrasah Indonesia tahun 2025 yang diselenggarakan oleh Kementerian Agama Republik Indonesia,426838471_1
426840562,1,Pramuka/Organisasi Ekstrakurikuler,Nasional,Berkelompok,Kwarnas gerakan Pramuka (jakarta),2022,30,Partisipasi,426840562_1
426840562,2,Olimpiade (Lainnya),Kabupaten/Kota,Individu,MTQ Desa lasikin,2025,35,Juara 2,426840562_2
